log_date,trip_name,dest,days_to_depart,price_hkd,airlines,flight_numbers,out_stops,dest_airport,out_dep,out_arr,out_duration_min,via,query_type,in_best,depart_date,return_date,log_ts_utc
2026-08-05,XMAS-2026,TYO,137,4379,UO,UO628,0,HND,2026-12-20 19:55,2026-12-21 00:45,230,,nonstop,1,2026-12-20,2027-01-03,2026-08-05 07:07:55
2026-08-05,XMAS-2026,TYO,137,4829,UO,UO622,0,HND,2026-12-20 17:55,2026-12-20 22:45,230,,nonstop,0,2026-12-20,2027-01-03,2026-08-05 07:07:55
2026-08-05,XMAS-2026,TYO,137,4829,UO,UO624,0,HND,2026-12-20 23:55,2026-12-21 04:45,230,,nonstop,0,2026-12-20,2027-01-03,2026-08-05 07:07:55
2026-08-05,XMAS-2026,TYO,137,5959,UO,UO650,0,NRT,2026-12-20 14:00,2026-12-20 19:05,245,,nonstop,0,2026-12-20,2027-01-03,2026-08-05 07:07:55
2026-08-05,XMAS-2026,TYO,137,5959,UO,UO652,0,NRT,2026-12-20 14:55,2026-12-20 20:00,245,,nonstop,0,2026-12-20,2027-01-03,2026-08-05 07:07:55
2026-08-05,XMAS-2026,TYO,137,5979,UO,UO854,0,NRT,2026-12-20 02:00,2026-12-20 07:05,245,,nonstop,0,2026-12-20,2027-01-03,2026-08-05 07:07:55
2026-08-05,XMAS-2026,TYO,137,5979,UO,UO646,0,NRT,2026-12-20 13:00,2026-12-20 18:05,245,,nonstop,0,2026-12-20,2027-01-03,2026-08-05 07:07:55
2026-08-05,XMAS-2026,TYO,137,6379,UO,UO848,0,NRT,2026-12-20 09:20,2026-12-20 14:25,245,,nonstop,0,2026-12-20,2027-01-03,2026-08-05 07:07:55
2026-08-05,XMAS-2026,TYO,137,6379,UO,UO870,0,NRT,2026-12-20 10:50,2026-12-20 15:55,245,,nonstop,0,2026-12-20,2027-01-03,2026-08-05 07:07:55
2026-08-05,XMAS-2026,TYO,137,6549,NH,NH860,0,HND,2026-12-20 14:20,2026-12-20 19:15,235,,nonstop,1,2026-12-20,2027-01-03,2026-08-05 07:07:55
2026-08-05,XMAS-2026,TYO,137,6591,HB,HB320,0,NRT,2026-12-20 09:05,2026-12-20 14:10,245,,nonstop,1,2026-12-20,2027-01-03,2026-08-05 07:07:55
2026-08-05,XMAS-2026,TYO,137,7149,NH,NH814,0,HND,2026-12-20 00:05,2026-12-20 04:55,230,,nonstop,0,2026-12-20,2027-01-03,2026-08-05 07:07:55
2026-08-05,XMAS-2026,TYO,137,9389,CX,CX524,0,NRT,2026-12-20 01:25,2026-12-20 06:30,245,,nonstop,0,2026-12-20,2027-01-03,2026-08-05 07:07:55
2026-08-05,XMAS-2026,TYO,137,9389,CX,CX526,0,NRT,2026-12-20 08:15,2026-12-20 13:10,235,,nonstop,0,2026-12-20,2027-01-03,2026-08-05 07:07:55
2026-08-05,XMAS-2026,TYO,137,9389,CX,CX504,0,NRT,2026-12-20 09:05,2026-12-20 14:10,245,,nonstop,0,2026-12-20,2027-01-03,2026-08-05 07:07:55
2026-08-05,XMAS-2026,TYO,137,9389,CX,CX520,0,NRT,2026-12-20 10:30,2026-12-20 15:35,245,,nonstop,0,2026-12-20,2027-01-03,2026-08-05 07:07:55
2026-08-05,XMAS-2026,TYO,137,9389,CX,CX500,0,NRT,2026-12-20 15:25,2026-12-20 20:20,235,,nonstop,0,2026-12-20,2027-01-03,2026-08-05 07:07:55
2026-08-05,XMAS-2026,TYO,137,10259,NH,NH812,0,NRT,2026-12-20 10:00,2026-12-20 15:10,250,,nonstop,0,2026-12-20,2027-01-03,2026-08-05 07:07:55
2026-08-05,XMAS-2026,TYO,137,10449,JL,JL736,0,NRT,2026-12-20 10:20,2026-12-20 15:20,240,,nonstop,0,2026-12-20,2027-01-03,2026-08-05 07:07:55
2026-08-05,XMAS-2026,TYO,137,11193,CX,CX542,0,HND,2026-12-20 16:30,2026-12-20 21:15,225,,nonstop,0,2026-12-20,2027-01-03,2026-08-05 07:07:55
2026-08-05,XMAS-2026,TYO,137,11653,CX,CX548,0,HND,2026-12-20 08:55,2026-12-20 13:45,230,,nonstop,0,2026-12-20,2027-01-03,2026-08-05 07:07:55
2026-08-05,XMAS-2026,TYO,137,11691,JL,JL26,0,HND,2026-12-20 15:35,2026-12-20 20:25,230,,nonstop,0,2026-12-20,2027-01-03,2026-08-05 07:07:55
2026-08-05,XMAS-2026,SDJ,137,6299,UO,UO890,0,SDJ,2026-12-20 09:00,2026-12-20 14:05,245,,nonstop,0,2026-12-20,2027-01-03,2026-08-05 07:07:55
2026-08-05,XMAS-2026,CTS,137,7226,HB,HB2886,0,CTS,2026-12-20 01:15,2026-12-20 07:00,285,,nonstop,1,2026-12-20,2027-01-03,2026-08-05 07:07:55
2026-08-05,XMAS-2026,CTS,137,7636,HB,HB880,0,CTS,2026-12-20 09:15,2026-12-20 15:00,285,,nonstop,1,2026-12-20,2027-01-03,2026-08-05 07:07:55
2026-08-05,XMAS-2026,CTS,137,17186,CX,CX580,0,CTS,2026-12-20 09:10,2026-12-20 14:50,280,,nonstop,0,2026-12-20,2027-01-03,2026-08-05 07:07:55
2026-08-05,XMAS-2026,CTS,137,17186,CX,CX584,0,CTS,2026-12-20 10:25,2026-12-20 15:55,270,,nonstop,0,2026-12-20,2027-01-03,2026-08-05 07:07:55
2026-08-05,XMAS-2026,CTS,137,17186,CX,CX586,0,CTS,2026-12-20 12:25,2026-12-20 17:50,265,,nonstop,0,2026-12-20,2027-01-03,2026-08-05 07:07:55
2026-08-05,XMAS-2026,CTS,137,7226,HB,HB2886,0,CTS,2026-12-20 01:15,2026-12-20 07:00,285,,any,1,2026-12-20,2027-01-03,2026-08-05 07:07:55
2026-08-05,XMAS-2026,CTS,137,7636,HB,HB880,0,CTS,2026-12-20 09:15,2026-12-20 15:00,285,,any,1,2026-12-20,2027-01-03,2026-08-05 07:07:55
2026-08-05,XMAS-2026,CTS,137,8520,KE,KE2012>KE769,1,CTS,2026-12-20 00:55,2026-12-20 15:40,825,ICN,any,0,2026-12-20,2027-01-03,2026-08-05 07:07:55
2026-08-05,XMAS-2026,CTS,137,8783,NH,NH860>NH51,1,CTS,2026-12-20 14:20,2026-12-21 08:30,1030,HND,any,0,2026-12-20,2027-01-03,2026-08-05 07:07:55
2026-08-05,XMAS-2026,CTS,137,9282,NH,NH860>NH987,1,CTS,2026-12-20 14:20,2026-12-21 07:50,990,HND,any,0,2026-12-20,2027-01-03,2026-08-05 07:07:55
2026-08-05,XMAS-2026,CTS,137,15019,CX,CX580,0,CTS,2026-12-20 09:10,2026-12-20 14:50,280,,any,1,2026-12-20,2027-01-03,2026-08-05 07:07:55
2026-08-05,XMAS-2026,CTS,137,15019,CX,CX584,0,CTS,2026-12-20 10:25,2026-12-20 15:55,270,,any,0,2026-12-20,2027-01-03,2026-08-05 07:07:55
2026-08-05,XMAS-2026,CTS,137,15019,CX,CX586,0,CTS,2026-12-20 12:25,2026-12-20 17:50,265,,any,0,2026-12-20,2027-01-03,2026-08-05 07:07:55
2026-08-05,CNY-2027-before,TYO,178,3249,UO,UO646,0,NRT,2027-01-30 13:00,2027-01-30 18:05,245,,nonstop,0,2027-01-30,2027-02-07,2026-08-05 07:07:55
2026-08-05,CNY-2027-before,TYO,178,3249,UO,UO650,0,NRT,2027-01-30 14:00,2027-01-30 19:05,245,,nonstop,0,2027-01-30,2027-02-07,2026-08-05 07:07:55
2026-08-05,CNY-2027-before,TYO,178,3249,UO,UO652,0,NRT,2027-01-30 14:55,2027-01-30 20:00,245,,nonstop,0,2027-01-30,2027-02-07,2026-08-05 07:07:55
2026-08-05,CNY-2027-before,TYO,178,3449,UO,UO848,0,NRT,2027-01-30 09:20,2027-01-30 14:25,245,,nonstop,1,2027-01-30,2027-02-07,2026-08-05 07:07:55
2026-08-05,CNY-2027-before,TYO,178,3619,UO,UO622,0,HND,2027-01-30 17:55,2027-01-30 22:45,230,,nonstop,0,2027-01-30,2027-02-07,2026-08-05 07:07:55
2026-08-05,CNY-2027-before,TYO,178,3619,UO,UO628,0,HND,2027-01-30 19:55,2027-01-31 00:45,230,,nonstop,0,2027-01-30,2027-02-07,2026-08-05 07:07:55
2026-08-05,CNY-2027-before,TYO,178,3649,UO,UO854,0,NRT,2027-01-30 02:00,2027-01-30 07:05,245,,nonstop,0,2027-01-30,2027-02-07,2026-08-05 07:07:55
2026-08-05,CNY-2027-before,TYO,178,3889,UO,UO624,0,HND,2027-01-30 23:55,2027-01-31 04:45,230,,nonstop,0,2027-01-30,2027-02-07,2026-08-05 07:07:55
2026-08-05,CNY-2027-before,TYO,178,3899,UO,UO870,0,NRT,2027-01-30 10:50,2027-01-30 15:55,245,,nonstop,0,2027-01-30,2027-02-07,2026-08-05 07:07:55
2026-08-05,CNY-2027-before,TYO,178,4801,HB,HB320,0,NRT,2027-01-30 09:05,2027-01-30 14:10,245,,nonstop,1,2027-01-30,2027-02-07,2026-08-05 07:07:55
2026-08-05,CNY-2027-before,TYO,178,5199,NH,NH814,0,HND,2027-01-30 00:05,2027-01-30 04:55,230,,nonstop,1,2027-01-30,2027-02-07,2026-08-05 07:07:55
2026-08-05,CNY-2027-before,TYO,178,5659,NH,NH812,0,NRT,2027-01-30 10:00,2027-01-30 15:10,250,,nonstop,0,2027-01-30,2027-02-07,2026-08-05 07:07:55
2026-08-05,CNY-2027-before,TYO,178,6581,JL,JL736,0,NRT,2027-01-30 10:20,2027-01-30 15:20,240,,nonstop,0,2027-01-30,2027-02-07,2026-08-05 07:07:55
2026-08-05,CNY-2027-before,TYO,178,7651,JL,JL26,0,HND,2027-01-30 15:35,2027-01-30 20:25,230,,nonstop,0,2027-01-30,2027-02-07,2026-08-05 07:07:55
2026-08-05,CNY-2027-before,TYO,178,8249,NH,NH860,0,HND,2027-01-30 14:20,2027-01-30 19:15,235,,nonstop,0,2027-01-30,2027-02-07,2026-08-05 07:07:55
2026-08-05,CNY-2027-before,TYO,178,8751,CX,CX524,0,NRT,2027-01-30 01:25,2027-01-30 06:30,245,,nonstop,0,2027-01-30,2027-02-07,2026-08-05 07:07:55
2026-08-05,CNY-2027-before,TYO,178,8751,CX,CX504,0,NRT,2027-01-30 09:05,2027-01-30 14:10,245,,nonstop,0,2027-01-30,2027-02-07,2026-08-05 07:07:55
2026-08-05,CNY-2027-before,TYO,178,8751,CX,CX520,0,NRT,2027-01-30 10:30,2027-01-30 15:35,245,,nonstop,0,2027-01-30,2027-02-07,2026-08-05 07:07:55
2026-08-05,CNY-2027-before,TYO,178,8751,CX,CX500,0,NRT,2027-01-30 15:25,2027-01-30 20:20,235,,nonstop,0,2027-01-30,2027-02-07,2026-08-05 07:07:55
2026-08-05,CNY-2027-before,TYO,178,8773,CX,CX542,0,HND,2027-01-30 16:30,2027-01-30 21:15,225,,nonstop,0,2027-01-30,2027-02-07,2026-08-05 07:07:55
2026-08-05,CNY-2027-before,TYO,178,10991,CX,CX526,0,NRT,2027-01-30 08:15,2027-01-30 13:10,235,,nonstop,0,2027-01-30,2027-02-07,2026-08-05 07:07:55
2026-08-05,CNY-2027-before,TYO,178,11133,CX,CX548,0,HND,2027-01-30 08:55,2027-01-30 13:45,230,,nonstop,0,2027-01-30,2027-02-07,2026-08-05 07:07:55
2026-08-05,CNY-2027-before,SDJ,178,4099,UO,UO890,0,SDJ,2027-01-30 09:00,2027-01-30 14:05,245,,nonstop,0,2027-01-30,2027-02-07,2026-08-05 07:07:55
2026-08-05,CNY-2027-before,CTS,178,5206,HB,HB880,0,CTS,2027-01-30 09:15,2027-01-30 15:00,285,,nonstop,1,2027-01-30,2027-02-07,2026-08-05 07:07:55
2026-08-05,CNY-2027-before,CTS,178,17186,CX,CX580,0,CTS,2027-01-30 09:10,2027-01-30 14:50,280,,nonstop,0,2027-01-30,2027-02-07,2026-08-05 07:07:55
2026-08-05,CNY-2027-before,CTS,178,17186,CX,CX584,0,CTS,2027-01-30 10:25,2027-01-30 15:55,270,,nonstop,0,2027-01-30,2027-02-07,2026-08-05 07:07:55
2026-08-05,CNY-2027-before,CTS,178,17186,CX,CX586,0,CTS,2027-01-30 12:25,2027-01-30 17:50,265,,nonstop,0,2027-01-30,2027-02-07,2026-08-05 07:07:55
2026-08-05,CNY-2027-before,CTS,178,5206,HB,HB880,0,CTS,2027-01-30 09:15,2027-01-30 15:00,285,,any,1,2027-01-30,2027-02-07,2026-08-05 07:07:55
2026-08-05,CNY-2027-before,CTS,178,5293,NH,NH812>NH77,1,CTS,2027-01-30 10:00,2027-01-30 20:30,570,NRT,any,0,2027-01-30,2027-02-07,2026-08-05 07:07:55
2026-08-05,CNY-2027-before,CTS,178,5733,NH,NH814>NH987,1,CTS,2027-01-30 00:05,2027-01-30 07:50,405,HND,any,1,2027-01-30,2027-02-07,2026-08-05 07:07:55
2026-08-05,CNY-2027-before,CTS,178,6183,NH,NH812>NH2155,1,CTS,2027-01-30 10:00,2027-01-30 19:35,515,NRT,any,1,2027-01-30,2027-02-07,2026-08-05 07:07:55
2026-08-05,CNY-2027-before,CTS,178,6720,KE,KE2006>KE765,1,CTS,2027-01-30 18:10,2027-01-31 12:50,1060,ICN,any,0,2027-01-30,2027-02-07,2026-08-05 07:07:55
2026-08-05,CNY-2027-before,CTS,178,6840,KE,KE2012>KE765,1,CTS,2027-01-30 00:55,2027-01-30 12:50,655,ICN,any,1,2027-01-30,2027-02-07,2026-08-05 07:07:55
2026-08-05,CNY-2027-before,CTS,178,17155,CX,CX580,0,CTS,2027-01-30 09:10,2027-01-30 14:50,280,,any,0,2027-01-30,2027-02-07,2026-08-05 07:07:55
2026-08-05,CNY-2027-before,CTS,178,17155,CX,CX584,0,CTS,2027-01-30 10:25,2027-01-30 15:55,270,,any,0,2027-01-30,2027-02-07,2026-08-05 07:07:55
2026-08-05,CNY-2027-before,CTS,178,17155,CX,CX586,0,CTS,2027-01-30 12:25,2027-01-30 17:50,265,,any,0,2027-01-30,2027-02-07,2026-08-05 07:07:55
2026-08-05,CNY-2027-before,HKD,178,5289,NH,NH814>NH553,1,HKD,2027-01-30 00:05,2027-01-30 11:00,595,HND,any,1,2027-01-30,2027-02-07,2026-08-05 07:07:55
2026-08-05,CNY-2027-before,HKD,178,6789,NH,NH812>NH559,1,HKD,2027-01-30 10:00,2027-01-30 19:45,525,NRT,any,1,2027-01-30,2027-02-07,2026-08-05 07:07:55
2026-08-05,CNY-2027-before,HKD,178,8001,JL,JL736>JL585,1,HKD,2027-01-30 10:20,2027-01-31 08:55,1295,NRT,any,0,2027-01-30,2027-02-07,2026-08-05 07:07:55
2026-08-05,CNY-2027-before,HKD,178,8339,NH,NH860>NH553,1,HKD,2027-01-30 14:20,2027-01-31 11:00,1180,HND,any,0,2027-01-30,2027-02-07,2026-08-05 07:07:55
2026-08-05,CNY-2027-before,HKD,178,9081,JL,JL26>JL585,1,HKD,2027-01-30 15:35,2027-01-31 08:55,980,HND,any,0,2027-01-30,2027-02-07,2026-08-05 07:07:55
2026-08-05,CNY-2027-before,HKD,178,10798,CX+JL,CX586>JL2741,1,HKD,2027-01-30 12:25,2027-01-31 08:15,1130,CTS,any,0,2027-01-30,2027-02-07,2026-08-05 07:07:55
2026-08-05,CNY-2027-before,HKD,178,12624,CX+NH,CX584>NH4857,1,HKD,2027-01-30 10:25,2027-01-30 18:35,430,CTS,any,0,2027-01-30,2027-02-07,2026-08-05 07:07:55
2026-08-05,CNY-2027-after,TYO,185,5349,UO,UO624,0,HND,2027-02-06 23:55,2027-02-07 04:45,230,,nonstop,1,2027-02-06,2027-02-14,2026-08-05 07:07:55
2026-08-05,CNY-2027-after,TYO,185,5629,UO,UO646,0,NRT,2027-02-06 13:00,2027-02-06 18:05,245,,nonstop,1,2027-02-06,2027-02-14,2026-08-05 07:07:55
2026-08-05,CNY-2027-after,TYO,185,5629,UO,UO650,0,NRT,2027-02-06 14:00,2027-02-06 19:05,245,,nonstop,1,2027-02-06,2027-02-14,2026-08-05 07:07:55
2026-08-05,CNY-2027-after,TYO,185,5629,UO,UO652,0,NRT,2027-02-06 14:55,2027-02-06 20:00,245,,nonstop,0,2027-02-06,2027-02-14,2026-08-05 07:07:55
2026-08-05,CNY-2027-after,TYO,185,5779,UO,UO622,0,HND,2027-02-06 17:55,2027-02-06 22:45,230,,nonstop,0,2027-02-06,2027-02-14,2026-08-05 07:07:55
2026-08-05,CNY-2027-after,TYO,185,6179,UO,UO854,0,NRT,2027-02-06 02:00,2027-02-06 07:05,245,,nonstop,0,2027-02-06,2027-02-14,2026-08-05 07:07:55
2026-08-05,CNY-2027-after,TYO,185,6179,UO,UO848,0,NRT,2027-02-06 09:20,2027-02-06 14:25,245,,nonstop,0,2027-02-06,2027-02-14,2026-08-05 07:07:55
2026-08-05,CNY-2027-after,TYO,185,6179,UO,UO870,0,NRT,2027-02-06 10:50,2027-02-06 15:55,245,,nonstop,0,2027-02-06,2027-02-14,2026-08-05 07:07:55
2026-08-05,CNY-2027-after,TYO,185,6329,UO,UO628,0,HND,2027-02-06 19:55,2027-02-07 00:45,230,,nonstop,0,2027-02-06,2027-02-14,2026-08-05 07:07:55
2026-08-05,CNY-2027-after,TYO,185,8681,JL,JL26,0,HND,2027-02-06 15:35,2027-02-06 20:25,230,,nonstop,0,2027-02-06,2027-02-14,2026-08-05 07:07:55
2026-08-05,CNY-2027-after,TYO,185,8731,HB,HB320,0,NRT,2027-02-06 09:05,2027-02-06 14:10,245,,nonstop,0,2027-02-06,2027-02-14,2026-08-05 07:07:55
2026-08-05,CNY-2027-after,TYO,185,8779,NH,NH860,0,HND,2027-02-06 14:20,2027-02-06 19:15,235,,nonstop,0,2027-02-06,2027-02-14,2026-08-05 07:07:55
2026-08-05,CNY-2027-after,TYO,185,9161,JL,JL736,0,NRT,2027-02-06 10:20,2027-02-06 15:20,240,,nonstop,0,2027-02-06,2027-02-14,2026-08-05 07:07:55
2026-08-05,CNY-2027-after,TYO,185,9549,NH,NH814,0,HND,2027-02-06 00:05,2027-02-06 04:55,230,,nonstop,0,2027-02-06,2027-02-14,2026-08-05 07:07:55
2026-08-05,CNY-2027-after,TYO,185,10289,NH,NH812,0,NRT,2027-02-06 10:00,2027-02-06 15:10,250,,nonstop,0,2027-02-06,2027-02-14,2026-08-05 07:07:55
2026-08-05,CNY-2027-after,TYO,185,10441,CX,CX524,0,NRT,2027-02-06 01:25,2027-02-06 06:30,245,,nonstop,0,2027-02-06,2027-02-14,2026-08-05 07:07:55
2026-08-05,CNY-2027-after,TYO,185,10441,CX,CX504,0,NRT,2027-02-06 09:05,2027-02-06 14:10,245,,nonstop,0,2027-02-06,2027-02-14,2026-08-05 07:07:55
2026-08-05,CNY-2027-after,TYO,185,10441,CX,CX520,0,NRT,2027-02-06 10:30,2027-02-06 15:35,245,,nonstop,0,2027-02-06,2027-02-14,2026-08-05 07:07:55
2026-08-05,CNY-2027-after,TYO,185,10441,CX,CX500,0,NRT,2027-02-06 15:25,2027-02-06 20:20,235,,nonstop,0,2027-02-06,2027-02-14,2026-08-05 07:07:55
2026-08-05,CNY-2027-after,TYO,185,10473,CX,CX542,0,HND,2027-02-06 16:30,2027-02-06 21:15,225,,nonstop,0,2027-02-06,2027-02-14,2026-08-05 07:07:55
2026-08-05,CNY-2027-after,TYO,185,12833,CX,CX548,0,HND,2027-02-06 08:55,2027-02-06 13:45,230,,nonstop,0,2027-02-06,2027-02-14,2026-08-05 07:07:55
2026-08-05,CNY-2027-after,TYO,185,15201,CX,CX526,0,NRT,2027-02-06 08:15,2027-02-06 13:10,235,,nonstop,0,2027-02-06,2027-02-14,2026-08-05 07:07:55
2026-08-05,CNY-2027-after,SDJ,185,9089,UO,UO890,0,SDJ,2027-02-06 09:00,2027-02-06 14:05,245,,nonstop,0,2027-02-06,2027-02-14,2026-08-05 07:07:55
2026-08-05,CNY-2027-after,CTS,185,13086,HB,HB880,0,CTS,2027-02-06 09:15,2027-02-06 15:00,285,,nonstop,1,2027-02-06,2027-02-14,2026-08-05 07:07:55
2026-08-05,CNY-2027-after,CTS,185,17186,CX,CX580,0,CTS,2027-02-06 09:10,2027-02-06 14:50,280,,nonstop,0,2027-02-06,2027-02-14,2026-08-05 07:07:55
2026-08-05,CNY-2027-after,CTS,185,17186,CX,CX584,0,CTS,2027-02-06 10:25,2027-02-06 15:55,270,,nonstop,0,2027-02-06,2027-02-14,2026-08-05 07:07:55
2026-08-05,CNY-2027-after,CTS,185,17186,CX,CX586,0,CTS,2027-02-06 12:25,2027-02-06 17:50,265,,nonstop,0,2027-02-06,2027-02-14,2026-08-05 07:07:55
2026-08-05,CNY-2027-after,CTS,185,9205,JL,JL26>JL501,1,CTS,2027-02-06 15:35,2027-02-07 08:00,925,HND,any,0,2027-02-06,2027-02-14,2026-08-05 07:07:55
2026-08-05,CNY-2027-after,CTS,185,9390,KE,KE2012>KE769,1,CTS,2027-02-06 00:55,2027-02-06 15:40,825,ICN,any,0,2027-02-06,2027-02-14,2026-08-05 07:07:55
2026-08-05,CNY-2027-after,CTS,185,9963,NH,NH812>NH79,1,CTS,2027-02-06 10:00,2027-02-06 21:35,635,NRT,any,0,2027-02-06,2027-02-14,2026-08-05 07:07:55
2026-08-05,CNY-2027-after,CTS,185,10363,NH,NH812>NH77,1,CTS,2027-02-06 10:00,2027-02-06 20:30,570,NRT,any,0,2027-02-06,2027-02-14,2026-08-05 07:07:55
2026-08-05,CNY-2027-after,CTS,185,11383,NH,NH814>NH987,1,CTS,2027-02-06 00:05,2027-02-06 07:50,405,HND,any,1,2027-02-06,2027-02-14,2026-08-05 07:07:55
2026-08-05,CNY-2027-after,CTS,185,13086,HB,HB880,0,CTS,2027-02-06 09:15,2027-02-06 15:00,285,,any,1,2027-02-06,2027-02-14,2026-08-05 07:07:55
2026-08-05,CNY-2027-after,CTS,185,15019,CX,CX580,0,CTS,2027-02-06 09:10,2027-02-06 14:50,280,,any,1,2027-02-06,2027-02-14,2026-08-05 07:07:55
2026-08-05,CNY-2027-after,CTS,185,15019,CX,CX584,0,CTS,2027-02-06 10:25,2027-02-06 15:55,270,,any,0,2027-02-06,2027-02-14,2026-08-05 07:07:55
2026-08-05,CNY-2027-after,CTS,185,15019,CX,CX586,0,CTS,2027-02-06 12:25,2027-02-06 17:50,265,,any,0,2027-02-06,2027-02-14,2026-08-05 07:07:55
2026-08-05,CNY-2027-after,HKD,185,9211,JL,JL26>JL585,1,HKD,2027-02-06 15:35,2027-02-07 08:55,980,HND,any,1,2027-02-06,2027-02-14,2026-08-05 07:07:55
2026-08-05,CNY-2027-after,HKD,185,9489,NH,NH860>NH557,1,HKD,2027-02-06 14:20,2027-02-07 18:15,1615,HND,any,0,2027-02-06,2027-02-14,2026-08-05 07:07:55
2026-08-05,CNY-2027-after,HKD,185,9899,NH,NH860>NH553,1,HKD,2027-02-06 14:20,2027-02-07 11:00,1180,HND,any,0,2027-02-06,2027-02-14,2026-08-05 07:07:55
2026-08-05,CNY-2027-after,HKD,185,9973,NH,NH814>NH17>NH745,2,HKD,2027-02-06 00:05,2027-02-06 12:45,700,HND-ITM,any,1,2027-02-06,2027-02-14,2026-08-05 07:07:55
2026-08-05,CNY-2027-after,HKD,185,9973,NH,NH814>NH985>NH745,2,HKD,2027-02-06 00:05,2027-02-06 12:45,700,HND-ITM,any,0,2027-02-06,2027-02-14,2026-08-05 07:07:55
2026-08-05,CNY-2027-after,HKD,185,10669,NH,NH814>NH553,1,HKD,2027-02-06 00:05,2027-02-06 11:00,595,HND,any,1,2027-02-06,2027-02-14,2026-08-05 07:07:55
2026-08-05,CNY-2027-after,HKD,185,10669,NH,NH812>NH559,1,HKD,2027-02-06 10:00,2027-02-06 19:45,525,NRT,any,1,2027-02-06,2027-02-14,2026-08-05 07:07:55
2026-08-05,CNY-2027-after,HKD,185,12781,CX+JL,CX524>JL587,1,HKD,2027-02-06 01:25,2027-02-06 14:10,705,NRT,any,0,2027-02-06,2027-02-14,2026-08-05 07:07:55
2026-08-05,CNY-2027-after,HKD,185,13151,CX+JL,CX542>JL585,1,HKD,2027-02-06 16:30,2027-02-07 08:55,925,HND,any,0,2027-02-06,2027-02-14,2026-08-05 07:07:55
2026-08-06,XMAS-2026,TYO,136,4379,UO,UO628,0,HND,2026-12-20 19:55,2026-12-21 00:45,230,,nonstop,1,2026-12-20,2027-01-03,2026-08-06 00:07:33
2026-08-06,XMAS-2026,TYO,136,4829,UO,UO622,0,HND,2026-12-20 17:55,2026-12-20 22:45,230,,nonstop,0,2026-12-20,2027-01-03,2026-08-06 00:07:33
2026-08-06,XMAS-2026,TYO,136,4829,UO,UO624,0,HND,2026-12-20 23:55,2026-12-21 04:45,230,,nonstop,0,2026-12-20,2027-01-03,2026-08-06 00:07:33
2026-08-06,XMAS-2026,TYO,136,5959,UO,UO650,0,NRT,2026-12-20 14:00,2026-12-20 19:05,245,,nonstop,0,2026-12-20,2027-01-03,2026-08-06 00:07:33
2026-08-06,XMAS-2026,TYO,136,5959,UO,UO652,0,NRT,2026-12-20 14:55,2026-12-20 20:00,245,,nonstop,0,2026-12-20,2027-01-03,2026-08-06 00:07:33
2026-08-06,XMAS-2026,TYO,136,5979,UO,UO854,0,NRT,2026-12-20 02:00,2026-12-20 07:05,245,,nonstop,0,2026-12-20,2027-01-03,2026-08-06 00:07:33
2026-08-06,XMAS-2026,TYO,136,5979,UO,UO646,0,NRT,2026-12-20 13:00,2026-12-20 18:05,245,,nonstop,0,2026-12-20,2027-01-03,2026-08-06 00:07:33
2026-08-06,XMAS-2026,TYO,136,6379,UO,UO848,0,NRT,2026-12-20 09:20,2026-12-20 14:25,245,,nonstop,0,2026-12-20,2027-01-03,2026-08-06 00:07:33
2026-08-06,XMAS-2026,TYO,136,6379,UO,UO870,0,NRT,2026-12-20 10:50,2026-12-20 15:55,245,,nonstop,0,2026-12-20,2027-01-03,2026-08-06 00:07:33
2026-08-06,XMAS-2026,TYO,136,6591,HB,HB320,0,NRT,2026-12-20 09:05,2026-12-20 14:10,245,,nonstop,1,2026-12-20,2027-01-03,2026-08-06 00:07:33
2026-08-06,XMAS-2026,TYO,136,7148,NH,NH860,0,HND,2026-12-20 14:20,2026-12-20 19:15,235,,nonstop,1,2026-12-20,2027-01-03,2026-08-06 00:07:33
2026-08-06,XMAS-2026,TYO,136,7148,NH,NH814,0,HND,2026-12-20 00:05,2026-12-20 04:55,230,,nonstop,0,2026-12-20,2027-01-03,2026-08-06 00:07:33
2026-08-06,XMAS-2026,TYO,136,9388,CX,CX524,0,NRT,2026-12-20 01:25,2026-12-20 06:30,245,,nonstop,0,2026-12-20,2027-01-03,2026-08-06 00:07:33
2026-08-06,XMAS-2026,TYO,136,9388,CX,CX526,0,NRT,2026-12-20 08:15,2026-12-20 13:10,235,,nonstop,0,2026-12-20,2027-01-03,2026-08-06 00:07:33
2026-08-06,XMAS-2026,TYO,136,9388,CX,CX504,0,NRT,2026-12-20 09:05,2026-12-20 14:10,245,,nonstop,0,2026-12-20,2027-01-03,2026-08-06 00:07:33
2026-08-06,XMAS-2026,TYO,136,9388,CX,CX520,0,NRT,2026-12-20 10:30,2026-12-20 15:35,245,,nonstop,0,2026-12-20,2027-01-03,2026-08-06 00:07:33
2026-08-06,XMAS-2026,TYO,136,9388,CX,CX500,0,NRT,2026-12-20 15:25,2026-12-20 20:20,235,,nonstop,0,2026-12-20,2027-01-03,2026-08-06 00:07:33
2026-08-06,XMAS-2026,TYO,136,10259,NH,NH812,0,NRT,2026-12-20 10:00,2026-12-20 15:10,250,,nonstop,0,2026-12-20,2027-01-03,2026-08-06 00:07:33
2026-08-06,XMAS-2026,TYO,136,10448,JL,JL736,0,NRT,2026-12-20 10:20,2026-12-20 15:20,240,,nonstop,0,2026-12-20,2027-01-03,2026-08-06 00:07:33
2026-08-06,XMAS-2026,TYO,136,11192,CX,CX542,0,HND,2026-12-20 16:30,2026-12-20 21:15,225,,nonstop,0,2026-12-20,2027-01-03,2026-08-06 00:07:33
2026-08-06,XMAS-2026,TYO,136,11652,CX,CX548,0,HND,2026-12-20 08:55,2026-12-20 13:45,230,,nonstop,0,2026-12-20,2027-01-03,2026-08-06 00:07:33
2026-08-06,XMAS-2026,TYO,136,11690,JL,JL26,0,HND,2026-12-20 15:35,2026-12-20 20:25,230,,nonstop,0,2026-12-20,2027-01-03,2026-08-06 00:07:33
2026-08-06,XMAS-2026,SDJ,136,4849,UO,UO890,0,SDJ,2026-12-20 09:00,2026-12-20 14:05,245,,nonstop,0,2026-12-20,2027-01-03,2026-08-06 00:07:33
2026-08-06,XMAS-2026,CTS,136,7226,HB,HB2886,0,CTS,2026-12-20 01:15,2026-12-20 07:00,285,,nonstop,1,2026-12-20,2027-01-03,2026-08-06 00:07:33
2026-08-06,XMAS-2026,CTS,136,7636,HB,HB880,0,CTS,2026-12-20 09:15,2026-12-20 15:00,285,,nonstop,1,2026-12-20,2027-01-03,2026-08-06 00:07:33
2026-08-06,XMAS-2026,CTS,136,15494,CX,CX580,0,CTS,2026-12-20 09:10,2026-12-20 14:50,280,,nonstop,0,2026-12-20,2027-01-03,2026-08-06 00:07:33
2026-08-06,XMAS-2026,CTS,136,15494,CX,CX584,0,CTS,2026-12-20 10:25,2026-12-20 15:55,270,,nonstop,0,2026-12-20,2027-01-03,2026-08-06 00:07:33
2026-08-06,XMAS-2026,CTS,136,15494,CX,CX586,0,CTS,2026-12-20 12:25,2026-12-20 17:50,265,,nonstop,0,2026-12-20,2027-01-03,2026-08-06 00:07:33
2026-08-06,XMAS-2026,CTS,136,7226,HB,HB2886,0,CTS,2026-12-20 01:15,2026-12-20 07:00,285,,any,1,2026-12-20,2027-01-03,2026-08-06 00:07:33
2026-08-06,XMAS-2026,CTS,136,7636,HB,HB880,0,CTS,2026-12-20 09:15,2026-12-20 15:00,285,,any,1,2026-12-20,2027-01-03,2026-08-06 00:07:33
2026-08-06,XMAS-2026,CTS,136,8520,KE,KE2012>KE769,1,CTS,2026-12-20 00:55,2026-12-20 15:40,825,ICN,any,0,2026-12-20,2027-01-03,2026-08-06 00:07:33
2026-08-06,XMAS-2026,CTS,136,9282,NH,NH860>NH987,1,CTS,2026-12-20 14:20,2026-12-21 07:50,990,HND,any,0,2026-12-20,2027-01-03,2026-08-06 00:07:33
2026-08-06,XMAS-2026,CTS,136,10932,NH,NH812>NH77,1,CTS,2026-12-20 10:00,2026-12-20 20:30,570,NRT,any,0,2026-12-20,2027-01-03,2026-08-06 00:07:33
2026-08-06,XMAS-2026,CTS,136,15019,CX,CX580,0,CTS,2026-12-20 09:10,2026-12-20 14:50,280,,any,1,2026-12-20,2027-01-03,2026-08-06 00:07:33
2026-08-06,XMAS-2026,CTS,136,15019,CX,CX584,0,CTS,2026-12-20 10:25,2026-12-20 15:55,270,,any,0,2026-12-20,2027-01-03,2026-08-06 00:07:33
2026-08-06,XMAS-2026,CTS,136,15019,CX,CX586,0,CTS,2026-12-20 12:25,2026-12-20 17:50,265,,any,0,2026-12-20,2027-01-03,2026-08-06 00:07:33
2026-08-06,CNY-2027-before,TYO,177,3249,UO,UO646,0,NRT,2027-01-30 13:00,2027-01-30 18:05,245,,nonstop,0,2027-01-30,2027-02-07,2026-08-06 00:07:33
2026-08-06,CNY-2027-before,TYO,177,3249,UO,UO650,0,NRT,2027-01-30 14:00,2027-01-30 19:05,245,,nonstop,0,2027-01-30,2027-02-07,2026-08-06 00:07:33
2026-08-06,CNY-2027-before,TYO,177,3249,UO,UO652,0,NRT,2027-01-30 14:55,2027-01-30 20:00,245,,nonstop,0,2027-01-30,2027-02-07,2026-08-06 00:07:33
2026-08-06,CNY-2027-before,TYO,177,3449,UO,UO848,0,NRT,2027-01-30 09:20,2027-01-30 14:25,245,,nonstop,1,2027-01-30,2027-02-07,2026-08-06 00:07:33
2026-08-06,CNY-2027-before,TYO,177,3619,UO,UO622,0,HND,2027-01-30 17:55,2027-01-30 22:45,230,,nonstop,0,2027-01-30,2027-02-07,2026-08-06 00:07:33
2026-08-06,CNY-2027-before,TYO,177,3619,UO,UO628,0,HND,2027-01-30 19:55,2027-01-31 00:45,230,,nonstop,0,2027-01-30,2027-02-07,2026-08-06 00:07:33
2026-08-06,CNY-2027-before,TYO,177,3649,UO,UO854,0,NRT,2027-01-30 02:00,2027-01-30 07:05,245,,nonstop,0,2027-01-30,2027-02-07,2026-08-06 00:07:33
2026-08-06,CNY-2027-before,TYO,177,3889,UO,UO624,0,HND,2027-01-30 23:55,2027-01-31 04:45,230,,nonstop,0,2027-01-30,2027-02-07,2026-08-06 00:07:33
2026-08-06,CNY-2027-before,TYO,177,3899,UO,UO870,0,NRT,2027-01-30 10:50,2027-01-30 15:55,245,,nonstop,0,2027-01-30,2027-02-07,2026-08-06 00:07:33
2026-08-06,CNY-2027-before,TYO,177,4801,HB,HB320,0,NRT,2027-01-30 09:05,2027-01-30 14:10,245,,nonstop,1,2027-01-30,2027-02-07,2026-08-06 00:07:33
2026-08-06,CNY-2027-before,TYO,177,5198,NH,NH860,0,HND,2027-01-30 14:20,2027-01-30 19:15,235,,nonstop,0,2027-01-30,2027-02-07,2026-08-06 00:07:33
2026-08-06,CNY-2027-before,TYO,177,5209,NH,NH812,0,NRT,2027-01-30 10:00,2027-01-30 15:10,250,,nonstop,1,2027-01-30,2027-02-07,2026-08-06 00:07:33
2026-08-06,CNY-2027-before,TYO,177,6581,JL,JL736,0,NRT,2027-01-30 10:20,2027-01-30 15:20,240,,nonstop,0,2027-01-30,2027-02-07,2026-08-06 00:07:33
2026-08-06,CNY-2027-before,TYO,177,7650,JL,JL26,0,HND,2027-01-30 15:35,2027-01-30 20:25,230,,nonstop,0,2027-01-30,2027-02-07,2026-08-06 00:07:33
2026-08-06,CNY-2027-before,TYO,177,8248,NH,NH814,0,HND,2027-01-30 00:05,2027-01-30 04:55,230,,nonstop,0,2027-01-30,2027-02-07,2026-08-06 00:07:33
2026-08-06,CNY-2027-before,TYO,177,8751,CX,CX524,0,NRT,2027-01-30 01:25,2027-01-30 06:30,245,,nonstop,0,2027-01-30,2027-02-07,2026-08-06 00:07:33
2026-08-06,CNY-2027-before,TYO,177,8751,CX,CX504,0,NRT,2027-01-30 09:05,2027-01-30 14:10,245,,nonstop,0,2027-01-30,2027-02-07,2026-08-06 00:07:33
2026-08-06,CNY-2027-before,TYO,177,8751,CX,CX520,0,NRT,2027-01-30 10:30,2027-01-30 15:35,245,,nonstop,0,2027-01-30,2027-02-07,2026-08-06 00:07:33
2026-08-06,CNY-2027-before,TYO,177,8751,CX,CX500,0,NRT,2027-01-30 15:25,2027-01-30 20:20,235,,nonstop,0,2027-01-30,2027-02-07,2026-08-06 00:07:33
2026-08-06,CNY-2027-before,TYO,177,8772,CX,CX542,0,HND,2027-01-30 16:30,2027-01-30 21:15,225,,nonstop,0,2027-01-30,2027-02-07,2026-08-06 00:07:33
2026-08-06,CNY-2027-before,TYO,177,10991,CX,CX526,0,NRT,2027-01-30 08:15,2027-01-30 13:10,235,,nonstop,0,2027-01-30,2027-02-07,2026-08-06 00:07:33
2026-08-06,CNY-2027-before,TYO,177,11132,CX,CX548,0,HND,2027-01-30 08:55,2027-01-30 13:45,230,,nonstop,0,2027-01-30,2027-02-07,2026-08-06 00:07:33
2026-08-06,CNY-2027-before,SDJ,177,4099,UO,UO890,0,SDJ,2027-01-30 09:00,2027-01-30 14:05,245,,nonstop,0,2027-01-30,2027-02-07,2026-08-06 00:07:33
2026-08-06,CNY-2027-before,CTS,177,5206,HB,HB880,0,CTS,2027-01-30 09:15,2027-01-30 15:00,285,,nonstop,1,2027-01-30,2027-02-07,2026-08-06 00:07:33
2026-08-06,CNY-2027-before,CTS,177,17186,CX,CX580,0,CTS,2027-01-30 09:10,2027-01-30 14:50,280,,nonstop,0,2027-01-30,2027-02-07,2026-08-06 00:07:33
2026-08-06,CNY-2027-before,CTS,177,17186,CX,CX584,0,CTS,2027-01-30 10:25,2027-01-30 15:55,270,,nonstop,0,2027-01-30,2027-02-07,2026-08-06 00:07:33
2026-08-06,CNY-2027-before,CTS,177,17186,CX,CX586,0,CTS,2027-01-30 12:25,2027-01-30 17:50,265,,nonstop,0,2027-01-30,2027-02-07,2026-08-06 00:07:33
2026-08-06,CNY-2027-before,CTS,177,5206,HB,HB880,0,CTS,2027-01-30 09:15,2027-01-30 15:00,285,,any,1,2027-01-30,2027-02-07,2026-08-06 00:07:33
2026-08-06,CNY-2027-before,CTS,177,5733,NH,NH814>NH987,1,CTS,2027-01-30 00:05,2027-01-30 07:50,405,HND,any,1,2027-01-30,2027-02-07,2026-08-06 00:07:33
2026-08-06,CNY-2027-before,CTS,177,6183,NH,NH812>NH2155,1,CTS,2027-01-30 10:00,2027-01-30 19:35,515,NRT,any,1,2027-01-30,2027-02-07,2026-08-06 00:07:33
2026-08-06,CNY-2027-before,CTS,177,6840,KE,KE2012>KE765,1,CTS,2027-01-30 00:55,2027-01-30 12:50,655,ICN,any,1,2027-01-30,2027-02-07,2026-08-06 00:07:33
2026-08-06,CNY-2027-before,CTS,177,17154,CX,CX580,0,CTS,2027-01-30 09:10,2027-01-30 14:50,280,,any,0,2027-01-30,2027-02-07,2026-08-06 00:07:33
2026-08-06,CNY-2027-before,CTS,177,17154,CX,CX584,0,CTS,2027-01-30 10:25,2027-01-30 15:55,270,,any,0,2027-01-30,2027-02-07,2026-08-06 00:07:33
2026-08-06,CNY-2027-before,CTS,177,17154,CX,CX586,0,CTS,2027-01-30 12:25,2027-01-30 17:50,265,,any,0,2027-01-30,2027-02-07,2026-08-06 00:07:33
2026-08-06,CNY-2027-before,HKD,177,5288,NH,NH814>NH553,1,HKD,2027-01-30 00:05,2027-01-30 11:00,595,HND,any,1,2027-01-30,2027-02-07,2026-08-06 00:07:33
2026-08-06,CNY-2027-before,HKD,177,5288,NH,NH860>NH553,1,HKD,2027-01-30 14:20,2027-01-31 11:00,1180,HND,any,1,2027-01-30,2027-02-07,2026-08-06 00:07:33
2026-08-06,CNY-2027-before,HKD,177,6788,NH,NH812>NH559,1,HKD,2027-01-30 10:00,2027-01-30 19:45,525,NRT,any,1,2027-01-30,2027-02-07,2026-08-06 00:07:33
2026-08-06,CNY-2027-before,HKD,177,8001,JL,JL736>JL585,1,HKD,2027-01-30 10:20,2027-01-31 08:55,1295,NRT,any,0,2027-01-30,2027-02-07,2026-08-06 00:07:33
2026-08-06,CNY-2027-before,HKD,177,9081,JL,JL26>JL585,1,HKD,2027-01-30 15:35,2027-01-31 08:55,980,HND,any,0,2027-01-30,2027-02-07,2026-08-06 00:07:33
2026-08-06,CNY-2027-before,HKD,177,10798,CX+JL,CX586>JL2741,1,HKD,2027-01-30 12:25,2027-01-31 08:15,1130,CTS,any,0,2027-01-30,2027-02-07,2026-08-06 00:07:33
2026-08-06,CNY-2027-before,HKD,177,12437,CX+NH,CX584>NH4857,1,HKD,2027-01-30 10:25,2027-01-30 18:35,430,CTS,any,0,2027-01-30,2027-02-07,2026-08-06 00:07:33
2026-08-06,CNY-2027-after,TYO,184,5349,UO,UO624,0,HND,2027-02-06 23:55,2027-02-07 04:45,230,,nonstop,1,2027-02-06,2027-02-14,2026-08-06 00:07:33
2026-08-06,CNY-2027-after,TYO,184,5629,UO,UO646,0,NRT,2027-02-06 13:00,2027-02-06 18:05,245,,nonstop,1,2027-02-06,2027-02-14,2026-08-06 00:07:33
2026-08-06,CNY-2027-after,TYO,184,5629,UO,UO650,0,NRT,2027-02-06 14:00,2027-02-06 19:05,245,,nonstop,1,2027-02-06,2027-02-14,2026-08-06 00:07:33
2026-08-06,CNY-2027-after,TYO,184,5629,UO,UO652,0,NRT,2027-02-06 14:55,2027-02-06 20:00,245,,nonstop,0,2027-02-06,2027-02-14,2026-08-06 00:07:33
2026-08-06,CNY-2027-after,TYO,184,5779,UO,UO622,0,HND,2027-02-06 17:55,2027-02-06 22:45,230,,nonstop,0,2027-02-06,2027-02-14,2026-08-06 00:07:33
2026-08-06,CNY-2027-after,TYO,184,6179,UO,UO854,0,NRT,2027-02-06 02:00,2027-02-06 07:05,245,,nonstop,0,2027-02-06,2027-02-14,2026-08-06 00:07:33
2026-08-06,CNY-2027-after,TYO,184,6179,UO,UO848,0,NRT,2027-02-06 09:20,2027-02-06 14:25,245,,nonstop,0,2027-02-06,2027-02-14,2026-08-06 00:07:33
2026-08-06,CNY-2027-after,TYO,184,6179,UO,UO870,0,NRT,2027-02-06 10:50,2027-02-06 15:55,245,,nonstop,0,2027-02-06,2027-02-14,2026-08-06 00:07:33
2026-08-06,CNY-2027-after,TYO,184,6329,UO,UO628,0,HND,2027-02-06 19:55,2027-02-07 00:45,230,,nonstop,0,2027-02-06,2027-02-14,2026-08-06 00:07:33
2026-08-06,CNY-2027-after,TYO,184,8680,JL,JL26,0,HND,2027-02-06 15:35,2027-02-06 20:25,230,,nonstop,0,2027-02-06,2027-02-14,2026-08-06 00:07:33
2026-08-06,CNY-2027-after,TYO,184,8731,HB,HB320,0,NRT,2027-02-06 09:05,2027-02-06 14:10,245,,nonstop,0,2027-02-06,2027-02-14,2026-08-06 00:07:33
2026-08-06,CNY-2027-after,TYO,184,8778,NH,NH860,0,HND,2027-02-06 14:20,2027-02-06 19:15,235,,nonstop,0,2027-02-06,2027-02-14,2026-08-06 00:07:33
2026-08-06,CNY-2027-after,TYO,184,9161,JL,JL736,0,NRT,2027-02-06 10:20,2027-02-06 15:20,240,,nonstop,0,2027-02-06,2027-02-14,2026-08-06 00:07:33
2026-08-06,CNY-2027-after,TYO,184,9548,NH,NH814,0,HND,2027-02-06 00:05,2027-02-06 04:55,230,,nonstop,0,2027-02-06,2027-02-14,2026-08-06 00:07:33
2026-08-06,CNY-2027-after,TYO,184,10289,NH,NH812,0,NRT,2027-02-06 10:00,2027-02-06 15:10,250,,nonstop,0,2027-02-06,2027-02-14,2026-08-06 00:07:33
2026-08-06,CNY-2027-after,TYO,184,10441,CX,CX524,0,NRT,2027-02-06 01:25,2027-02-06 06:30,245,,nonstop,0,2027-02-06,2027-02-14,2026-08-06 00:07:33
2026-08-06,CNY-2027-after,TYO,184,10441,CX,CX504,0,NRT,2027-02-06 09:05,2027-02-06 14:10,245,,nonstop,0,2027-02-06,2027-02-14,2026-08-06 00:07:33
2026-08-06,CNY-2027-after,TYO,184,10441,CX,CX520,0,NRT,2027-02-06 10:30,2027-02-06 15:35,245,,nonstop,0,2027-02-06,2027-02-14,2026-08-06 00:07:33
2026-08-06,CNY-2027-after,TYO,184,10441,CX,CX500,0,NRT,2027-02-06 15:25,2027-02-06 20:20,235,,nonstop,0,2027-02-06,2027-02-14,2026-08-06 00:07:33
2026-08-06,CNY-2027-after,TYO,184,10472,CX,CX542,0,HND,2027-02-06 16:30,2027-02-06 21:15,225,,nonstop,0,2027-02-06,2027-02-14,2026-08-06 00:07:33
2026-08-06,CNY-2027-after,TYO,184,12832,CX,CX548,0,HND,2027-02-06 08:55,2027-02-06 13:45,230,,nonstop,0,2027-02-06,2027-02-14,2026-08-06 00:07:33
2026-08-06,CNY-2027-after,TYO,184,15201,CX,CX526,0,NRT,2027-02-06 08:15,2027-02-06 13:10,235,,nonstop,0,2027-02-06,2027-02-14,2026-08-06 00:07:33
2026-08-06,CNY-2027-after,SDJ,184,9089,UO,UO890,0,SDJ,2027-02-06 09:00,2027-02-06 14:05,245,,nonstop,0,2027-02-06,2027-02-14,2026-08-06 00:07:33
2026-08-06,CNY-2027-after,CTS,184,13086,HB,HB880,0,CTS,2027-02-06 09:15,2027-02-06 15:00,285,,nonstop,1,2027-02-06,2027-02-14,2026-08-06 00:07:33
2026-08-06,CNY-2027-after,CTS,184,17186,CX,CX580,0,CTS,2027-02-06 09:10,2027-02-06 14:50,280,,nonstop,0,2027-02-06,2027-02-14,2026-08-06 00:07:33
2026-08-06,CNY-2027-after,CTS,184,17186,CX,CX584,0,CTS,2027-02-06 10:25,2027-02-06 15:55,270,,nonstop,0,2027-02-06,2027-02-14,2026-08-06 00:07:33
2026-08-06,CNY-2027-after,CTS,184,17186,CX,CX586,0,CTS,2027-02-06 12:25,2027-02-06 17:50,265,,nonstop,0,2027-02-06,2027-02-14,2026-08-06 00:07:33
2026-08-06,CNY-2027-after,CTS,184,9162,NH,NH860>NH53,1,CTS,2027-02-06 14:20,2027-02-07 09:30,1090,HND,any,0,2027-02-06,2027-02-14,2026-08-06 00:07:33
2026-08-06,CNY-2027-after,CTS,184,9204,JL,JL26>JL501,1,CTS,2027-02-06 15:35,2027-02-07 08:00,925,HND,any,0,2027-02-06,2027-02-14,2026-08-06 00:07:33
2026-08-06,CNY-2027-after,CTS,184,9632,NH,NH812>NH77,1,CTS,2027-02-06 10:00,2027-02-06 20:30,570,NRT,any,0,2027-02-06,2027-02-14,2026-08-06 00:07:33
2026-08-06,CNY-2027-after,CTS,184,9890,KE,KE2012>KE769,1,CTS,2027-02-06 00:55,2027-02-06 15:40,825,ICN,any,0,2027-02-06,2027-02-14,2026-08-06 00:07:33
2026-08-06,CNY-2027-after,CTS,184,10663,NH,NH814>NH987,1,CTS,2027-02-06 00:05,2027-02-06 07:50,405,HND,any,1,2027-02-06,2027-02-14,2026-08-06 00:07:33
2026-08-06,CNY-2027-after,CTS,184,13086,HB,HB880,0,CTS,2027-02-06 09:15,2027-02-06 15:00,285,,any,1,2027-02-06,2027-02-14,2026-08-06 00:07:33
2026-08-06,CNY-2027-after,CTS,184,15019,CX,CX580,0,CTS,2027-02-06 09:10,2027-02-06 14:50,280,,any,1,2027-02-06,2027-02-14,2026-08-06 00:07:33
2026-08-06,CNY-2027-after,CTS,184,15019,CX,CX584,0,CTS,2027-02-06 10:25,2027-02-06 15:55,270,,any,0,2027-02-06,2027-02-14,2026-08-06 00:07:33
2026-08-06,CNY-2027-after,CTS,184,15019,CX,CX586,0,CTS,2027-02-06 12:25,2027-02-06 17:50,265,,any,0,2027-02-06,2027-02-14,2026-08-06 00:07:33
2026-08-06,CNY-2027-after,HKD,184,9210,JL,JL26>JL585,1,HKD,2027-02-06 15:35,2027-02-07 08:55,980,HND,any,1,2027-02-06,2027-02-14,2026-08-06 00:07:33
2026-08-06,CNY-2027-after,HKD,184,9899,NH,NH860>NH553,1,HKD,2027-02-06 14:20,2027-02-07 11:00,1180,HND,any,0,2027-02-06,2027-02-14,2026-08-06 00:07:33
2026-08-06,CNY-2027-after,HKD,184,9973,NH,NH814>NH17>NH745,2,HKD,2027-02-06 00:05,2027-02-06 12:45,700,HND-ITM,any,1,2027-02-06,2027-02-14,2026-08-06 00:07:33
2026-08-06,CNY-2027-after,HKD,184,9973,NH,NH814>NH985>NH745,2,HKD,2027-02-06 00:05,2027-02-06 12:45,700,HND-ITM,any,0,2027-02-06,2027-02-14,2026-08-06 00:07:33
2026-08-06,CNY-2027-after,HKD,184,10669,NH,NH814>NH553,1,HKD,2027-02-06 00:05,2027-02-06 11:00,595,HND,any,1,2027-02-06,2027-02-14,2026-08-06 00:07:33
2026-08-06,CNY-2027-after,HKD,184,10669,NH,NH812>NH559,1,HKD,2027-02-06 10:00,2027-02-06 19:45,525,NRT,any,1,2027-02-06,2027-02-14,2026-08-06 00:07:33
2026-08-06,CNY-2027-after,HKD,184,12781,CX+JL,CX524>JL587,1,HKD,2027-02-06 01:25,2027-02-06 14:10,705,NRT,any,0,2027-02-06,2027-02-14,2026-08-06 00:07:33
2026-08-06,CNY-2027-after,HKD,184,13151,CX+JL,CX542>JL585,1,HKD,2027-02-06 16:30,2027-02-07 08:55,925,HND,any,0,2027-02-06,2027-02-14,2026-08-06 00:07:33
2026-08-07,XMAS-2026,TYO,135,4379,UO,UO628,0,HND,2026-12-20 19:55,2026-12-21 00:45,230,,nonstop,1,2026-12-20,2027-01-03,2026-08-07 00:42:33
2026-08-07,XMAS-2026,TYO,135,4829,UO,UO622,0,HND,2026-12-20 17:55,2026-12-20 22:45,230,,nonstop,1,2026-12-20,2027-01-03,2026-08-07 00:42:33
2026-08-07,XMAS-2026,TYO,135,4829,UO,UO624,0,HND,2026-12-20 23:55,2026-12-21 04:45,230,,nonstop,1,2026-12-20,2027-01-03,2026-08-07 00:42:33
2026-08-07,XMAS-2026,TYO,135,5959,UO,UO650,0,NRT,2026-12-20 14:00,2026-12-20 19:05,245,,nonstop,0,2026-12-20,2027-01-03,2026-08-07 00:42:33
2026-08-07,XMAS-2026,TYO,135,5959,UO,UO652,0,NRT,2026-12-20 14:55,2026-12-20 20:00,245,,nonstop,0,2026-12-20,2027-01-03,2026-08-07 00:42:33
2026-08-07,XMAS-2026,TYO,135,5979,UO,UO854,0,NRT,2026-12-20 02:00,2026-12-20 07:05,245,,nonstop,0,2026-12-20,2027-01-03,2026-08-07 00:42:33
2026-08-07,XMAS-2026,TYO,135,5979,UO,UO646,0,NRT,2026-12-20 13:00,2026-12-20 18:05,245,,nonstop,0,2026-12-20,2027-01-03,2026-08-07 00:42:33
2026-08-07,XMAS-2026,TYO,135,6379,UO,UO848,0,NRT,2026-12-20 09:20,2026-12-20 14:25,245,,nonstop,0,2026-12-20,2027-01-03,2026-08-07 00:42:33
2026-08-07,XMAS-2026,TYO,135,6379,UO,UO870,0,NRT,2026-12-20 10:50,2026-12-20 15:55,245,,nonstop,0,2026-12-20,2027-01-03,2026-08-07 00:42:33
2026-08-07,XMAS-2026,TYO,135,6862,HB,HB320,0,NRT,2026-12-20 09:05,2026-12-20 14:10,245,,nonstop,1,2026-12-20,2027-01-03,2026-08-07 00:42:33
2026-08-07,XMAS-2026,TYO,135,7148,NH,NH860,0,HND,2026-12-20 14:20,2026-12-20 19:15,235,,nonstop,1,2026-12-20,2027-01-03,2026-08-07 00:42:33
2026-08-07,XMAS-2026,TYO,135,7648,NH,NH814,0,HND,2026-12-20 00:05,2026-12-20 04:55,230,,nonstop,0,2026-12-20,2027-01-03,2026-08-07 00:42:33
2026-08-07,XMAS-2026,TYO,135,9372,CX,CX524,0,NRT,2026-12-20 01:25,2026-12-20 06:30,245,,nonstop,0,2026-12-20,2027-01-03,2026-08-07 00:42:33
2026-08-07,XMAS-2026,TYO,135,9372,CX,CX526,0,NRT,2026-12-20 08:15,2026-12-20 13:10,235,,nonstop,0,2026-12-20,2027-01-03,2026-08-07 00:42:33
2026-08-07,XMAS-2026,TYO,135,9372,CX,CX504,0,NRT,2026-12-20 09:05,2026-12-20 14:10,245,,nonstop,0,2026-12-20,2027-01-03,2026-08-07 00:42:33
2026-08-07,XMAS-2026,TYO,135,9372,CX,CX520,0,NRT,2026-12-20 10:30,2026-12-20 15:35,245,,nonstop,0,2026-12-20,2027-01-03,2026-08-07 00:42:33
2026-08-07,XMAS-2026,TYO,135,9372,CX,CX500,0,NRT,2026-12-20 15:25,2026-12-20 20:20,235,,nonstop,0,2026-12-20,2027-01-03,2026-08-07 00:42:33
2026-08-07,XMAS-2026,TYO,135,10432,JL,JL736,0,NRT,2026-12-20 10:20,2026-12-20 15:20,240,,nonstop,0,2026-12-20,2027-01-03,2026-08-07 00:42:33
2026-08-07,XMAS-2026,TYO,135,10701,NH,NH812,0,NRT,2026-12-20 10:00,2026-12-20 15:10,250,,nonstop,0,2026-12-20,2027-01-03,2026-08-07 00:42:33
2026-08-07,XMAS-2026,TYO,135,11192,CX,CX542,0,HND,2026-12-20 16:30,2026-12-20 21:15,225,,nonstop,0,2026-12-20,2027-01-03,2026-08-07 00:42:33
2026-08-07,XMAS-2026,TYO,135,11652,CX,CX548,0,HND,2026-12-20 08:55,2026-12-20 13:45,230,,nonstop,0,2026-12-20,2027-01-03,2026-08-07 00:42:33
2026-08-07,XMAS-2026,TYO,135,11690,JL,JL26,0,HND,2026-12-20 15:35,2026-12-20 20:25,230,,nonstop,0,2026-12-20,2027-01-03,2026-08-07 00:42:33
2026-08-07,XMAS-2026,SDJ,135,5099,UO,UO890,0,SDJ,2026-12-20 09:00,2026-12-20 14:05,245,,nonstop,0,2026-12-20,2027-01-03,2026-08-07 00:42:33
2026-08-07,XMAS-2026,CTS,135,8116,HB,HB2886,0,CTS,2026-12-20 01:15,2026-12-20 07:00,285,,nonstop,1,2026-12-20,2027-01-03,2026-08-07 00:42:33
2026-08-07,XMAS-2026,CTS,135,8526,HB,HB880,0,CTS,2026-12-20 09:15,2026-12-20 15:00,285,,nonstop,1,2026-12-20,2027-01-03,2026-08-07 00:42:33
2026-08-07,XMAS-2026,CTS,135,16691,CX,CX580,0,CTS,2026-12-20 09:10,2026-12-20 14:50,280,,nonstop,0,2026-12-20,2027-01-03,2026-08-07 00:42:33
2026-08-07,XMAS-2026,CTS,135,16691,CX,CX584,0,CTS,2026-12-20 10:25,2026-12-20 15:55,270,,nonstop,0,2026-12-20,2027-01-03,2026-08-07 00:42:33
2026-08-07,XMAS-2026,CTS,135,16691,CX,CX586,0,CTS,2026-12-20 12:25,2026-12-20 17:50,265,,nonstop,0,2026-12-20,2027-01-03,2026-08-07 00:42:33
2026-08-07,XMAS-2026,CTS,135,8116,HB,HB2886,0,CTS,2026-12-20 01:15,2026-12-20 07:00,285,,any,1,2026-12-20,2027-01-03,2026-08-07 00:42:33
2026-08-07,XMAS-2026,CTS,135,8222,KE,KE2012>KE769,1,CTS,2026-12-20 00:55,2026-12-20 15:40,825,ICN,any,0,2026-12-20,2027-01-03,2026-08-07 00:42:33
2026-08-07,XMAS-2026,CTS,135,8526,HB,HB880,0,CTS,2026-12-20 09:15,2026-12-20 15:00,285,,any,1,2026-12-20,2027-01-03,2026-08-07 00:42:33
2026-08-07,XMAS-2026,CTS,135,10432,NH,NH812>NH77,1,CTS,2026-12-20 10:00,2026-12-20 20:30,570,NRT,any,0,2026-12-20,2027-01-03,2026-08-07 00:42:33
2026-08-07,XMAS-2026,CTS,135,13610,BR,BR858>BR166,1,CTS,2026-12-20 21:10,2026-12-21 11:00,770,TPE,any,0,2026-12-20,2027-01-03,2026-08-07 00:42:33
2026-08-07,XMAS-2026,CTS,135,15020,CX,CX580,0,CTS,2026-12-20 09:10,2026-12-20 14:50,280,,any,1,2026-12-20,2027-01-03,2026-08-07 00:42:33
2026-08-07,XMAS-2026,CTS,135,15020,CX,CX584,0,CTS,2026-12-20 10:25,2026-12-20 15:55,270,,any,0,2026-12-20,2027-01-03,2026-08-07 00:42:33
2026-08-07,XMAS-2026,CTS,135,15020,CX,CX586,0,CTS,2026-12-20 12:25,2026-12-20 17:50,265,,any,0,2026-12-20,2027-01-03,2026-08-07 00:42:33
2026-08-07,CNY-2027-before,TYO,176,3249,UO,UO646,0,NRT,2027-01-30 13:00,2027-01-30 18:05,245,,nonstop,1,2027-01-30,2027-02-07,2026-08-07 00:42:33
2026-08-07,CNY-2027-before,TYO,176,3249,UO,UO650,0,NRT,2027-01-30 14:00,2027-01-30 19:05,245,,nonstop,1,2027-01-30,2027-02-07,2026-08-07 00:42:33
2026-08-07,CNY-2027-before,TYO,176,3249,UO,UO652,0,NRT,2027-01-30 14:55,2027-01-30 20:00,245,,nonstop,1,2027-01-30,2027-02-07,2026-08-07 00:42:33
2026-08-07,CNY-2027-before,TYO,176,3449,UO,UO848,0,NRT,2027-01-30 09:20,2027-01-30 14:25,245,,nonstop,1,2027-01-30,2027-02-07,2026-08-07 00:42:33
2026-08-07,CNY-2027-before,TYO,176,3619,UO,UO622,0,HND,2027-01-30 17:55,2027-01-30 22:45,230,,nonstop,0,2027-01-30,2027-02-07,2026-08-07 00:42:33
2026-08-07,CNY-2027-before,TYO,176,3619,UO,UO628,0,HND,2027-01-30 19:55,2027-01-31 00:45,230,,nonstop,0,2027-01-30,2027-02-07,2026-08-07 00:42:33
2026-08-07,CNY-2027-before,TYO,176,3649,UO,UO854,0,NRT,2027-01-30 02:00,2027-01-30 07:05,245,,nonstop,0,2027-01-30,2027-02-07,2026-08-07 00:42:33
2026-08-07,CNY-2027-before,TYO,176,3889,UO,UO624,0,HND,2027-01-30 23:55,2027-01-31 04:45,230,,nonstop,0,2027-01-30,2027-02-07,2026-08-07 00:42:33
2026-08-07,CNY-2027-before,TYO,176,3899,UO,UO870,0,NRT,2027-01-30 10:50,2027-01-30 15:55,245,,nonstop,0,2027-01-30,2027-02-07,2026-08-07 00:42:33
2026-08-07,CNY-2027-before,TYO,176,4801,HB,HB320,0,NRT,2027-01-30 09:05,2027-01-30 14:10,245,,nonstop,1,2027-01-30,2027-02-07,2026-08-07 00:42:33
2026-08-07,CNY-2027-before,TYO,176,6109,NH,NH812,0,NRT,2027-01-30 10:00,2027-01-30 15:10,250,,nonstop,0,2027-01-30,2027-02-07,2026-08-07 00:42:33
2026-08-07,CNY-2027-before,TYO,176,6581,JL,JL736,0,NRT,2027-01-30 10:20,2027-01-30 15:20,240,,nonstop,0,2027-01-30,2027-02-07,2026-08-07 00:42:33
2026-08-07,CNY-2027-before,TYO,176,7518,NH,NH860,0,HND,2027-01-30 14:20,2027-01-30 19:15,235,,nonstop,0,2027-01-30,2027-02-07,2026-08-07 00:42:33
2026-08-07,CNY-2027-before,TYO,176,7650,JL,JL26,0,HND,2027-01-30 15:35,2027-01-30 20:25,230,,nonstop,0,2027-01-30,2027-02-07,2026-08-07 00:42:33
2026-08-07,CNY-2027-before,TYO,176,8248,NH,NH814,0,HND,2027-01-30 00:05,2027-01-30 04:55,230,,nonstop,0,2027-01-30,2027-02-07,2026-08-07 00:42:33
2026-08-07,CNY-2027-before,TYO,176,8751,CX,CX524,0,NRT,2027-01-30 01:25,2027-01-30 06:30,245,,nonstop,0,2027-01-30,2027-02-07,2026-08-07 00:42:33
2026-08-07,CNY-2027-before,TYO,176,8751,CX,CX504,0,NRT,2027-01-30 09:05,2027-01-30 14:10,245,,nonstop,0,2027-01-30,2027-02-07,2026-08-07 00:42:33
2026-08-07,CNY-2027-before,TYO,176,8751,CX,CX520,0,NRT,2027-01-30 10:30,2027-01-30 15:35,245,,nonstop,0,2027-01-30,2027-02-07,2026-08-07 00:42:33
2026-08-07,CNY-2027-before,TYO,176,8751,CX,CX500,0,NRT,2027-01-30 15:25,2027-01-30 20:20,235,,nonstop,0,2027-01-30,2027-02-07,2026-08-07 00:42:33
2026-08-07,CNY-2027-before,TYO,176,8772,CX,CX542,0,HND,2027-01-30 16:30,2027-01-30 21:15,225,,nonstop,0,2027-01-30,2027-02-07,2026-08-07 00:42:33
2026-08-07,CNY-2027-before,TYO,176,10991,CX,CX526,0,NRT,2027-01-30 08:15,2027-01-30 13:10,235,,nonstop,0,2027-01-30,2027-02-07,2026-08-07 00:42:33
2026-08-07,CNY-2027-before,TYO,176,11132,CX,CX548,0,HND,2027-01-30 08:55,2027-01-30 13:45,230,,nonstop,0,2027-01-30,2027-02-07,2026-08-07 00:42:33
2026-08-07,CNY-2027-before,SDJ,176,4099,UO,UO890,0,SDJ,2027-01-30 09:00,2027-01-30 14:05,245,,nonstop,0,2027-01-30,2027-02-07,2026-08-07 00:42:33
2026-08-07,CNY-2027-before,CTS,176,5206,HB,HB880,0,CTS,2027-01-30 09:15,2027-01-30 15:00,285,,nonstop,1,2027-01-30,2027-02-07,2026-08-07 00:42:33
2026-08-07,CNY-2027-before,CTS,176,17186,CX,CX580,0,CTS,2027-01-30 09:10,2027-01-30 14:50,280,,nonstop,0,2027-01-30,2027-02-07,2026-08-07 00:42:33
2026-08-07,CNY-2027-before,CTS,176,17186,CX,CX584,0,CTS,2027-01-30 10:25,2027-01-30 15:55,270,,nonstop,0,2027-01-30,2027-02-07,2026-08-07 00:42:33
2026-08-07,CNY-2027-before,CTS,176,17186,CX,CX586,0,CTS,2027-01-30 12:25,2027-01-30 17:50,265,,nonstop,0,2027-01-30,2027-02-07,2026-08-07 00:42:33
2026-08-07,CNY-2027-before,CTS,176,4482,NH,NH860>NH987,1,CTS,2027-01-30 14:20,2027-01-31 07:50,990,HND,any,0,2027-01-30,2027-02-07,2026-08-07 00:42:33
2026-08-07,CNY-2027-before,CTS,176,5206,HB,HB880,0,CTS,2027-01-30 09:15,2027-01-30 15:00,285,,any,1,2027-01-30,2027-02-07,2026-08-07 00:42:33
2026-08-07,CNY-2027-before,CTS,176,5282,NH,NH812>NH81,1,CTS,2027-01-30 10:00,2027-01-30 22:05,665,NRT,any,0,2027-01-30,2027-02-07,2026-08-07 00:42:33
2026-08-07,CNY-2027-before,CTS,176,5316,NH,NH814>NH15>NH773,2,CTS,2027-01-30 00:05,2027-01-30 11:50,645,HND-ITM,any,1,2027-01-30,2027-02-07,2026-08-07 00:42:33
2026-08-07,CNY-2027-before,CTS,176,5732,NH,NH814>NH987,1,CTS,2027-01-30 00:05,2027-01-30 07:50,405,HND,any,1,2027-01-30,2027-02-07,2026-08-07 00:42:33
2026-08-07,CNY-2027-before,CTS,176,6222,KE,KE2012>KE765,1,CTS,2027-01-30 00:55,2027-01-30 12:50,655,ICN,any,1,2027-01-30,2027-02-07,2026-08-07 00:42:33
2026-08-07,CNY-2027-before,CTS,176,6782,NH,NH812>NH2155,1,CTS,2027-01-30 10:00,2027-01-30 19:35,515,NRT,any,0,2027-01-30,2027-02-07,2026-08-07 00:42:33
2026-08-07,CNY-2027-before,CTS,176,15020,CX,CX580,0,CTS,2027-01-30 09:10,2027-01-30 14:50,280,,any,0,2027-01-30,2027-02-07,2026-08-07 00:42:33
2026-08-07,CNY-2027-before,CTS,176,15020,CX,CX584,0,CTS,2027-01-30 10:25,2027-01-30 15:55,270,,any,0,2027-01-30,2027-02-07,2026-08-07 00:42:33
2026-08-07,CNY-2027-before,CTS,176,15020,CX,CX586,0,CTS,2027-01-30 12:25,2027-01-30 17:50,265,,any,0,2027-01-30,2027-02-07,2026-08-07 00:42:33
2026-08-07,CNY-2027-before,HKD,176,5288,NH,NH814>NH553,1,HKD,2027-01-30 00:05,2027-01-30 11:00,595,HND,any,1,2027-01-30,2027-02-07,2026-08-07 00:42:33
2026-08-07,CNY-2027-before,HKD,176,5299,NH,NH860>NH553,1,HKD,2027-01-30 14:20,2027-01-31 11:00,1180,HND,any,1,2027-01-30,2027-02-07,2026-08-07 00:42:33
2026-08-07,CNY-2027-before,HKD,176,6788,NH,NH812>NH559,1,HKD,2027-01-30 10:00,2027-01-30 19:45,525,NRT,any,1,2027-01-30,2027-02-07,2026-08-07 00:42:33
2026-08-07,CNY-2027-before,HKD,176,8001,JL,JL736>JL585,1,HKD,2027-01-30 10:20,2027-01-31 08:55,1295,NRT,any,0,2027-01-30,2027-02-07,2026-08-07 00:42:33
2026-08-07,CNY-2027-before,HKD,176,9081,JL,JL26>JL585,1,HKD,2027-01-30 15:35,2027-01-31 08:55,980,HND,any,0,2027-01-30,2027-02-07,2026-08-07 00:42:33
2026-08-07,CNY-2027-before,HKD,176,10798,CX+JL,CX586>JL2741,1,HKD,2027-01-30 12:25,2027-01-31 08:15,1130,CTS,any,0,2027-01-30,2027-02-07,2026-08-07 00:42:33
2026-08-07,CNY-2027-before,HKD,176,12437,CX+NH,CX584>NH4857,1,HKD,2027-01-30 10:25,2027-01-30 18:35,430,CTS,any,0,2027-01-30,2027-02-07,2026-08-07 00:42:33
2026-08-07,CNY-2027-after,TYO,183,5349,UO,UO624,0,HND,2027-02-06 23:55,2027-02-07 04:45,230,,nonstop,1,2027-02-06,2027-02-14,2026-08-07 00:42:33
2026-08-07,CNY-2027-after,TYO,183,5629,UO,UO646,0,NRT,2027-02-06 13:00,2027-02-06 18:05,245,,nonstop,1,2027-02-06,2027-02-14,2026-08-07 00:42:33
2026-08-07,CNY-2027-after,TYO,183,5629,UO,UO650,0,NRT,2027-02-06 14:00,2027-02-06 19:05,245,,nonstop,1,2027-02-06,2027-02-14,2026-08-07 00:42:33
2026-08-07,CNY-2027-after,TYO,183,5629,UO,UO652,0,NRT,2027-02-06 14:55,2027-02-06 20:00,245,,nonstop,1,2027-02-06,2027-02-14,2026-08-07 00:42:33
2026-08-07,CNY-2027-after,TYO,183,5779,UO,UO622,0,HND,2027-02-06 17:55,2027-02-06 22:45,230,,nonstop,0,2027-02-06,2027-02-14,2026-08-07 00:42:33
2026-08-07,CNY-2027-after,TYO,183,6179,UO,UO848,0,NRT,2027-02-06 09:20,2027-02-06 14:25,245,,nonstop,1,2027-02-06,2027-02-14,2026-08-07 00:42:33
2026-08-07,CNY-2027-after,TYO,183,6179,UO,UO854,0,NRT,2027-02-06 02:00,2027-02-06 07:05,245,,nonstop,0,2027-02-06,2027-02-14,2026-08-07 00:42:33
2026-08-07,CNY-2027-after,TYO,183,6179,UO,UO870,0,NRT,2027-02-06 10:50,2027-02-06 15:55,245,,nonstop,0,2027-02-06,2027-02-14,2026-08-07 00:42:33
2026-08-07,CNY-2027-after,TYO,183,6329,UO,UO628,0,HND,2027-02-06 19:55,2027-02-07 00:45,230,,nonstop,0,2027-02-06,2027-02-14,2026-08-07 00:42:33
2026-08-07,CNY-2027-after,TYO,183,8680,JL,JL26,0,HND,2027-02-06 15:35,2027-02-06 20:25,230,,nonstop,0,2027-02-06,2027-02-14,2026-08-07 00:42:33
2026-08-07,CNY-2027-after,TYO,183,8731,HB,HB320,0,NRT,2027-02-06 09:05,2027-02-06 14:10,245,,nonstop,0,2027-02-06,2027-02-14,2026-08-07 00:42:33
2026-08-07,CNY-2027-after,TYO,183,8778,NH,NH860,0,HND,2027-02-06 14:20,2027-02-06 19:15,235,,nonstop,0,2027-02-06,2027-02-14,2026-08-07 00:42:33
2026-08-07,CNY-2027-after,TYO,183,9161,JL,JL736,0,NRT,2027-02-06 10:20,2027-02-06 15:20,240,,nonstop,0,2027-02-06,2027-02-14,2026-08-07 00:42:33
2026-08-07,CNY-2027-after,TYO,183,9548,NH,NH814,0,HND,2027-02-06 00:05,2027-02-06 04:55,230,,nonstop,0,2027-02-06,2027-02-14,2026-08-07 00:42:33
2026-08-07,CNY-2027-after,TYO,183,10289,NH,NH812,0,NRT,2027-02-06 10:00,2027-02-06 15:10,250,,nonstop,0,2027-02-06,2027-02-14,2026-08-07 00:42:33
2026-08-07,CNY-2027-after,TYO,183,10441,CX,CX524,0,NRT,2027-02-06 01:25,2027-02-06 06:30,245,,nonstop,0,2027-02-06,2027-02-14,2026-08-07 00:42:33
2026-08-07,CNY-2027-after,TYO,183,10441,CX,CX504,0,NRT,2027-02-06 09:05,2027-02-06 14:10,245,,nonstop,0,2027-02-06,2027-02-14,2026-08-07 00:42:33
2026-08-07,CNY-2027-after,TYO,183,10441,CX,CX520,0,NRT,2027-02-06 10:30,2027-02-06 15:35,245,,nonstop,0,2027-02-06,2027-02-14,2026-08-07 00:42:33
2026-08-07,CNY-2027-after,TYO,183,10441,CX,CX500,0,NRT,2027-02-06 15:25,2027-02-06 20:20,235,,nonstop,0,2027-02-06,2027-02-14,2026-08-07 00:42:33
2026-08-07,CNY-2027-after,TYO,183,10472,CX,CX542,0,HND,2027-02-06 16:30,2027-02-06 21:15,225,,nonstop,0,2027-02-06,2027-02-14,2026-08-07 00:42:33
2026-08-07,CNY-2027-after,TYO,183,12832,CX,CX548,0,HND,2027-02-06 08:55,2027-02-06 13:45,230,,nonstop,0,2027-02-06,2027-02-14,2026-08-07 00:42:33
2026-08-07,CNY-2027-after,TYO,183,15201,CX,CX526,0,NRT,2027-02-06 08:15,2027-02-06 13:10,235,,nonstop,0,2027-02-06,2027-02-14,2026-08-07 00:42:33
2026-08-07,CNY-2027-after,SDJ,183,9089,UO,UO890,0,SDJ,2027-02-06 09:00,2027-02-06 14:05,245,,nonstop,0,2027-02-06,2027-02-14,2026-08-07 00:42:33
2026-08-07,CNY-2027-after,CTS,183,13086,HB,HB880,0,CTS,2027-02-06 09:15,2027-02-06 15:00,285,,nonstop,1,2027-02-06,2027-02-14,2026-08-07 00:42:33
2026-08-07,CNY-2027-after,CTS,183,17186,CX,CX580,0,CTS,2027-02-06 09:10,2027-02-06 14:50,280,,nonstop,0,2027-02-06,2027-02-14,2026-08-07 00:42:33
2026-08-07,CNY-2027-after,CTS,183,17186,CX,CX584,0,CTS,2027-02-06 10:25,2027-02-06 15:55,270,,nonstop,0,2027-02-06,2027-02-14,2026-08-07 00:42:33
2026-08-07,CNY-2027-after,CTS,183,17186,CX,CX586,0,CTS,2027-02-06 12:25,2027-02-06 17:50,265,,nonstop,0,2027-02-06,2027-02-14,2026-08-07 00:42:33
2026-08-07,CNY-2027-after,CTS,183,9204,JL,JL26>JL501,1,CTS,2027-02-06 15:35,2027-02-07 08:00,925,HND,any,0,2027-02-06,2027-02-14,2026-08-07 00:42:33
2026-08-07,CNY-2027-after,CTS,183,9852,NH,NH812>NH77,1,CTS,2027-02-06 10:00,2027-02-06 20:30,570,NRT,any,0,2027-02-06,2027-02-14,2026-08-07 00:42:33
2026-08-07,CNY-2027-after,CTS,183,9892,KE,KE2012>KE769,1,CTS,2027-02-06 00:55,2027-02-06 15:40,825,ICN,any,0,2027-02-06,2027-02-14,2026-08-07 00:42:33
2026-08-07,CNY-2027-after,CTS,183,10982,NH,NH814>NH987,1,CTS,2027-02-06 00:05,2027-02-06 07:50,405,HND,any,1,2027-02-06,2027-02-14,2026-08-07 00:42:33
2026-08-07,CNY-2027-after,CTS,183,13086,HB,HB880,0,CTS,2027-02-06 09:15,2027-02-06 15:00,285,,any,1,2027-02-06,2027-02-14,2026-08-07 00:42:33
2026-08-07,CNY-2027-after,CTS,183,15020,CX,CX580,0,CTS,2027-02-06 09:10,2027-02-06 14:50,280,,any,1,2027-02-06,2027-02-14,2026-08-07 00:42:33
2026-08-07,CNY-2027-after,CTS,183,15020,CX,CX584,0,CTS,2027-02-06 10:25,2027-02-06 15:55,270,,any,0,2027-02-06,2027-02-14,2026-08-07 00:42:33
2026-08-07,CNY-2027-after,CTS,183,15020,CX,CX586,0,CTS,2027-02-06 12:25,2027-02-06 17:50,265,,any,0,2027-02-06,2027-02-14,2026-08-07 00:42:33
2026-08-07,CNY-2027-after,HKD,183,9168,NH,NH860>NH553,1,HKD,2027-02-06 14:20,2027-02-07 11:00,1180,HND,any,0,2027-02-06,2027-02-14,2026-08-07 00:42:33
2026-08-07,CNY-2027-after,HKD,183,9210,JL,JL26>JL585,1,HKD,2027-02-06 15:35,2027-02-07 08:55,980,HND,any,1,2027-02-06,2027-02-14,2026-08-07 00:42:33
2026-08-07,CNY-2027-after,HKD,183,9972,NH,NH814>NH17>NH745,2,HKD,2027-02-06 00:05,2027-02-06 12:45,700,HND-ITM,any,1,2027-02-06,2027-02-14,2026-08-07 00:42:33
2026-08-07,CNY-2027-after,HKD,183,10669,NH,NH814>NH553,1,HKD,2027-02-06 00:05,2027-02-06 11:00,595,HND,any,1,2027-02-06,2027-02-14,2026-08-07 00:42:33
2026-08-07,CNY-2027-after,HKD,183,10669,NH,NH812>NH559,1,HKD,2027-02-06 10:00,2027-02-06 19:45,525,NRT,any,1,2027-02-06,2027-02-14,2026-08-07 00:42:33
2026-08-07,CNY-2027-after,HKD,183,12781,CX+JL,CX524>JL587,1,HKD,2027-02-06 01:25,2027-02-06 14:10,705,NRT,any,0,2027-02-06,2027-02-14,2026-08-07 00:42:33
2026-08-07,CNY-2027-after,HKD,183,13151,CX+JL,CX542>JL585,1,HKD,2027-02-06 16:30,2027-02-07 08:55,925,HND,any,0,2027-02-06,2027-02-14,2026-08-07 00:42:33
2026-08-08,XMAS-2026,TYO,134,4579,UO,UO628,0,HND,2026-12-20 19:55,2026-12-21 00:45,230,,nonstop,1,2026-12-20,2027-01-03,2026-08-07 22:58:16
2026-08-08,XMAS-2026,TYO,134,4829,UO,UO622,0,HND,2026-12-20 17:55,2026-12-20 22:45,230,,nonstop,1,2026-12-20,2027-01-03,2026-08-07 22:58:16
2026-08-08,XMAS-2026,TYO,134,5159,UO,UO650,0,NRT,2026-12-20 14:00,2026-12-20 19:05,245,,nonstop,0,2026-12-20,2027-01-03,2026-08-07 22:58:16
2026-08-08,XMAS-2026,TYO,134,5159,UO,UO652,0,NRT,2026-12-20 14:55,2026-12-20 20:00,245,,nonstop,0,2026-12-20,2027-01-03,2026-08-07 22:58:16
2026-08-08,XMAS-2026,TYO,134,5179,UO,UO624,0,HND,2026-12-20 23:55,2026-12-21 04:45,230,,nonstop,0,2026-12-20,2027-01-03,2026-08-07 22:58:16
2026-08-08,XMAS-2026,TYO,134,5629,UO,UO646,0,NRT,2026-12-20 13:00,2026-12-20 18:05,245,,nonstop,0,2026-12-20,2027-01-03,2026-08-07 22:58:16
2026-08-08,XMAS-2026,TYO,134,5979,UO,UO854,0,NRT,2026-12-20 02:00,2026-12-20 07:05,245,,nonstop,0,2026-12-20,2027-01-03,2026-08-07 22:58:16
2026-08-08,XMAS-2026,TYO,134,5979,UO,UO848,0,NRT,2026-12-20 09:20,2026-12-20 14:25,245,,nonstop,0,2026-12-20,2027-01-03,2026-08-07 22:58:16
2026-08-08,XMAS-2026,TYO,134,5979,UO,UO870,0,NRT,2026-12-20 10:50,2026-12-20 15:55,245,,nonstop,0,2026-12-20,2027-01-03,2026-08-07 22:58:16
2026-08-08,XMAS-2026,TYO,134,7147,NH,NH860,0,HND,2026-12-20 14:20,2026-12-20 19:15,235,,nonstop,1,2026-12-20,2027-01-03,2026-08-07 22:58:16
2026-08-08,XMAS-2026,TYO,134,7300,HB,HB320,0,NRT,2026-12-20 09:05,2026-12-20 14:10,245,,nonstop,0,2026-12-20,2027-01-03,2026-08-07 22:58:16
2026-08-08,XMAS-2026,TYO,134,7647,NH,NH814,0,HND,2026-12-20 00:05,2026-12-20 04:55,230,,nonstop,0,2026-12-20,2027-01-03,2026-08-07 22:58:16
2026-08-08,XMAS-2026,TYO,134,9210,CX,CX524,0,NRT,2026-12-20 01:25,2026-12-20 06:30,245,,nonstop,0,2026-12-20,2027-01-03,2026-08-07 22:58:16
2026-08-08,XMAS-2026,TYO,134,9210,CX,CX526,0,NRT,2026-12-20 08:15,2026-12-20 13:10,235,,nonstop,0,2026-12-20,2027-01-03,2026-08-07 22:58:16
2026-08-08,XMAS-2026,TYO,134,9210,CX,CX504,0,NRT,2026-12-20 09:05,2026-12-20 14:10,245,,nonstop,0,2026-12-20,2027-01-03,2026-08-07 22:58:16
2026-08-08,XMAS-2026,TYO,134,9210,CX,CX520,0,NRT,2026-12-20 10:30,2026-12-20 15:35,245,,nonstop,0,2026-12-20,2027-01-03,2026-08-07 22:58:16
2026-08-08,XMAS-2026,TYO,134,9210,CX,CX500,0,NRT,2026-12-20 15:25,2026-12-20 20:20,235,,nonstop,0,2026-12-20,2027-01-03,2026-08-07 22:58:16
2026-08-08,XMAS-2026,TYO,134,11191,CX,CX542,0,HND,2026-12-20 16:30,2026-12-20 21:15,225,,nonstop,0,2026-12-20,2027-01-03,2026-08-07 22:58:16
2026-08-08,XMAS-2026,TYO,134,11651,CX,CX548,0,HND,2026-12-20 08:55,2026-12-20 13:45,230,,nonstop,0,2026-12-20,2027-01-03,2026-08-07 22:58:16
2026-08-08,XMAS-2026,TYO,134,11689,JL,JL26,0,HND,2026-12-20 15:35,2026-12-20 20:25,230,,nonstop,0,2026-12-20,2027-01-03,2026-08-07 22:58:16
2026-08-08,XMAS-2026,TYO,134,11700,JL,JL736,0,NRT,2026-12-20 10:20,2026-12-20 15:20,240,,nonstop,0,2026-12-20,2027-01-03,2026-08-07 22:58:16
2026-08-08,XMAS-2026,TYO,134,12508,NH,NH812,0,NRT,2026-12-20 10:00,2026-12-20 15:10,250,,nonstop,0,2026-12-20,2027-01-03,2026-08-07 22:58:16
2026-08-08,XMAS-2026,SDJ,134,5499,UO,UO890,0,SDJ,2026-12-20 09:00,2026-12-20 14:05,245,,nonstop,0,2026-12-20,2027-01-03,2026-08-07 22:58:16
2026-08-08,XMAS-2026,CTS,134,8114,HB,HB2886,0,CTS,2026-12-20 01:15,2026-12-20 07:00,285,,nonstop,1,2026-12-20,2027-01-03,2026-08-07 22:58:16
2026-08-08,XMAS-2026,CTS,134,8524,HB,HB880,0,CTS,2026-12-20 09:15,2026-12-20 15:00,285,,nonstop,1,2026-12-20,2027-01-03,2026-08-07 22:58:16
2026-08-08,XMAS-2026,CTS,134,16720,CX,CX580,0,CTS,2026-12-20 09:10,2026-12-20 14:50,280,,nonstop,0,2026-12-20,2027-01-03,2026-08-07 22:58:16
2026-08-08,XMAS-2026,CTS,134,16720,CX,CX584,0,CTS,2026-12-20 10:25,2026-12-20 15:55,270,,nonstop,0,2026-12-20,2027-01-03,2026-08-07 22:58:16
2026-08-08,XMAS-2026,CTS,134,16720,CX,CX586,0,CTS,2026-12-20 12:25,2026-12-20 17:50,265,,nonstop,0,2026-12-20,2027-01-03,2026-08-07 22:58:16
2026-08-08,XMAS-2026,CTS,134,8114,HB,HB2886,0,CTS,2026-12-20 01:15,2026-12-20 07:00,285,,any,1,2026-12-20,2027-01-03,2026-08-07 22:58:16
2026-08-08,XMAS-2026,CTS,134,8220,KE,KE2012>KE769,1,CTS,2026-12-20 00:55,2026-12-20 15:40,825,ICN,any,0,2026-12-20,2027-01-03,2026-08-07 22:58:16
2026-08-08,XMAS-2026,CTS,134,8524,HB,HB880,0,CTS,2026-12-20 09:15,2026-12-20 15:00,285,,any,1,2026-12-20,2027-01-03,2026-08-07 22:58:16
2026-08-08,XMAS-2026,CTS,134,9281,NH,NH860>NH51,1,CTS,2026-12-20 14:20,2026-12-21 08:30,1030,HND,any,0,2026-12-20,2027-01-03,2026-08-07 22:58:16
2026-08-08,XMAS-2026,CTS,134,10931,NH,NH812>NH77,1,CTS,2026-12-20 10:00,2026-12-20 20:30,570,NRT,any,0,2026-12-20,2027-01-03,2026-08-07 22:58:16
2026-08-08,XMAS-2026,CTS,134,15018,CX,CX580,0,CTS,2026-12-20 09:10,2026-12-20 14:50,280,,any,1,2026-12-20,2027-01-03,2026-08-07 22:58:16
2026-08-08,XMAS-2026,CTS,134,15018,CX,CX584,0,CTS,2026-12-20 10:25,2026-12-20 15:55,270,,any,0,2026-12-20,2027-01-03,2026-08-07 22:58:16
2026-08-08,XMAS-2026,CTS,134,15018,CX,CX586,0,CTS,2026-12-20 12:25,2026-12-20 17:50,265,,any,0,2026-12-20,2027-01-03,2026-08-07 22:58:16
2026-08-08,CNY-2027-before,TYO,175,3249,UO,UO646,0,NRT,2027-01-30 13:00,2027-01-30 18:05,245,,nonstop,0,2027-01-30,2027-02-07,2026-08-07 22:58:16
2026-08-08,CNY-2027-before,TYO,175,3249,UO,UO650,0,NRT,2027-01-30 14:00,2027-01-30 19:05,245,,nonstop,0,2027-01-30,2027-02-07,2026-08-07 22:58:16
2026-08-08,CNY-2027-before,TYO,175,3249,UO,UO652,0,NRT,2027-01-30 14:55,2027-01-30 20:00,245,,nonstop,0,2027-01-30,2027-02-07,2026-08-07 22:58:16
2026-08-08,CNY-2027-before,TYO,175,3449,UO,UO848,0,NRT,2027-01-30 09:20,2027-01-30 14:25,245,,nonstop,1,2027-01-30,2027-02-07,2026-08-07 22:58:16
2026-08-08,CNY-2027-before,TYO,175,3619,UO,UO628,0,HND,2027-01-30 19:55,2027-01-31 00:45,230,,nonstop,0,2027-01-30,2027-02-07,2026-08-07 22:58:16
2026-08-08,CNY-2027-before,TYO,175,3649,UO,UO854,0,NRT,2027-01-30 02:00,2027-01-30 07:05,245,,nonstop,0,2027-01-30,2027-02-07,2026-08-07 22:58:16
2026-08-08,CNY-2027-before,TYO,175,3869,UO,UO622,0,HND,2027-01-30 17:55,2027-01-30 22:45,230,,nonstop,0,2027-01-30,2027-02-07,2026-08-07 22:58:16
2026-08-08,CNY-2027-before,TYO,175,3889,UO,UO624,0,HND,2027-01-30 23:55,2027-01-31 04:45,230,,nonstop,0,2027-01-30,2027-02-07,2026-08-07 22:58:16
2026-08-08,CNY-2027-before,TYO,175,3899,UO,UO870,0,NRT,2027-01-30 10:50,2027-01-30 15:55,245,,nonstop,0,2027-01-30,2027-02-07,2026-08-07 22:58:16
2026-08-08,CNY-2027-before,TYO,175,4397,NH,NH860,0,HND,2027-01-30 14:20,2027-01-30 19:15,235,,nonstop,1,2027-01-30,2027-02-07,2026-08-07 22:58:16
2026-08-08,CNY-2027-before,TYO,175,4800,HB,HB320,0,NRT,2027-01-30 09:05,2027-01-30 14:10,245,,nonstop,1,2027-01-30,2027-02-07,2026-08-07 22:58:16
2026-08-08,CNY-2027-before,TYO,175,5208,NH,NH812,0,NRT,2027-01-30 10:00,2027-01-30 15:10,250,,nonstop,0,2027-01-30,2027-02-07,2026-08-07 22:58:16
2026-08-08,CNY-2027-before,TYO,175,6580,JL,JL736,0,NRT,2027-01-30 10:20,2027-01-30 15:20,240,,nonstop,0,2027-01-30,2027-02-07,2026-08-07 22:58:16
2026-08-08,CNY-2027-before,TYO,175,7517,NH,NH814,0,HND,2027-01-30 00:05,2027-01-30 04:55,230,,nonstop,0,2027-01-30,2027-02-07,2026-08-07 22:58:16
2026-08-08,CNY-2027-before,TYO,175,7649,JL,JL26,0,HND,2027-01-30 15:35,2027-01-30 20:25,230,,nonstop,0,2027-01-30,2027-02-07,2026-08-07 22:58:16
2026-08-08,CNY-2027-before,TYO,175,8750,CX,CX524,0,NRT,2027-01-30 01:25,2027-01-30 06:30,245,,nonstop,0,2027-01-30,2027-02-07,2026-08-07 22:58:16
2026-08-08,CNY-2027-before,TYO,175,8750,CX,CX504,0,NRT,2027-01-30 09:05,2027-01-30 14:10,245,,nonstop,0,2027-01-30,2027-02-07,2026-08-07 22:58:16
2026-08-08,CNY-2027-before,TYO,175,8750,CX,CX520,0,NRT,2027-01-30 10:30,2027-01-30 15:35,245,,nonstop,0,2027-01-30,2027-02-07,2026-08-07 22:58:16
2026-08-08,CNY-2027-before,TYO,175,8750,CX,CX500,0,NRT,2027-01-30 15:25,2027-01-30 20:20,235,,nonstop,0,2027-01-30,2027-02-07,2026-08-07 22:58:16
2026-08-08,CNY-2027-before,TYO,175,8771,CX,CX542,0,HND,2027-01-30 16:30,2027-01-30 21:15,225,,nonstop,0,2027-01-30,2027-02-07,2026-08-07 22:58:16
2026-08-08,CNY-2027-before,TYO,175,10990,CX,CX526,0,NRT,2027-01-30 08:15,2027-01-30 13:10,235,,nonstop,0,2027-01-30,2027-02-07,2026-08-07 22:58:16
2026-08-08,CNY-2027-before,TYO,175,11131,CX,CX548,0,HND,2027-01-30 08:55,2027-01-30 13:45,230,,nonstop,0,2027-01-30,2027-02-07,2026-08-07 22:58:16
2026-08-08,CNY-2027-before,SDJ,175,4099,UO,UO890,0,SDJ,2027-01-30 09:00,2027-01-30 14:05,245,,nonstop,0,2027-01-30,2027-02-07,2026-08-07 22:58:16
2026-08-08,CNY-2027-before,CTS,175,5204,HB,HB880,0,CTS,2027-01-30 09:15,2027-01-30 15:00,285,,nonstop,1,2027-01-30,2027-02-07,2026-08-07 22:58:16
2026-08-08,CNY-2027-before,CTS,175,17184,CX,CX580,0,CTS,2027-01-30 09:10,2027-01-30 14:50,280,,nonstop,0,2027-01-30,2027-02-07,2026-08-07 22:58:16
2026-08-08,CNY-2027-before,CTS,175,17184,CX,CX584,0,CTS,2027-01-30 10:25,2027-01-30 15:55,270,,nonstop,0,2027-01-30,2027-02-07,2026-08-07 22:58:16
2026-08-08,CNY-2027-before,CTS,175,17184,CX,CX586,0,CTS,2027-01-30 12:25,2027-01-30 17:50,265,,nonstop,0,2027-01-30,2027-02-07,2026-08-07 22:58:16
2026-08-08,CNY-2027-before,CTS,175,4481,NH,NH860>NH55,1,CTS,2027-01-30 14:20,2027-01-31 10:35,1155,HND,any,0,2027-01-30,2027-02-07,2026-08-07 22:58:16
2026-08-08,CNY-2027-before,CTS,175,5204,HB,HB880,0,CTS,2027-01-30 09:15,2027-01-30 15:00,285,,any,1,2027-01-30,2027-02-07,2026-08-07 22:58:16
2026-08-08,CNY-2027-before,CTS,175,5731,NH,NH812>NH77,1,CTS,2027-01-30 10:00,2027-01-30 20:30,570,NRT,any,0,2027-01-30,2027-02-07,2026-08-07 22:58:16
2026-08-08,CNY-2027-before,CTS,175,6181,NH,NH812>NH2155,1,CTS,2027-01-30 10:00,2027-01-30 19:35,515,NRT,any,1,2027-01-30,2027-02-07,2026-08-07 22:58:16
2026-08-08,CNY-2027-before,CTS,175,6220,KE,KE2012>KE765,1,CTS,2027-01-30 00:55,2027-01-30 12:50,655,ICN,any,1,2027-01-30,2027-02-07,2026-08-07 22:58:16
2026-08-08,CNY-2027-before,CTS,175,7601,NH,NH814>NH987,1,CTS,2027-01-30 00:05,2027-01-30 07:50,405,HND,any,0,2027-01-30,2027-02-07,2026-08-07 22:58:16
2026-08-08,CNY-2027-before,CTS,175,15018,CX,CX580,0,CTS,2027-01-30 09:10,2027-01-30 14:50,280,,any,0,2027-01-30,2027-02-07,2026-08-07 22:58:16
2026-08-08,CNY-2027-before,CTS,175,15018,CX,CX584,0,CTS,2027-01-30 10:25,2027-01-30 15:55,270,,any,0,2027-01-30,2027-02-07,2026-08-07 22:58:16
2026-08-08,CNY-2027-before,CTS,175,15018,CX,CX586,0,CTS,2027-01-30 12:25,2027-01-30 17:50,265,,any,0,2027-01-30,2027-02-07,2026-08-07 22:58:16
2026-08-08,CNY-2027-before,HKD,175,4487,NH,NH860>NH553,1,HKD,2027-01-30 14:20,2027-01-31 11:00,1180,HND,any,1,2027-01-30,2027-02-07,2026-08-07 22:58:16
2026-08-08,CNY-2027-before,HKD,175,5299,NH,NH814>NH553,1,HKD,2027-01-30 00:05,2027-01-30 11:00,595,HND,any,1,2027-01-30,2027-02-07,2026-08-07 22:58:16
2026-08-08,CNY-2027-before,HKD,175,6788,NH,NH812>NH559,1,HKD,2027-01-30 10:00,2027-01-30 19:45,525,NRT,any,1,2027-01-30,2027-02-07,2026-08-07 22:58:16
2026-08-08,CNY-2027-before,HKD,175,7989,JL,JL736>JL585,1,HKD,2027-01-30 10:20,2027-01-31 08:55,1295,NRT,any,0,2027-01-30,2027-02-07,2026-08-07 22:58:16
2026-08-08,CNY-2027-before,HKD,175,9081,JL,JL26>JL585,1,HKD,2027-01-30 15:35,2027-01-31 08:55,980,HND,any,0,2027-01-30,2027-02-07,2026-08-07 22:58:16
2026-08-08,CNY-2027-before,HKD,175,9357,CX+JL,CX586>JL2741,1,HKD,2027-01-30 12:25,2027-01-31 08:15,1130,CTS,any,0,2027-01-30,2027-02-07,2026-08-07 22:58:16
2026-08-08,CNY-2027-before,HKD,175,12437,CX+NH,CX584>NH4857,1,HKD,2027-01-30 10:25,2027-01-30 18:35,430,CTS,any,0,2027-01-30,2027-02-07,2026-08-07 22:58:16
2026-08-08,CNY-2027-after,TYO,182,5349,UO,UO624,0,HND,2027-02-06 23:55,2027-02-07 04:45,230,,nonstop,1,2027-02-06,2027-02-14,2026-08-07 22:58:16
2026-08-08,CNY-2027-after,TYO,182,5629,UO,UO646,0,NRT,2027-02-06 13:00,2027-02-06 18:05,245,,nonstop,1,2027-02-06,2027-02-14,2026-08-07 22:58:16
2026-08-08,CNY-2027-after,TYO,182,5629,UO,UO650,0,NRT,2027-02-06 14:00,2027-02-06 19:05,245,,nonstop,1,2027-02-06,2027-02-14,2026-08-07 22:58:16
2026-08-08,CNY-2027-after,TYO,182,5629,UO,UO652,0,NRT,2027-02-06 14:55,2027-02-06 20:00,245,,nonstop,1,2027-02-06,2027-02-14,2026-08-07 22:58:16
2026-08-08,CNY-2027-after,TYO,182,5779,UO,UO622,0,HND,2027-02-06 17:55,2027-02-06 22:45,230,,nonstop,0,2027-02-06,2027-02-14,2026-08-07 22:58:16
2026-08-08,CNY-2027-after,TYO,182,6179,UO,UO848,0,NRT,2027-02-06 09:20,2027-02-06 14:25,245,,nonstop,1,2027-02-06,2027-02-14,2026-08-07 22:58:16
2026-08-08,CNY-2027-after,TYO,182,6179,UO,UO854,0,NRT,2027-02-06 02:00,2027-02-06 07:05,245,,nonstop,0,2027-02-06,2027-02-14,2026-08-07 22:58:16
2026-08-08,CNY-2027-after,TYO,182,6179,UO,UO870,0,NRT,2027-02-06 10:50,2027-02-06 15:55,245,,nonstop,0,2027-02-06,2027-02-14,2026-08-07 22:58:16
2026-08-08,CNY-2027-after,TYO,182,6329,UO,UO628,0,HND,2027-02-06 19:55,2027-02-07 00:45,230,,nonstop,0,2027-02-06,2027-02-14,2026-08-07 22:58:16
2026-08-08,CNY-2027-after,TYO,182,8679,JL,JL26,0,HND,2027-02-06 15:35,2027-02-06 20:25,230,,nonstop,0,2027-02-06,2027-02-14,2026-08-07 22:58:16
2026-08-08,CNY-2027-after,TYO,182,8730,HB,HB320,0,NRT,2027-02-06 09:05,2027-02-06 14:10,245,,nonstop,0,2027-02-06,2027-02-14,2026-08-07 22:58:16
2026-08-08,CNY-2027-after,TYO,182,8777,NH,NH860,0,HND,2027-02-06 14:20,2027-02-06 19:15,235,,nonstop,0,2027-02-06,2027-02-14,2026-08-07 22:58:16
2026-08-08,CNY-2027-after,TYO,182,9160,JL,JL736,0,NRT,2027-02-06 10:20,2027-02-06 15:20,240,,nonstop,0,2027-02-06,2027-02-14,2026-08-07 22:58:16
2026-08-08,CNY-2027-after,TYO,182,9547,NH,NH814,0,HND,2027-02-06 00:05,2027-02-06 04:55,230,,nonstop,0,2027-02-06,2027-02-14,2026-08-07 22:58:16
2026-08-08,CNY-2027-after,TYO,182,10440,CX,CX524,0,NRT,2027-02-06 01:25,2027-02-06 06:30,245,,nonstop,0,2027-02-06,2027-02-14,2026-08-07 22:58:16
2026-08-08,CNY-2027-after,TYO,182,10440,CX,CX504,0,NRT,2027-02-06 09:05,2027-02-06 14:10,245,,nonstop,0,2027-02-06,2027-02-14,2026-08-07 22:58:16
2026-08-08,CNY-2027-after,TYO,182,10440,CX,CX520,0,NRT,2027-02-06 10:30,2027-02-06 15:35,245,,nonstop,0,2027-02-06,2027-02-14,2026-08-07 22:58:16
2026-08-08,CNY-2027-after,TYO,182,10440,CX,CX500,0,NRT,2027-02-06 15:25,2027-02-06 20:20,235,,nonstop,0,2027-02-06,2027-02-14,2026-08-07 22:58:16
2026-08-08,CNY-2027-after,TYO,182,10471,CX,CX542,0,HND,2027-02-06 16:30,2027-02-06 21:15,225,,nonstop,0,2027-02-06,2027-02-14,2026-08-07 22:58:16
2026-08-08,CNY-2027-after,TYO,182,10888,NH,NH812,0,NRT,2027-02-06 10:00,2027-02-06 15:10,250,,nonstop,0,2027-02-06,2027-02-14,2026-08-07 22:58:16
2026-08-08,CNY-2027-after,TYO,182,12831,CX,CX548,0,HND,2027-02-06 08:55,2027-02-06 13:45,230,,nonstop,0,2027-02-06,2027-02-14,2026-08-07 22:58:16
2026-08-08,CNY-2027-after,TYO,182,15200,CX,CX526,0,NRT,2027-02-06 08:15,2027-02-06 13:10,235,,nonstop,0,2027-02-06,2027-02-14,2026-08-07 22:58:16
2026-08-08,CNY-2027-after,SDJ,182,9089,UO,UO890,0,SDJ,2027-02-06 09:00,2027-02-06 14:05,245,,nonstop,0,2027-02-06,2027-02-14,2026-08-07 22:58:16
2026-08-08,CNY-2027-after,CTS,182,13084,HB,HB880,0,CTS,2027-02-06 09:15,2027-02-06 15:00,285,,nonstop,1,2027-02-06,2027-02-14,2026-08-07 22:58:16
2026-08-08,CNY-2027-after,CTS,182,17184,CX,CX580,0,CTS,2027-02-06 09:10,2027-02-06 14:50,280,,nonstop,0,2027-02-06,2027-02-14,2026-08-07 22:58:16
2026-08-08,CNY-2027-after,CTS,182,17184,CX,CX584,0,CTS,2027-02-06 10:25,2027-02-06 15:55,270,,nonstop,0,2027-02-06,2027-02-14,2026-08-07 22:58:16
2026-08-08,CNY-2027-after,CTS,182,17184,CX,CX586,0,CTS,2027-02-06 12:25,2027-02-06 17:50,265,,nonstop,0,2027-02-06,2027-02-14,2026-08-07 22:58:16
2026-08-08,CNY-2027-after,CTS,182,9203,JL,JL26>JL501,1,CTS,2027-02-06 15:35,2027-02-07 08:00,925,HND,any,0,2027-02-06,2027-02-14,2026-08-07 22:58:16
2026-08-08,CNY-2027-after,CTS,182,9551,NH,NH812>NH653>NH379,2,CTS,2027-02-06 10:00,2027-02-07 13:55,1615,NRT-OKJ,any,0,2027-02-06,2027-02-14,2026-08-07 22:58:16
2026-08-08,CNY-2027-after,CTS,182,9852,NH,NH812>NH77,1,CTS,2027-02-06 10:00,2027-02-06 20:30,570,NRT,any,0,2027-02-06,2027-02-14,2026-08-07 22:58:16
2026-08-08,CNY-2027-after,CTS,182,9890,KE,KE2012>KE769,1,CTS,2027-02-06 00:55,2027-02-06 15:40,825,ICN,any,0,2027-02-06,2027-02-14,2026-08-07 22:58:16
2026-08-08,CNY-2027-after,CTS,182,10662,NH,NH814>NH987,1,CTS,2027-02-06 00:05,2027-02-06 07:50,405,HND,any,1,2027-02-06,2027-02-14,2026-08-07 22:58:16
2026-08-08,CNY-2027-after,CTS,182,13084,HB,HB880,0,CTS,2027-02-06 09:15,2027-02-06 15:00,285,,any,1,2027-02-06,2027-02-14,2026-08-07 22:58:16
2026-08-08,CNY-2027-after,CTS,182,15018,CX,CX580,0,CTS,2027-02-06 09:10,2027-02-06 14:50,280,,any,1,2027-02-06,2027-02-14,2026-08-07 22:58:16
2026-08-08,CNY-2027-after,CTS,182,15018,CX,CX584,0,CTS,2027-02-06 10:25,2027-02-06 15:55,270,,any,0,2027-02-06,2027-02-14,2026-08-07 22:58:16
2026-08-08,CNY-2027-after,CTS,182,15018,CX,CX586,0,CTS,2027-02-06 12:25,2027-02-06 17:50,265,,any,0,2027-02-06,2027-02-14,2026-08-07 22:58:16
2026-08-08,CNY-2027-after,HKD,182,9167,NH,NH860>NH553,1,HKD,2027-02-06 14:20,2027-02-07 11:00,1180,HND,any,0,2027-02-06,2027-02-14,2026-08-07 22:58:16
2026-08-08,CNY-2027-after,HKD,182,9209,JL,JL26>JL585,1,HKD,2027-02-06 15:35,2027-02-07 08:55,980,HND,any,1,2027-02-06,2027-02-14,2026-08-07 22:58:16
2026-08-08,CNY-2027-after,HKD,182,9971,NH,NH814>NH17>NH745,2,HKD,2027-02-06 00:05,2027-02-06 12:45,700,HND-ITM,any,1,2027-02-06,2027-02-14,2026-08-07 22:58:16
2026-08-08,CNY-2027-after,HKD,182,10669,NH,NH814>NH553,1,HKD,2027-02-06 00:05,2027-02-06 11:00,595,HND,any,1,2027-02-06,2027-02-14,2026-08-07 22:58:16
2026-08-08,CNY-2027-after,HKD,182,10669,NH,NH812>NH559,1,HKD,2027-02-06 10:00,2027-02-06 19:45,525,NRT,any,1,2027-02-06,2027-02-14,2026-08-07 22:58:16
2026-08-08,CNY-2027-after,HKD,182,12780,CX+JL,CX524>JL587,1,HKD,2027-02-06 01:25,2027-02-06 14:10,705,NRT,any,0,2027-02-06,2027-02-14,2026-08-07 22:58:16
2026-08-08,CNY-2027-after,HKD,182,13151,CX+JL,CX542>JL585,1,HKD,2027-02-06 16:30,2027-02-07 08:55,925,HND,any,0,2027-02-06,2027-02-14,2026-08-07 22:58:16
2026-08-09,XMAS-2026,SDJ,133,5249,UO,UO890,0,SDJ,2026-12-20 09:00,2026-12-20 14:05,245,,nonstop,0,2026-12-20,2027-01-03,2026-08-08 22:51:03
2026-08-09,XMAS-2026,CTS,133,8114,HB,HB2886,0,CTS,2026-12-20 01:15,2026-12-20 07:00,285,,nonstop,0,2026-12-20,2027-01-03,2026-08-08 22:51:03
2026-08-09,XMAS-2026,CTS,133,8524,HB,HB880,0,CTS,2026-12-20 09:15,2026-12-20 15:00,285,,nonstop,1,2026-12-20,2027-01-03,2026-08-08 22:51:03
2026-08-09,XMAS-2026,CTS,133,16712,CX,CX580,0,CTS,2026-12-20 09:10,2026-12-20 14:50,280,,nonstop,0,2026-12-20,2027-01-03,2026-08-08 22:51:03
2026-08-09,XMAS-2026,CTS,133,16712,CX,CX584,0,CTS,2026-12-20 10:25,2026-12-20 15:55,270,,nonstop,0,2026-12-20,2027-01-03,2026-08-08 22:51:03
2026-08-09,XMAS-2026,CTS,133,16712,CX,CX586,0,CTS,2026-12-20 12:25,2026-12-20 17:50,265,,nonstop,0,2026-12-20,2027-01-03,2026-08-08 22:51:03
2026-08-09,XMAS-2026,CTS,133,8114,HB,HB2886,0,CTS,2026-12-20 01:15,2026-12-20 07:00,285,,any,1,2026-12-20,2027-01-03,2026-08-08 22:51:03
2026-08-09,XMAS-2026,CTS,133,8220,KE,KE2012>KE769,1,CTS,2026-12-20 00:55,2026-12-20 15:40,825,ICN,any,0,2026-12-20,2027-01-03,2026-08-08 22:51:03
2026-08-09,XMAS-2026,CTS,133,8524,HB,HB880,0,CTS,2026-12-20 09:15,2026-12-20 15:00,285,,any,1,2026-12-20,2027-01-03,2026-08-08 22:51:03
2026-08-09,XMAS-2026,CTS,133,8781,NH,NH860>NH53,1,CTS,2026-12-20 14:20,2026-12-21 09:30,1090,HND,any,0,2026-12-20,2027-01-03,2026-08-08 22:51:03
2026-08-09,XMAS-2026,CTS,133,10931,NH,NH812>NH77,1,CTS,2026-12-20 10:00,2026-12-20 20:30,570,NRT,any,0,2026-12-20,2027-01-03,2026-08-08 22:51:03
2026-08-09,XMAS-2026,CTS,133,13608,BR,BR858>BR166,1,CTS,2026-12-20 21:10,2026-12-21 11:00,770,TPE,any,0,2026-12-20,2027-01-03,2026-08-08 22:51:03
2026-08-09,XMAS-2026,CTS,133,15018,CX,CX580,0,CTS,2026-12-20 09:10,2026-12-20 14:50,280,,any,1,2026-12-20,2027-01-03,2026-08-08 22:51:03
2026-08-09,XMAS-2026,CTS,133,15018,CX,CX584,0,CTS,2026-12-20 10:25,2026-12-20 15:55,270,,any,1,2026-12-20,2027-01-03,2026-08-08 22:51:03
2026-08-09,XMAS-2026,CTS,133,15018,CX,CX586,0,CTS,2026-12-20 12:25,2026-12-20 17:50,265,,any,1,2026-12-20,2027-01-03,2026-08-08 22:51:03
2026-08-09,CNY-2027-before,TYO,174,3249,UO,UO848,0,NRT,2027-01-30 09:20,2027-01-30 14:25,245,,nonstop,1,2027-01-30,2027-02-07,2026-08-08 22:51:03
2026-08-09,CNY-2027-before,TYO,174,3249,UO,UO646,0,NRT,2027-01-30 13:00,2027-01-30 18:05,245,,nonstop,0,2027-01-30,2027-02-07,2026-08-08 22:51:03
2026-08-09,CNY-2027-before,TYO,174,3249,UO,UO650,0,NRT,2027-01-30 14:00,2027-01-30 19:05,245,,nonstop,0,2027-01-30,2027-02-07,2026-08-08 22:51:03
2026-08-09,CNY-2027-before,TYO,174,3249,UO,UO652,0,NRT,2027-01-30 14:55,2027-01-30 20:00,245,,nonstop,0,2027-01-30,2027-02-07,2026-08-08 22:51:03
2026-08-09,CNY-2027-before,TYO,174,3449,UO,UO854,0,NRT,2027-01-30 02:00,2027-01-30 07:05,245,,nonstop,0,2027-01-30,2027-02-07,2026-08-08 22:51:03
2026-08-09,CNY-2027-before,TYO,174,3519,UO,UO622,0,HND,2027-01-30 17:55,2027-01-30 22:45,230,,nonstop,0,2027-01-30,2027-02-07,2026-08-08 22:51:03
2026-08-09,CNY-2027-before,TYO,174,3519,UO,UO628,0,HND,2027-01-30 19:55,2027-01-31 00:45,230,,nonstop,0,2027-01-30,2027-02-07,2026-08-08 22:51:03
2026-08-09,CNY-2027-before,TYO,174,3539,UO,UO624,0,HND,2027-01-30 23:55,2027-01-31 04:45,230,,nonstop,0,2027-01-30,2027-02-07,2026-08-08 22:51:03
2026-08-09,CNY-2027-before,TYO,174,3899,UO,UO870,0,NRT,2027-01-30 10:50,2027-01-30 15:55,245,,nonstop,0,2027-01-30,2027-02-07,2026-08-08 22:51:03
2026-08-09,CNY-2027-before,TYO,174,4800,HB,HB320,0,NRT,2027-01-30 09:05,2027-01-30 14:10,245,,nonstop,1,2027-01-30,2027-02-07,2026-08-08 22:51:03
2026-08-09,CNY-2027-before,TYO,174,5197,NH,NH814,0,HND,2027-01-30 00:05,2027-01-30 04:55,230,,nonstop,1,2027-01-30,2027-02-07,2026-08-08 22:51:03
2026-08-09,CNY-2027-before,TYO,174,6108,NH,NH812,0,NRT,2027-01-30 10:00,2027-01-30 15:10,250,,nonstop,0,2027-01-30,2027-02-07,2026-08-08 22:51:03
2026-08-09,CNY-2027-before,TYO,174,6110,JL,JL736,0,NRT,2027-01-30 10:20,2027-01-30 15:20,240,,nonstop,0,2027-01-30,2027-02-07,2026-08-08 22:51:03
2026-08-09,CNY-2027-before,TYO,174,7179,JL,JL26,0,HND,2027-01-30 15:35,2027-01-30 20:25,230,,nonstop,0,2027-01-30,2027-02-07,2026-08-08 22:51:03
2026-08-09,CNY-2027-before,TYO,174,7517,NH,NH860,0,HND,2027-01-30 14:20,2027-01-30 19:15,235,,nonstop,0,2027-01-30,2027-02-07,2026-08-08 22:51:03
2026-08-09,CNY-2027-before,TYO,174,8750,CX,CX524,0,NRT,2027-01-30 01:25,2027-01-30 06:30,245,,nonstop,0,2027-01-30,2027-02-07,2026-08-08 22:51:03
2026-08-09,CNY-2027-before,TYO,174,8750,CX,CX504,0,NRT,2027-01-30 09:05,2027-01-30 14:10,245,,nonstop,0,2027-01-30,2027-02-07,2026-08-08 22:51:03
2026-08-09,CNY-2027-before,TYO,174,8750,CX,CX520,0,NRT,2027-01-30 10:30,2027-01-30 15:35,245,,nonstop,0,2027-01-30,2027-02-07,2026-08-08 22:51:03
2026-08-09,CNY-2027-before,TYO,174,8750,CX,CX500,0,NRT,2027-01-30 15:25,2027-01-30 20:20,235,,nonstop,0,2027-01-30,2027-02-07,2026-08-08 22:51:03
2026-08-09,CNY-2027-before,TYO,174,9491,CX,CX542,0,HND,2027-01-30 16:30,2027-01-30 21:15,225,,nonstop,0,2027-01-30,2027-02-07,2026-08-08 22:51:03
2026-08-09,CNY-2027-before,TYO,174,10760,CX,CX526,0,NRT,2027-01-30 08:15,2027-01-30 13:10,235,,nonstop,0,2027-01-30,2027-02-07,2026-08-08 22:51:03
2026-08-09,CNY-2027-before,TYO,174,11131,CX,CX548,0,HND,2027-01-30 08:55,2027-01-30 13:45,230,,nonstop,0,2027-01-30,2027-02-07,2026-08-08 22:51:03
2026-08-09,CNY-2027-before,SDJ,174,3319,UO,UO890,0,SDJ,2027-01-30 09:00,2027-01-30 14:05,245,,nonstop,0,2027-01-30,2027-02-07,2026-08-08 22:51:03
2026-08-09,CNY-2027-before,CTS,174,5204,HB,HB880,0,CTS,2027-01-30 09:15,2027-01-30 15:00,285,,nonstop,1,2027-01-30,2027-02-07,2026-08-08 22:51:03
2026-08-09,CNY-2027-before,CTS,174,17184,CX,CX580,0,CTS,2027-01-30 09:10,2027-01-30 14:50,280,,nonstop,0,2027-01-30,2027-02-07,2026-08-08 22:51:03
2026-08-09,CNY-2027-before,CTS,174,17184,CX,CX584,0,CTS,2027-01-30 10:25,2027-01-30 15:55,270,,nonstop,0,2027-01-30,2027-02-07,2026-08-08 22:51:03
2026-08-09,CNY-2027-before,CTS,174,17184,CX,CX586,0,CTS,2027-01-30 12:25,2027-01-30 17:50,265,,nonstop,0,2027-01-30,2027-02-07,2026-08-08 22:51:03
2026-08-09,CNY-2027-before,CTS,174,5204,HB,HB880,0,CTS,2027-01-30 09:15,2027-01-30 15:00,285,,any,1,2027-01-30,2027-02-07,2026-08-08 22:51:03
2026-08-09,CNY-2027-before,CTS,174,5281,NH,NH812>NH81,1,CTS,2027-01-30 10:00,2027-01-30 22:05,665,NRT,any,0,2027-01-30,2027-02-07,2026-08-08 22:51:03
2026-08-09,CNY-2027-before,CTS,174,5731,NH,NH812>NH77,1,CTS,2027-01-30 10:00,2027-01-30 20:30,570,NRT,any,0,2027-01-30,2027-02-07,2026-08-08 22:51:03
2026-08-09,CNY-2027-before,CTS,174,6181,NH,NH812>NH2155,1,CTS,2027-01-30 10:00,2027-01-30 19:35,515,NRT,any,1,2027-01-30,2027-02-07,2026-08-08 22:51:03
2026-08-09,CNY-2027-before,CTS,174,6220,KE,KE2012>KE769,1,CTS,2027-01-30 00:55,2027-01-30 15:40,825,ICN,any,0,2027-01-30,2027-02-07,2026-08-08 22:51:03
2026-08-09,CNY-2027-before,CTS,174,7601,NH,NH814>NH987,1,CTS,2027-01-30 00:05,2027-01-30 07:50,405,HND,any,0,2027-01-30,2027-02-07,2026-08-08 22:51:03
2026-08-09,CNY-2027-before,CTS,174,17153,CX,CX580,0,CTS,2027-01-30 09:10,2027-01-30 14:50,280,,any,1,2027-01-30,2027-02-07,2026-08-08 22:51:03
2026-08-09,CNY-2027-before,CTS,174,17153,CX,CX584,0,CTS,2027-01-30 10:25,2027-01-30 15:55,270,,any,0,2027-01-30,2027-02-07,2026-08-08 22:51:03
2026-08-09,CNY-2027-before,CTS,174,17153,CX,CX586,0,CTS,2027-01-30 12:25,2027-01-30 17:50,265,,any,0,2027-01-30,2027-02-07,2026-08-08 22:51:03
2026-08-09,CNY-2027-before,HKD,174,5287,NH,NH814>NH553,1,HKD,2027-01-30 00:05,2027-01-30 11:00,595,HND,any,1,2027-01-30,2027-02-07,2026-08-08 22:51:03
2026-08-09,CNY-2027-before,HKD,174,5299,NH,NH860>NH553,1,HKD,2027-01-30 14:20,2027-01-31 11:00,1180,HND,any,1,2027-01-30,2027-02-07,2026-08-08 22:51:03
2026-08-09,CNY-2027-before,HKD,174,6788,NH,NH812>NH559,1,HKD,2027-01-30 10:00,2027-01-30 19:45,525,NRT,any,1,2027-01-30,2027-02-07,2026-08-08 22:51:03
2026-08-09,CNY-2027-before,HKD,174,7989,JL,JL736>JL585,1,HKD,2027-01-30 10:20,2027-01-31 08:55,1295,NRT,any,0,2027-01-30,2027-02-07,2026-08-08 22:51:03
2026-08-09,CNY-2027-before,HKD,174,9081,JL,JL26>JL585,1,HKD,2027-01-30 15:35,2027-01-31 08:55,980,HND,any,0,2027-01-30,2027-02-07,2026-08-08 22:51:03
2026-08-09,CNY-2027-before,HKD,174,9357,CX+JL,CX586>JL2741,1,HKD,2027-01-30 12:25,2027-01-31 08:15,1130,CTS,any,0,2027-01-30,2027-02-07,2026-08-08 22:51:03
2026-08-09,CNY-2027-before,HKD,174,12437,CX+NH,CX584>NH4857,1,HKD,2027-01-30 10:25,2027-01-30 18:35,430,CTS,any,0,2027-01-30,2027-02-07,2026-08-08 22:51:03
2026-08-09,CNY-2027-after,TYO,181,5179,UO,UO646,0,NRT,2027-02-06 13:00,2027-02-06 18:05,245,,nonstop,1,2027-02-06,2027-02-14,2026-08-08 22:51:03
2026-08-09,CNY-2027-after,TYO,181,5179,UO,UO650,0,NRT,2027-02-06 14:00,2027-02-06 19:05,245,,nonstop,1,2027-02-06,2027-02-14,2026-08-08 22:51:03
2026-08-09,CNY-2027-after,TYO,181,5179,UO,UO652,0,NRT,2027-02-06 14:55,2027-02-06 20:00,245,,nonstop,1,2027-02-06,2027-02-14,2026-08-08 22:51:03
2026-08-09,CNY-2027-after,TYO,181,5349,UO,UO624,0,HND,2027-02-06 23:55,2027-02-07 04:45,230,,nonstop,0,2027-02-06,2027-02-14,2026-08-08 22:51:03
2026-08-09,CNY-2027-after,TYO,181,5629,UO,UO854,0,NRT,2027-02-06 02:00,2027-02-06 07:05,245,,nonstop,0,2027-02-06,2027-02-14,2026-08-08 22:51:03
2026-08-09,CNY-2027-after,TYO,181,5779,UO,UO622,0,HND,2027-02-06 17:55,2027-02-06 22:45,230,,nonstop,0,2027-02-06,2027-02-14,2026-08-08 22:51:03
2026-08-09,CNY-2027-after,TYO,181,5779,UO,UO628,0,HND,2027-02-06 19:55,2027-02-07 00:45,230,,nonstop,0,2027-02-06,2027-02-14,2026-08-08 22:51:03
2026-08-09,CNY-2027-after,TYO,181,6179,UO,UO848,0,NRT,2027-02-06 09:20,2027-02-06 14:25,245,,nonstop,0,2027-02-06,2027-02-14,2026-08-08 22:51:03
2026-08-09,CNY-2027-after,TYO,181,6179,UO,UO870,0,NRT,2027-02-06 10:50,2027-02-06 15:55,245,,nonstop,0,2027-02-06,2027-02-14,2026-08-08 22:51:03
2026-08-09,CNY-2027-after,TYO,181,8679,JL,JL26,0,HND,2027-02-06 15:35,2027-02-06 20:25,230,,nonstop,0,2027-02-06,2027-02-14,2026-08-08 22:51:03
2026-08-09,CNY-2027-after,TYO,181,8730,HB,HB320,0,NRT,2027-02-06 09:05,2027-02-06 14:10,245,,nonstop,0,2027-02-06,2027-02-14,2026-08-08 22:51:03
2026-08-09,CNY-2027-after,TYO,181,8777,NH,NH860,0,HND,2027-02-06 14:20,2027-02-06 19:15,235,,nonstop,0,2027-02-06,2027-02-14,2026-08-08 22:51:03
2026-08-09,CNY-2027-after,TYO,181,9547,NH,NH814,0,HND,2027-02-06 00:05,2027-02-06 04:55,230,,nonstop,0,2027-02-06,2027-02-14,2026-08-08 22:51:03
2026-08-09,CNY-2027-after,TYO,181,9680,JL,JL736,0,NRT,2027-02-06 10:20,2027-02-06 15:20,240,,nonstop,0,2027-02-06,2027-02-14,2026-08-08 22:51:03
2026-08-09,CNY-2027-after,TYO,181,10440,CX,CX524,0,NRT,2027-02-06 01:25,2027-02-06 06:30,245,,nonstop,0,2027-02-06,2027-02-14,2026-08-08 22:51:03
2026-08-09,CNY-2027-after,TYO,181,10440,CX,CX504,0,NRT,2027-02-06 09:05,2027-02-06 14:10,245,,nonstop,0,2027-02-06,2027-02-14,2026-08-08 22:51:03
2026-08-09,CNY-2027-after,TYO,181,10440,CX,CX520,0,NRT,2027-02-06 10:30,2027-02-06 15:35,245,,nonstop,0,2027-02-06,2027-02-14,2026-08-08 22:51:03
2026-08-09,CNY-2027-after,TYO,181,10440,CX,CX500,0,NRT,2027-02-06 15:25,2027-02-06 20:20,235,,nonstop,0,2027-02-06,2027-02-14,2026-08-08 22:51:03
2026-08-09,CNY-2027-after,TYO,181,10888,NH,NH812,0,NRT,2027-02-06 10:00,2027-02-06 15:10,250,,nonstop,0,2027-02-06,2027-02-14,2026-08-08 22:51:03
2026-08-09,CNY-2027-after,TYO,181,11191,CX,CX542,0,HND,2027-02-06 16:30,2027-02-06 21:15,225,,nonstop,0,2027-02-06,2027-02-14,2026-08-08 22:51:03
2026-08-09,CNY-2027-after,TYO,181,12450,CX,CX526,0,NRT,2027-02-06 08:15,2027-02-06 13:10,235,,nonstop,0,2027-02-06,2027-02-14,2026-08-08 22:51:03
2026-08-09,CNY-2027-after,TYO,181,12831,CX,CX548,0,HND,2027-02-06 08:55,2027-02-06 13:45,230,,nonstop,0,2027-02-06,2027-02-14,2026-08-08 22:51:03
2026-08-09,CNY-2027-after,SDJ,181,7739,UO,UO890,0,SDJ,2027-02-06 09:00,2027-02-06 14:05,245,,nonstop,0,2027-02-06,2027-02-14,2026-08-08 22:51:03
2026-08-09,CNY-2027-after,SDJ,181,9489,HB,HB360,0,SDJ,2027-02-06 09:55,2027-02-06 15:20,265,,nonstop,0,2027-02-06,2027-02-14,2026-08-08 22:51:03
2026-08-09,CNY-2027-after,CTS,181,14284,HB,HB880,0,CTS,2027-02-06 09:15,2027-02-06 15:00,285,,nonstop,1,2027-02-06,2027-02-14,2026-08-08 22:51:03
2026-08-09,CNY-2027-after,CTS,181,17184,CX,CX580,0,CTS,2027-02-06 09:10,2027-02-06 14:50,280,,nonstop,1,2027-02-06,2027-02-14,2026-08-08 22:51:03
2026-08-09,CNY-2027-after,CTS,181,17184,CX,CX584,0,CTS,2027-02-06 10:25,2027-02-06 15:55,270,,nonstop,1,2027-02-06,2027-02-14,2026-08-08 22:51:03
2026-08-09,CNY-2027-after,CTS,181,17184,CX,CX586,0,CTS,2027-02-06 12:25,2027-02-06 17:50,265,,nonstop,0,2027-02-06,2027-02-14,2026-08-08 22:51:03
2026-08-09,CNY-2027-after,CTS,181,8440,KE,KE2006>KE769,1,CTS,2027-02-06 18:10,2027-02-07 15:40,1230,ICN,any,0,2027-02-06,2027-02-14,2026-08-08 22:51:03
2026-08-09,CNY-2027-after,CTS,181,9081,NH,NH860>NH57,1,CTS,2027-02-06 14:20,2027-02-07 11:05,1185,HND,any,0,2027-02-06,2027-02-14,2026-08-08 22:51:03
2026-08-09,CNY-2027-after,CTS,181,9203,JL,JL26>JL501,1,CTS,2027-02-06 15:35,2027-02-07 08:00,925,HND,any,0,2027-02-06,2027-02-14,2026-08-08 22:51:03
2026-08-09,CNY-2027-after,CTS,181,9663,JL,JL736>JL527,1,CTS,2027-02-06 10:20,2027-02-06 20:05,525,NRT,any,0,2027-02-06,2027-02-14,2026-08-08 22:51:03
2026-08-09,CNY-2027-after,CTS,181,10981,NH,NH814>NH987,1,CTS,2027-02-06 00:05,2027-02-06 07:50,405,HND,any,1,2027-02-06,2027-02-14,2026-08-08 22:51:03
2026-08-09,CNY-2027-after,CTS,181,14284,HB,HB880,0,CTS,2027-02-06 09:15,2027-02-06 15:00,285,,any,1,2027-02-06,2027-02-14,2026-08-08 22:51:03
2026-08-09,CNY-2027-after,CTS,181,15018,CX,CX580,0,CTS,2027-02-06 09:10,2027-02-06 14:50,280,,any,1,2027-02-06,2027-02-14,2026-08-08 22:51:03
2026-08-09,CNY-2027-after,CTS,181,15018,CX,CX584,0,CTS,2027-02-06 10:25,2027-02-06 15:55,270,,any,1,2027-02-06,2027-02-14,2026-08-08 22:51:03
2026-08-09,CNY-2027-after,CTS,181,15018,CX,CX586,0,CTS,2027-02-06 12:25,2027-02-06 17:50,265,,any,1,2027-02-06,2027-02-14,2026-08-08 22:51:03
2026-08-09,CNY-2027-after,HKD,181,9087,NH,NH860>NH553,1,HKD,2027-02-06 14:20,2027-02-07 11:00,1180,HND,any,1,2027-02-06,2027-02-14,2026-08-08 22:51:03
2026-08-09,CNY-2027-after,HKD,181,9209,JL,JL26>JL585,1,HKD,2027-02-06 15:35,2027-02-07 08:55,980,HND,any,1,2027-02-06,2027-02-14,2026-08-08 22:51:03
2026-08-09,CNY-2027-after,HKD,181,9557,NH,NH812>NH559,1,HKD,2027-02-06 10:00,2027-02-06 19:45,525,NRT,any,1,2027-02-06,2027-02-14,2026-08-08 22:51:03
2026-08-09,CNY-2027-after,HKD,181,9857,NH,NH814>NH553,1,HKD,2027-02-06 00:05,2027-02-06 11:00,595,HND,any,1,2027-02-06,2027-02-14,2026-08-08 22:51:03
2026-08-09,CNY-2027-after,HKD,181,12780,CX+JL,CX524>JL587,1,HKD,2027-02-06 01:25,2027-02-06 14:10,705,NRT,any,0,2027-02-06,2027-02-14,2026-08-08 22:51:03
2026-08-09,CNY-2027-after,HKD,181,13693,CX+JL,CX566>JL2123,1,HKD,2027-02-06 01:50,2027-02-06 13:15,625,KIX,any,0,2027-02-06,2027-02-14,2026-08-08 22:51:03
2026-08-09,CNY-2027-after,HKD,181,14396,CX+NH,CX580>NH4857,1,HKD,2027-02-06 09:10,2027-02-06 18:35,505,CTS,any,0,2027-02-06,2027-02-14,2026-08-08 22:51:03
2026-08-09,XMAS-2026,TYO,133,4159,UO,UO650,0,NRT,2026-12-20 14:00,2026-12-20 19:05,245,,nonstop,1,2026-12-20,2027-01-03,2026-08-09 03:09:40
2026-08-09,XMAS-2026,TYO,133,4159,UO,UO652,0,NRT,2026-12-20 14:55,2026-12-20 20:00,245,,nonstop,1,2026-12-20,2027-01-03,2026-08-09 03:09:40
2026-08-09,XMAS-2026,TYO,133,4179,UO,UO646,0,NRT,2026-12-20 13:00,2026-12-20 18:05,245,,nonstop,1,2026-12-20,2027-01-03,2026-08-09 03:09:40
2026-08-09,XMAS-2026,TYO,133,4379,UO,UO628,0,HND,2026-12-20 19:55,2026-12-21 00:45,230,,nonstop,0,2026-12-20,2027-01-03,2026-08-09 03:09:40
2026-08-09,XMAS-2026,TYO,133,4629,UO,UO854,0,NRT,2026-12-20 02:00,2026-12-20 07:05,245,,nonstop,0,2026-12-20,2027-01-03,2026-08-09 03:09:40
2026-08-09,XMAS-2026,TYO,133,4829,UO,UO622,0,HND,2026-12-20 17:55,2026-12-20 22:45,230,,nonstop,0,2026-12-20,2027-01-03,2026-08-09 03:09:40
2026-08-09,XMAS-2026,TYO,133,4829,UO,UO624,0,HND,2026-12-20 23:55,2026-12-21 04:45,230,,nonstop,0,2026-12-20,2027-01-03,2026-08-09 03:09:40
2026-08-09,XMAS-2026,TYO,133,4979,UO,UO848,0,NRT,2026-12-20 09:20,2026-12-20 14:25,245,,nonstop,1,2026-12-20,2027-01-03,2026-08-09 03:09:40
2026-08-09,XMAS-2026,TYO,133,4979,UO,UO870,0,NRT,2026-12-20 10:50,2026-12-20 15:55,245,,nonstop,0,2026-12-20,2027-01-03,2026-08-09 03:09:40
2026-08-09,XMAS-2026,TYO,133,7147,NH,NH860,0,HND,2026-12-20 14:20,2026-12-20 19:15,235,,nonstop,0,2026-12-20,2027-01-03,2026-08-09 03:09:40
2026-08-09,XMAS-2026,TYO,133,7300,HB,HB320,0,NRT,2026-12-20 09:05,2026-12-20 14:10,245,,nonstop,0,2026-12-20,2027-01-03,2026-08-09 03:09:40
2026-08-09,XMAS-2026,TYO,133,7647,NH,NH814,0,HND,2026-12-20 00:05,2026-12-20 04:55,230,,nonstop,0,2026-12-20,2027-01-03,2026-08-09 03:09:40
2026-08-09,XMAS-2026,TYO,133,9210,CX,CX524,0,NRT,2026-12-20 01:25,2026-12-20 06:30,245,,nonstop,0,2026-12-20,2027-01-03,2026-08-09 03:09:40
2026-08-09,XMAS-2026,TYO,133,9210,CX,CX526,0,NRT,2026-12-20 08:15,2026-12-20 13:10,235,,nonstop,0,2026-12-20,2027-01-03,2026-08-09 03:09:40
2026-08-09,XMAS-2026,TYO,133,9210,CX,CX504,0,NRT,2026-12-20 09:05,2026-12-20 14:10,245,,nonstop,0,2026-12-20,2027-01-03,2026-08-09 03:09:40
2026-08-09,XMAS-2026,TYO,133,9210,CX,CX520,0,NRT,2026-12-20 10:30,2026-12-20 15:35,245,,nonstop,0,2026-12-20,2027-01-03,2026-08-09 03:09:40
2026-08-09,XMAS-2026,TYO,133,9210,CX,CX500,0,NRT,2026-12-20 15:25,2026-12-20 20:20,235,,nonstop,0,2026-12-20,2027-01-03,2026-08-09 03:09:40
2026-08-09,XMAS-2026,TYO,133,11191,CX,CX542,0,HND,2026-12-20 16:30,2026-12-20 21:15,225,,nonstop,0,2026-12-20,2027-01-03,2026-08-09 03:09:40
2026-08-09,XMAS-2026,TYO,133,11651,CX,CX548,0,HND,2026-12-20 08:55,2026-12-20 13:45,230,,nonstop,0,2026-12-20,2027-01-03,2026-08-09 03:09:40
2026-08-09,XMAS-2026,TYO,133,11689,JL,JL26,0,HND,2026-12-20 15:35,2026-12-20 20:25,230,,nonstop,0,2026-12-20,2027-01-03,2026-08-09 03:09:40
2026-08-09,XMAS-2026,TYO,133,11700,JL,JL736,0,NRT,2026-12-20 10:20,2026-12-20 15:20,240,,nonstop,0,2026-12-20,2027-01-03,2026-08-09 03:09:40
2026-08-09,XMAS-2026,TYO,133,12508,NH,NH812,0,NRT,2026-12-20 10:00,2026-12-20 15:10,250,,nonstop,0,2026-12-20,2027-01-03,2026-08-09 03:09:40
2026-08-09,XMAS-2026,SDJ,133,5249,UO,UO890,0,SDJ,2026-12-20 09:00,2026-12-20 14:05,245,,nonstop,0,2026-12-20,2027-01-03,2026-08-09 03:09:40
2026-08-09,XMAS-2026,CTS,133,8114,HB,HB2886,0,CTS,2026-12-20 01:15,2026-12-20 07:00,285,,nonstop,0,2026-12-20,2027-01-03,2026-08-09 03:09:40
2026-08-09,XMAS-2026,CTS,133,8524,HB,HB880,0,CTS,2026-12-20 09:15,2026-12-20 15:00,285,,nonstop,1,2026-12-20,2027-01-03,2026-08-09 03:09:40
2026-08-09,XMAS-2026,CTS,133,16712,CX,CX580,0,CTS,2026-12-20 09:10,2026-12-20 14:50,280,,nonstop,0,2026-12-20,2027-01-03,2026-08-09 03:09:40
2026-08-09,XMAS-2026,CTS,133,16712,CX,CX584,0,CTS,2026-12-20 10:25,2026-12-20 15:55,270,,nonstop,0,2026-12-20,2027-01-03,2026-08-09 03:09:40
2026-08-09,XMAS-2026,CTS,133,16712,CX,CX586,0,CTS,2026-12-20 12:25,2026-12-20 17:50,265,,nonstop,0,2026-12-20,2027-01-03,2026-08-09 03:09:40
2026-08-09,XMAS-2026,CTS,133,8114,HB,HB2886,0,CTS,2026-12-20 01:15,2026-12-20 07:00,285,,any,1,2026-12-20,2027-01-03,2026-08-09 03:09:40
2026-08-09,XMAS-2026,CTS,133,8220,KE,KE2012>KE769,1,CTS,2026-12-20 00:55,2026-12-20 15:40,825,ICN,any,0,2026-12-20,2027-01-03,2026-08-09 03:09:40
2026-08-09,XMAS-2026,CTS,133,8524,HB,HB880,0,CTS,2026-12-20 09:15,2026-12-20 15:00,285,,any,1,2026-12-20,2027-01-03,2026-08-09 03:09:40
2026-08-09,XMAS-2026,CTS,133,10931,NH,NH812>NH77,1,CTS,2026-12-20 10:00,2026-12-20 20:30,570,NRT,any,0,2026-12-20,2027-01-03,2026-08-09 03:09:40
2026-08-09,XMAS-2026,CTS,133,13608,BR,BR858>BR166,1,CTS,2026-12-20 21:10,2026-12-21 11:00,770,TPE,any,0,2026-12-20,2027-01-03,2026-08-09 03:09:40
2026-08-09,XMAS-2026,CTS,133,15018,CX,CX580,0,CTS,2026-12-20 09:10,2026-12-20 14:50,280,,any,1,2026-12-20,2027-01-03,2026-08-09 03:09:40
2026-08-09,XMAS-2026,CTS,133,15018,CX,CX584,0,CTS,2026-12-20 10:25,2026-12-20 15:55,270,,any,1,2026-12-20,2027-01-03,2026-08-09 03:09:40
2026-08-09,XMAS-2026,CTS,133,15018,CX,CX586,0,CTS,2026-12-20 12:25,2026-12-20 17:50,265,,any,1,2026-12-20,2027-01-03,2026-08-09 03:09:40
2026-08-09,CNY-2027-before,TYO,174,3249,UO,UO848,0,NRT,2027-01-30 09:20,2027-01-30 14:25,245,,nonstop,1,2027-01-30,2027-02-07,2026-08-09 03:09:40
2026-08-09,CNY-2027-before,TYO,174,3249,UO,UO646,0,NRT,2027-01-30 13:00,2027-01-30 18:05,245,,nonstop,0,2027-01-30,2027-02-07,2026-08-09 03:09:40
2026-08-09,CNY-2027-before,TYO,174,3249,UO,UO650,0,NRT,2027-01-30 14:00,2027-01-30 19:05,245,,nonstop,0,2027-01-30,2027-02-07,2026-08-09 03:09:40
2026-08-09,CNY-2027-before,TYO,174,3249,UO,UO652,0,NRT,2027-01-30 14:55,2027-01-30 20:00,245,,nonstop,0,2027-01-30,2027-02-07,2026-08-09 03:09:40
2026-08-09,CNY-2027-before,TYO,174,3449,UO,UO854,0,NRT,2027-01-30 02:00,2027-01-30 07:05,245,,nonstop,0,2027-01-30,2027-02-07,2026-08-09 03:09:40
2026-08-09,CNY-2027-before,TYO,174,3519,UO,UO622,0,HND,2027-01-30 17:55,2027-01-30 22:45,230,,nonstop,0,2027-01-30,2027-02-07,2026-08-09 03:09:40
2026-08-09,CNY-2027-before,TYO,174,3519,UO,UO628,0,HND,2027-01-30 19:55,2027-01-31 00:45,230,,nonstop,0,2027-01-30,2027-02-07,2026-08-09 03:09:40
2026-08-09,CNY-2027-before,TYO,174,3539,UO,UO624,0,HND,2027-01-30 23:55,2027-01-31 04:45,230,,nonstop,0,2027-01-30,2027-02-07,2026-08-09 03:09:40
2026-08-09,CNY-2027-before,TYO,174,3899,UO,UO870,0,NRT,2027-01-30 10:50,2027-01-30 15:55,245,,nonstop,0,2027-01-30,2027-02-07,2026-08-09 03:09:40
2026-08-09,CNY-2027-before,TYO,174,4800,HB,HB320,0,NRT,2027-01-30 09:05,2027-01-30 14:10,245,,nonstop,1,2027-01-30,2027-02-07,2026-08-09 03:09:40
2026-08-09,CNY-2027-before,TYO,174,5197,NH,NH814,0,HND,2027-01-30 00:05,2027-01-30 04:55,230,,nonstop,1,2027-01-30,2027-02-07,2026-08-09 03:09:40
2026-08-09,CNY-2027-before,TYO,174,6108,NH,NH812,0,NRT,2027-01-30 10:00,2027-01-30 15:10,250,,nonstop,0,2027-01-30,2027-02-07,2026-08-09 03:09:40
2026-08-09,CNY-2027-before,TYO,174,6110,JL,JL736,0,NRT,2027-01-30 10:20,2027-01-30 15:20,240,,nonstop,0,2027-01-30,2027-02-07,2026-08-09 03:09:40
2026-08-09,CNY-2027-before,TYO,174,7179,JL,JL26,0,HND,2027-01-30 15:35,2027-01-30 20:25,230,,nonstop,0,2027-01-30,2027-02-07,2026-08-09 03:09:40
2026-08-09,CNY-2027-before,TYO,174,7517,NH,NH860,0,HND,2027-01-30 14:20,2027-01-30 19:15,235,,nonstop,0,2027-01-30,2027-02-07,2026-08-09 03:09:40
2026-08-09,CNY-2027-before,TYO,174,8750,CX,CX524,0,NRT,2027-01-30 01:25,2027-01-30 06:30,245,,nonstop,0,2027-01-30,2027-02-07,2026-08-09 03:09:40
2026-08-09,CNY-2027-before,TYO,174,8750,CX,CX504,0,NRT,2027-01-30 09:05,2027-01-30 14:10,245,,nonstop,0,2027-01-30,2027-02-07,2026-08-09 03:09:40
2026-08-09,CNY-2027-before,TYO,174,8750,CX,CX520,0,NRT,2027-01-30 10:30,2027-01-30 15:35,245,,nonstop,0,2027-01-30,2027-02-07,2026-08-09 03:09:40
2026-08-09,CNY-2027-before,TYO,174,8750,CX,CX500,0,NRT,2027-01-30 15:25,2027-01-30 20:20,235,,nonstop,0,2027-01-30,2027-02-07,2026-08-09 03:09:40
2026-08-09,CNY-2027-before,TYO,174,9491,CX,CX542,0,HND,2027-01-30 16:30,2027-01-30 21:15,225,,nonstop,0,2027-01-30,2027-02-07,2026-08-09 03:09:40
2026-08-09,CNY-2027-before,TYO,174,10760,CX,CX526,0,NRT,2027-01-30 08:15,2027-01-30 13:10,235,,nonstop,0,2027-01-30,2027-02-07,2026-08-09 03:09:40
2026-08-09,CNY-2027-before,TYO,174,11131,CX,CX548,0,HND,2027-01-30 08:55,2027-01-30 13:45,230,,nonstop,0,2027-01-30,2027-02-07,2026-08-09 03:09:40
2026-08-09,CNY-2027-before,SDJ,174,3319,UO,UO890,0,SDJ,2027-01-30 09:00,2027-01-30 14:05,245,,nonstop,0,2027-01-30,2027-02-07,2026-08-09 03:09:40
2026-08-09,CNY-2027-before,CTS,174,5204,HB,HB880,0,CTS,2027-01-30 09:15,2027-01-30 15:00,285,,nonstop,1,2027-01-30,2027-02-07,2026-08-09 03:09:40
2026-08-09,CNY-2027-before,CTS,174,17184,CX,CX580,0,CTS,2027-01-30 09:10,2027-01-30 14:50,280,,nonstop,0,2027-01-30,2027-02-07,2026-08-09 03:09:40
2026-08-09,CNY-2027-before,CTS,174,17184,CX,CX584,0,CTS,2027-01-30 10:25,2027-01-30 15:55,270,,nonstop,0,2027-01-30,2027-02-07,2026-08-09 03:09:40
2026-08-09,CNY-2027-before,CTS,174,17184,CX,CX586,0,CTS,2027-01-30 12:25,2027-01-30 17:50,265,,nonstop,0,2027-01-30,2027-02-07,2026-08-09 03:09:40
2026-08-09,CNY-2027-before,CTS,174,5204,HB,HB880,0,CTS,2027-01-30 09:15,2027-01-30 15:00,285,,any,1,2027-01-30,2027-02-07,2026-08-09 03:09:40
2026-08-09,CNY-2027-before,CTS,174,5731,NH,NH812>NH77,1,CTS,2027-01-30 10:00,2027-01-30 20:30,570,NRT,any,0,2027-01-30,2027-02-07,2026-08-09 03:09:40
2026-08-09,CNY-2027-before,CTS,174,6181,NH,NH812>NH2155,1,CTS,2027-01-30 10:00,2027-01-30 19:35,515,NRT,any,1,2027-01-30,2027-02-07,2026-08-09 03:09:40
2026-08-09,CNY-2027-before,CTS,174,6220,KE,KE2006>KE769,1,CTS,2027-01-30 18:10,2027-01-31 15:40,1230,ICN,any,0,2027-01-30,2027-02-07,2026-08-09 03:09:40
2026-08-09,CNY-2027-before,CTS,174,7601,NH,NH814>NH987,1,CTS,2027-01-30 00:05,2027-01-30 07:50,405,HND,any,0,2027-01-30,2027-02-07,2026-08-09 03:09:40
2026-08-09,CNY-2027-before,CTS,174,17153,CX,CX580,0,CTS,2027-01-30 09:10,2027-01-30 14:50,280,,any,1,2027-01-30,2027-02-07,2026-08-09 03:09:40
2026-08-09,CNY-2027-before,CTS,174,17153,CX,CX584,0,CTS,2027-01-30 10:25,2027-01-30 15:55,270,,any,0,2027-01-30,2027-02-07,2026-08-09 03:09:40
2026-08-09,CNY-2027-before,CTS,174,17153,CX,CX586,0,CTS,2027-01-30 12:25,2027-01-30 17:50,265,,any,0,2027-01-30,2027-02-07,2026-08-09 03:09:40
2026-08-09,CNY-2027-before,HKD,174,5287,NH,NH814>NH553,1,HKD,2027-01-30 00:05,2027-01-30 11:00,595,HND,any,1,2027-01-30,2027-02-07,2026-08-09 03:09:40
2026-08-09,CNY-2027-before,HKD,174,5299,NH,NH860>NH553,1,HKD,2027-01-30 14:20,2027-01-31 11:00,1180,HND,any,1,2027-01-30,2027-02-07,2026-08-09 03:09:40
2026-08-09,CNY-2027-before,HKD,174,6788,NH,NH812>NH559,1,HKD,2027-01-30 10:00,2027-01-30 19:45,525,NRT,any,1,2027-01-30,2027-02-07,2026-08-09 03:09:40
2026-08-09,CNY-2027-before,HKD,174,7989,JL,JL736>JL585,1,HKD,2027-01-30 10:20,2027-01-31 08:55,1295,NRT,any,0,2027-01-30,2027-02-07,2026-08-09 03:09:40
2026-08-09,CNY-2027-before,HKD,174,9081,JL,JL26>JL585,1,HKD,2027-01-30 15:35,2027-01-31 08:55,980,HND,any,0,2027-01-30,2027-02-07,2026-08-09 03:09:40
2026-08-09,CNY-2027-before,HKD,174,9357,CX+JL,CX586>JL2741,1,HKD,2027-01-30 12:25,2027-01-31 08:15,1130,CTS,any,0,2027-01-30,2027-02-07,2026-08-09 03:09:40
2026-08-09,CNY-2027-before,HKD,174,12437,CX+NH,CX584>NH4857,1,HKD,2027-01-30 10:25,2027-01-30 18:35,430,CTS,any,0,2027-01-30,2027-02-07,2026-08-09 03:09:40
2026-08-09,CNY-2027-after,TYO,181,4779,UO,UO650,0,NRT,2027-02-06 14:00,2027-02-06 19:05,245,,nonstop,1,2027-02-06,2027-02-14,2026-08-09 03:09:40
2026-08-09,CNY-2027-after,TYO,181,5179,UO,UO646,0,NRT,2027-02-06 13:00,2027-02-06 18:05,245,,nonstop,1,2027-02-06,2027-02-14,2026-08-09 03:09:40
2026-08-09,CNY-2027-after,TYO,181,5179,UO,UO652,0,NRT,2027-02-06 14:55,2027-02-06 20:00,245,,nonstop,1,2027-02-06,2027-02-14,2026-08-09 03:09:40
2026-08-09,CNY-2027-after,TYO,181,5329,UO,UO628,0,HND,2027-02-06 19:55,2027-02-07 00:45,230,,nonstop,0,2027-02-06,2027-02-14,2026-08-09 03:09:40
2026-08-09,CNY-2027-after,TYO,181,5349,UO,UO624,0,HND,2027-02-06 23:55,2027-02-07 04:45,230,,nonstop,0,2027-02-06,2027-02-14,2026-08-09 03:09:40
2026-08-09,CNY-2027-after,TYO,181,5629,UO,UO854,0,NRT,2027-02-06 02:00,2027-02-06 07:05,245,,nonstop,0,2027-02-06,2027-02-14,2026-08-09 03:09:40
2026-08-09,CNY-2027-after,TYO,181,5779,UO,UO622,0,HND,2027-02-06 17:55,2027-02-06 22:45,230,,nonstop,0,2027-02-06,2027-02-14,2026-08-09 03:09:40
2026-08-09,CNY-2027-after,TYO,181,6179,UO,UO848,0,NRT,2027-02-06 09:20,2027-02-06 14:25,245,,nonstop,0,2027-02-06,2027-02-14,2026-08-09 03:09:40
2026-08-09,CNY-2027-after,TYO,181,6179,UO,UO870,0,NRT,2027-02-06 10:50,2027-02-06 15:55,245,,nonstop,0,2027-02-06,2027-02-14,2026-08-09 03:09:40
2026-08-09,CNY-2027-after,TYO,181,8679,JL,JL26,0,HND,2027-02-06 15:35,2027-02-06 20:25,230,,nonstop,0,2027-02-06,2027-02-14,2026-08-09 03:09:40
2026-08-09,CNY-2027-after,TYO,181,8730,HB,HB320,0,NRT,2027-02-06 09:05,2027-02-06 14:10,245,,nonstop,0,2027-02-06,2027-02-14,2026-08-09 03:09:40
2026-08-09,CNY-2027-after,TYO,181,8777,NH,NH860,0,HND,2027-02-06 14:20,2027-02-06 19:15,235,,nonstop,0,2027-02-06,2027-02-14,2026-08-09 03:09:40
2026-08-09,CNY-2027-after,TYO,181,9547,NH,NH814,0,HND,2027-02-06 00:05,2027-02-06 04:55,230,,nonstop,0,2027-02-06,2027-02-14,2026-08-09 03:09:40
2026-08-09,CNY-2027-after,TYO,181,9680,JL,JL736,0,NRT,2027-02-06 10:20,2027-02-06 15:20,240,,nonstop,0,2027-02-06,2027-02-14,2026-08-09 03:09:40
2026-08-09,CNY-2027-after,TYO,181,10440,CX,CX524,0,NRT,2027-02-06 01:25,2027-02-06 06:30,245,,nonstop,0,2027-02-06,2027-02-14,2026-08-09 03:09:40
2026-08-09,CNY-2027-after,TYO,181,10440,CX,CX504,0,NRT,2027-02-06 09:05,2027-02-06 14:10,245,,nonstop,0,2027-02-06,2027-02-14,2026-08-09 03:09:40
2026-08-09,CNY-2027-after,TYO,181,10440,CX,CX520,0,NRT,2027-02-06 10:30,2027-02-06 15:35,245,,nonstop,0,2027-02-06,2027-02-14,2026-08-09 03:09:40
2026-08-09,CNY-2027-after,TYO,181,10440,CX,CX500,0,NRT,2027-02-06 15:25,2027-02-06 20:20,235,,nonstop,0,2027-02-06,2027-02-14,2026-08-09 03:09:40
2026-08-09,CNY-2027-after,TYO,181,10888,NH,NH812,0,NRT,2027-02-06 10:00,2027-02-06 15:10,250,,nonstop,0,2027-02-06,2027-02-14,2026-08-09 03:09:40
2026-08-09,CNY-2027-after,TYO,181,11191,CX,CX542,0,HND,2027-02-06 16:30,2027-02-06 21:15,225,,nonstop,0,2027-02-06,2027-02-14,2026-08-09 03:09:40
2026-08-09,CNY-2027-after,TYO,181,12450,CX,CX526,0,NRT,2027-02-06 08:15,2027-02-06 13:10,235,,nonstop,0,2027-02-06,2027-02-14,2026-08-09 03:09:40
2026-08-09,CNY-2027-after,TYO,181,12831,CX,CX548,0,HND,2027-02-06 08:55,2027-02-06 13:45,230,,nonstop,0,2027-02-06,2027-02-14,2026-08-09 03:09:40
2026-08-09,CNY-2027-after,SDJ,181,7739,UO,UO890,0,SDJ,2027-02-06 09:00,2027-02-06 14:05,245,,nonstop,0,2027-02-06,2027-02-14,2026-08-09 03:09:40
2026-08-09,CNY-2027-after,SDJ,181,9489,HB,HB360,0,SDJ,2027-02-06 09:55,2027-02-06 15:20,265,,nonstop,0,2027-02-06,2027-02-14,2026-08-09 03:09:40
2026-08-09,CNY-2027-after,CTS,181,14284,HB,HB880,0,CTS,2027-02-06 09:15,2027-02-06 15:00,285,,nonstop,1,2027-02-06,2027-02-14,2026-08-09 03:09:40
2026-08-09,CNY-2027-after,CTS,181,17184,CX,CX580,0,CTS,2027-02-06 09:10,2027-02-06 14:50,280,,nonstop,1,2027-02-06,2027-02-14,2026-08-09 03:09:40
2026-08-09,CNY-2027-after,CTS,181,17184,CX,CX584,0,CTS,2027-02-06 10:25,2027-02-06 15:55,270,,nonstop,1,2027-02-06,2027-02-14,2026-08-09 03:09:40
2026-08-09,CNY-2027-after,CTS,181,17184,CX,CX586,0,CTS,2027-02-06 12:25,2027-02-06 17:50,265,,nonstop,0,2027-02-06,2027-02-14,2026-08-09 03:09:40
2026-08-09,CNY-2027-after,CTS,181,8440,KE,KE2006>KE769,1,CTS,2027-02-06 18:10,2027-02-07 15:40,1230,ICN,any,0,2027-02-06,2027-02-14,2026-08-09 03:09:40
2026-08-09,CNY-2027-after,CTS,181,9203,JL,JL26>JL501,1,CTS,2027-02-06 15:35,2027-02-07 08:00,925,HND,any,0,2027-02-06,2027-02-14,2026-08-09 03:09:40
2026-08-09,CNY-2027-after,CTS,181,9663,JL,JL736>JL527,1,CTS,2027-02-06 10:20,2027-02-06 20:05,525,NRT,any,0,2027-02-06,2027-02-14,2026-08-09 03:09:40
2026-08-09,CNY-2027-after,CTS,181,10661,NH,NH814>NH987,1,CTS,2027-02-06 00:05,2027-02-06 07:50,405,HND,any,1,2027-02-06,2027-02-14,2026-08-09 03:09:40
2026-08-09,CNY-2027-after,CTS,181,14284,HB,HB880,0,CTS,2027-02-06 09:15,2027-02-06 15:00,285,,any,1,2027-02-06,2027-02-14,2026-08-09 03:09:40
2026-08-09,CNY-2027-after,CTS,181,15018,CX,CX580,0,CTS,2027-02-06 09:10,2027-02-06 14:50,280,,any,1,2027-02-06,2027-02-14,2026-08-09 03:09:40
2026-08-09,CNY-2027-after,CTS,181,15018,CX,CX584,0,CTS,2027-02-06 10:25,2027-02-06 15:55,270,,any,1,2027-02-06,2027-02-14,2026-08-09 03:09:40
2026-08-09,CNY-2027-after,CTS,181,15018,CX,CX586,0,CTS,2027-02-06 12:25,2027-02-06 17:50,265,,any,1,2027-02-06,2027-02-14,2026-08-09 03:09:40
2026-08-09,CNY-2027-after,HKD,181,9087,NH,NH860>NH553,1,HKD,2027-02-06 14:20,2027-02-07 11:00,1180,HND,any,1,2027-02-06,2027-02-14,2026-08-09 03:09:40
2026-08-09,CNY-2027-after,HKD,181,9209,JL,JL26>JL585,1,HKD,2027-02-06 15:35,2027-02-07 08:55,980,HND,any,1,2027-02-06,2027-02-14,2026-08-09 03:09:40
2026-08-09,CNY-2027-after,HKD,181,9557,NH,NH812>NH559,1,HKD,2027-02-06 10:00,2027-02-06 19:45,525,NRT,any,1,2027-02-06,2027-02-14,2026-08-09 03:09:40
2026-08-09,CNY-2027-after,HKD,181,9857,NH,NH814>NH553,1,HKD,2027-02-06 00:05,2027-02-06 11:00,595,HND,any,1,2027-02-06,2027-02-14,2026-08-09 03:09:40
2026-08-09,CNY-2027-after,HKD,181,12780,CX+JL,CX524>JL587,1,HKD,2027-02-06 01:25,2027-02-06 14:10,705,NRT,any,0,2027-02-06,2027-02-14,2026-08-09 03:09:40
2026-08-09,CNY-2027-after,HKD,181,13693,CX+JL,CX566>JL2123,1,HKD,2027-02-06 01:50,2027-02-06 13:15,625,KIX,any,0,2027-02-06,2027-02-14,2026-08-09 03:09:40
2026-08-09,CNY-2027-after,HKD,181,14396,CX+NH,CX580>NH4857,1,HKD,2027-02-06 09:10,2027-02-06 18:35,505,CTS,any,0,2027-02-06,2027-02-14,2026-08-09 03:09:40
2026-08-09,XMAS-2026,TYO,133,4159,UO,UO650,0,NRT,2026-12-20 14:00,2026-12-20 19:05,245,,nonstop,1,2026-12-20,2027-01-03,2026-08-09 05:26:08
2026-08-09,XMAS-2026,TYO,133,4159,UO,UO652,0,NRT,2026-12-20 14:55,2026-12-20 20:00,245,,nonstop,1,2026-12-20,2027-01-03,2026-08-09 05:26:08
2026-08-09,XMAS-2026,TYO,133,4179,UO,UO646,0,NRT,2026-12-20 13:00,2026-12-20 18:05,245,,nonstop,1,2026-12-20,2027-01-03,2026-08-09 05:26:08
2026-08-09,XMAS-2026,TYO,133,4379,UO,UO628,0,HND,2026-12-20 19:55,2026-12-21 00:45,230,,nonstop,0,2026-12-20,2027-01-03,2026-08-09 05:26:08
2026-08-09,XMAS-2026,TYO,133,4629,UO,UO854,0,NRT,2026-12-20 02:00,2026-12-20 07:05,245,,nonstop,0,2026-12-20,2027-01-03,2026-08-09 05:26:08
2026-08-09,XMAS-2026,TYO,133,4829,UO,UO622,0,HND,2026-12-20 17:55,2026-12-20 22:45,230,,nonstop,0,2026-12-20,2027-01-03,2026-08-09 05:26:08
2026-08-09,XMAS-2026,TYO,133,4829,UO,UO624,0,HND,2026-12-20 23:55,2026-12-21 04:45,230,,nonstop,0,2026-12-20,2027-01-03,2026-08-09 05:26:08
2026-08-09,XMAS-2026,TYO,133,4979,UO,UO848,0,NRT,2026-12-20 09:20,2026-12-20 14:25,245,,nonstop,0,2026-12-20,2027-01-03,2026-08-09 05:26:08
2026-08-09,XMAS-2026,TYO,133,4979,UO,UO870,0,NRT,2026-12-20 10:50,2026-12-20 15:55,245,,nonstop,0,2026-12-20,2027-01-03,2026-08-09 05:26:08
2026-08-09,XMAS-2026,TYO,133,7147,NH,NH860,0,HND,2026-12-20 14:20,2026-12-20 19:15,235,,nonstop,0,2026-12-20,2027-01-03,2026-08-09 05:26:08
2026-08-09,XMAS-2026,TYO,133,7300,HB,HB320,0,NRT,2026-12-20 09:05,2026-12-20 14:10,245,,nonstop,0,2026-12-20,2027-01-03,2026-08-09 05:26:08
2026-08-09,XMAS-2026,TYO,133,7647,NH,NH814,0,HND,2026-12-20 00:05,2026-12-20 04:55,230,,nonstop,0,2026-12-20,2027-01-03,2026-08-09 05:26:08
2026-08-09,XMAS-2026,TYO,133,9210,CX,CX524,0,NRT,2026-12-20 01:25,2026-12-20 06:30,245,,nonstop,0,2026-12-20,2027-01-03,2026-08-09 05:26:08
2026-08-09,XMAS-2026,TYO,133,9210,CX,CX526,0,NRT,2026-12-20 08:15,2026-12-20 13:10,235,,nonstop,0,2026-12-20,2027-01-03,2026-08-09 05:26:08
2026-08-09,XMAS-2026,TYO,133,9210,CX,CX504,0,NRT,2026-12-20 09:05,2026-12-20 14:10,245,,nonstop,0,2026-12-20,2027-01-03,2026-08-09 05:26:08
2026-08-09,XMAS-2026,TYO,133,9210,CX,CX520,0,NRT,2026-12-20 10:30,2026-12-20 15:35,245,,nonstop,0,2026-12-20,2027-01-03,2026-08-09 05:26:08
2026-08-09,XMAS-2026,TYO,133,9210,CX,CX500,0,NRT,2026-12-20 15:25,2026-12-20 20:20,235,,nonstop,0,2026-12-20,2027-01-03,2026-08-09 05:26:08
2026-08-09,XMAS-2026,TYO,133,11191,CX,CX542,0,HND,2026-12-20 16:30,2026-12-20 21:15,225,,nonstop,0,2026-12-20,2027-01-03,2026-08-09 05:26:08
2026-08-09,XMAS-2026,TYO,133,11651,CX,CX548,0,HND,2026-12-20 08:55,2026-12-20 13:45,230,,nonstop,0,2026-12-20,2027-01-03,2026-08-09 05:26:08
2026-08-09,XMAS-2026,TYO,133,11689,JL,JL26,0,HND,2026-12-20 15:35,2026-12-20 20:25,230,,nonstop,0,2026-12-20,2027-01-03,2026-08-09 05:26:08
2026-08-09,XMAS-2026,TYO,133,11700,JL,JL736,0,NRT,2026-12-20 10:20,2026-12-20 15:20,240,,nonstop,0,2026-12-20,2027-01-03,2026-08-09 05:26:08
2026-08-09,XMAS-2026,TYO,133,12508,NH,NH812,0,NRT,2026-12-20 10:00,2026-12-20 15:10,250,,nonstop,0,2026-12-20,2027-01-03,2026-08-09 05:26:08
2026-08-09,XMAS-2026,SDJ,133,5249,UO,UO890,0,SDJ,2026-12-20 09:00,2026-12-20 14:05,245,,nonstop,0,2026-12-20,2027-01-03,2026-08-09 05:26:08
2026-08-09,XMAS-2026,CTS,133,8114,HB,HB2886,0,CTS,2026-12-20 01:15,2026-12-20 07:00,285,,nonstop,0,2026-12-20,2027-01-03,2026-08-09 05:26:08
2026-08-09,XMAS-2026,CTS,133,8524,HB,HB880,0,CTS,2026-12-20 09:15,2026-12-20 15:00,285,,nonstop,1,2026-12-20,2027-01-03,2026-08-09 05:26:08
2026-08-09,XMAS-2026,CTS,133,16712,CX,CX580,0,CTS,2026-12-20 09:10,2026-12-20 14:50,280,,nonstop,0,2026-12-20,2027-01-03,2026-08-09 05:26:08
2026-08-09,XMAS-2026,CTS,133,16712,CX,CX584,0,CTS,2026-12-20 10:25,2026-12-20 15:55,270,,nonstop,0,2026-12-20,2027-01-03,2026-08-09 05:26:08
2026-08-09,XMAS-2026,CTS,133,16712,CX,CX586,0,CTS,2026-12-20 12:25,2026-12-20 17:50,265,,nonstop,0,2026-12-20,2027-01-03,2026-08-09 05:26:08
2026-08-09,XMAS-2026,CTS,133,8114,HB,HB2886,0,CTS,2026-12-20 01:15,2026-12-20 07:00,285,,any,1,2026-12-20,2027-01-03,2026-08-09 05:26:08
2026-08-09,XMAS-2026,CTS,133,8220,KE,KE2012>KE769,1,CTS,2026-12-20 00:55,2026-12-20 15:40,825,ICN,any,0,2026-12-20,2027-01-03,2026-08-09 05:26:08
2026-08-09,XMAS-2026,CTS,133,8524,HB,HB880,0,CTS,2026-12-20 09:15,2026-12-20 15:00,285,,any,1,2026-12-20,2027-01-03,2026-08-09 05:26:08
2026-08-09,XMAS-2026,CTS,133,10931,NH,NH812>NH77,1,CTS,2026-12-20 10:00,2026-12-20 20:30,570,NRT,any,0,2026-12-20,2027-01-03,2026-08-09 05:26:08
2026-08-09,XMAS-2026,CTS,133,13608,BR,BR858>BR166,1,CTS,2026-12-20 21:10,2026-12-21 11:00,770,TPE,any,0,2026-12-20,2027-01-03,2026-08-09 05:26:08
2026-08-09,XMAS-2026,CTS,133,15018,CX,CX580,0,CTS,2026-12-20 09:10,2026-12-20 14:50,280,,any,1,2026-12-20,2027-01-03,2026-08-09 05:26:08
2026-08-09,XMAS-2026,CTS,133,15018,CX,CX584,0,CTS,2026-12-20 10:25,2026-12-20 15:55,270,,any,1,2026-12-20,2027-01-03,2026-08-09 05:26:08
2026-08-09,XMAS-2026,CTS,133,15018,CX,CX586,0,CTS,2026-12-20 12:25,2026-12-20 17:50,265,,any,1,2026-12-20,2027-01-03,2026-08-09 05:26:08
2026-08-09,CNY-2027-before,TYO,174,3249,UO,UO848,0,NRT,2027-01-30 09:20,2027-01-30 14:25,245,,nonstop,1,2027-01-30,2027-02-07,2026-08-09 05:26:08
2026-08-09,CNY-2027-before,TYO,174,3249,UO,UO646,0,NRT,2027-01-30 13:00,2027-01-30 18:05,245,,nonstop,0,2027-01-30,2027-02-07,2026-08-09 05:26:08
2026-08-09,CNY-2027-before,TYO,174,3249,UO,UO650,0,NRT,2027-01-30 14:00,2027-01-30 19:05,245,,nonstop,0,2027-01-30,2027-02-07,2026-08-09 05:26:08
2026-08-09,CNY-2027-before,TYO,174,3249,UO,UO652,0,NRT,2027-01-30 14:55,2027-01-30 20:00,245,,nonstop,0,2027-01-30,2027-02-07,2026-08-09 05:26:08
2026-08-09,CNY-2027-before,TYO,174,3339,UO,UO624,0,HND,2027-01-30 23:55,2027-01-31 04:45,230,,nonstop,0,2027-01-30,2027-02-07,2026-08-09 05:26:08
2026-08-09,CNY-2027-before,TYO,174,3449,UO,UO854,0,NRT,2027-01-30 02:00,2027-01-30 07:05,245,,nonstop,0,2027-01-30,2027-02-07,2026-08-09 05:26:08
2026-08-09,CNY-2027-before,TYO,174,3519,UO,UO622,0,HND,2027-01-30 17:55,2027-01-30 22:45,230,,nonstop,0,2027-01-30,2027-02-07,2026-08-09 05:26:08
2026-08-09,CNY-2027-before,TYO,174,3519,UO,UO628,0,HND,2027-01-30 19:55,2027-01-31 00:45,230,,nonstop,0,2027-01-30,2027-02-07,2026-08-09 05:26:08
2026-08-09,CNY-2027-before,TYO,174,3899,UO,UO870,0,NRT,2027-01-30 10:50,2027-01-30 15:55,245,,nonstop,0,2027-01-30,2027-02-07,2026-08-09 05:26:08
2026-08-09,CNY-2027-before,TYO,174,4800,HB,HB320,0,NRT,2027-01-30 09:05,2027-01-30 14:10,245,,nonstop,1,2027-01-30,2027-02-07,2026-08-09 05:26:08
2026-08-09,CNY-2027-before,TYO,174,5197,NH,NH814,0,HND,2027-01-30 00:05,2027-01-30 04:55,230,,nonstop,1,2027-01-30,2027-02-07,2026-08-09 05:26:08
2026-08-09,CNY-2027-before,TYO,174,6108,NH,NH812,0,NRT,2027-01-30 10:00,2027-01-30 15:10,250,,nonstop,0,2027-01-30,2027-02-07,2026-08-09 05:26:08
2026-08-09,CNY-2027-before,TYO,174,6110,JL,JL736,0,NRT,2027-01-30 10:20,2027-01-30 15:20,240,,nonstop,0,2027-01-30,2027-02-07,2026-08-09 05:26:08
2026-08-09,CNY-2027-before,TYO,174,7179,JL,JL26,0,HND,2027-01-30 15:35,2027-01-30 20:25,230,,nonstop,0,2027-01-30,2027-02-07,2026-08-09 05:26:08
2026-08-09,CNY-2027-before,TYO,174,7517,NH,NH860,0,HND,2027-01-30 14:20,2027-01-30 19:15,235,,nonstop,0,2027-01-30,2027-02-07,2026-08-09 05:26:08
2026-08-09,CNY-2027-before,TYO,174,8750,CX,CX524,0,NRT,2027-01-30 01:25,2027-01-30 06:30,245,,nonstop,0,2027-01-30,2027-02-07,2026-08-09 05:26:08
2026-08-09,CNY-2027-before,TYO,174,8750,CX,CX504,0,NRT,2027-01-30 09:05,2027-01-30 14:10,245,,nonstop,0,2027-01-30,2027-02-07,2026-08-09 05:26:08
2026-08-09,CNY-2027-before,TYO,174,8750,CX,CX520,0,NRT,2027-01-30 10:30,2027-01-30 15:35,245,,nonstop,0,2027-01-30,2027-02-07,2026-08-09 05:26:08
2026-08-09,CNY-2027-before,TYO,174,8750,CX,CX500,0,NRT,2027-01-30 15:25,2027-01-30 20:20,235,,nonstop,0,2027-01-30,2027-02-07,2026-08-09 05:26:08
2026-08-09,CNY-2027-before,TYO,174,9491,CX,CX542,0,HND,2027-01-30 16:30,2027-01-30 21:15,225,,nonstop,0,2027-01-30,2027-02-07,2026-08-09 05:26:08
2026-08-09,CNY-2027-before,TYO,174,10760,CX,CX526,0,NRT,2027-01-30 08:15,2027-01-30 13:10,235,,nonstop,0,2027-01-30,2027-02-07,2026-08-09 05:26:08
2026-08-09,CNY-2027-before,TYO,174,11131,CX,CX548,0,HND,2027-01-30 08:55,2027-01-30 13:45,230,,nonstop,0,2027-01-30,2027-02-07,2026-08-09 05:26:08
2026-08-09,CNY-2027-before,SDJ,174,3319,UO,UO890,0,SDJ,2027-01-30 09:00,2027-01-30 14:05,245,,nonstop,0,2027-01-30,2027-02-07,2026-08-09 05:26:08
2026-08-09,CNY-2027-before,CTS,174,5204,HB,HB880,0,CTS,2027-01-30 09:15,2027-01-30 15:00,285,,nonstop,1,2027-01-30,2027-02-07,2026-08-09 05:26:08
2026-08-09,CNY-2027-before,CTS,174,17184,CX,CX580,0,CTS,2027-01-30 09:10,2027-01-30 14:50,280,,nonstop,0,2027-01-30,2027-02-07,2026-08-09 05:26:08
2026-08-09,CNY-2027-before,CTS,174,17184,CX,CX584,0,CTS,2027-01-30 10:25,2027-01-30 15:55,270,,nonstop,0,2027-01-30,2027-02-07,2026-08-09 05:26:08
2026-08-09,CNY-2027-before,CTS,174,17184,CX,CX586,0,CTS,2027-01-30 12:25,2027-01-30 17:50,265,,nonstop,0,2027-01-30,2027-02-07,2026-08-09 05:26:08
2026-08-09,CNY-2027-before,CTS,174,5204,HB,HB880,0,CTS,2027-01-30 09:15,2027-01-30 15:00,285,,any,1,2027-01-30,2027-02-07,2026-08-09 05:26:08
2026-08-09,CNY-2027-before,CTS,174,5281,NH,NH814>NH75,1,CTS,2027-01-30 00:05,2027-01-30 19:35,1110,HND,any,0,2027-01-30,2027-02-07,2026-08-09 05:26:08
2026-08-09,CNY-2027-before,CTS,174,5281,NH,NH814>NH2155,1,CTS,2027-01-30 00:05,2027-01-30 19:35,1110,HND,any,0,2027-01-30,2027-02-07,2026-08-09 05:26:08
2026-08-09,CNY-2027-before,CTS,174,5731,NH,NH814>NH51,1,CTS,2027-01-30 00:05,2027-01-30 08:30,445,HND,any,0,2027-01-30,2027-02-07,2026-08-09 05:26:08
2026-08-09,CNY-2027-before,CTS,174,6181,NH,NH814>NH987,1,CTS,2027-01-30 00:05,2027-01-30 07:50,405,HND,any,1,2027-01-30,2027-02-07,2026-08-09 05:26:08
2026-08-09,CNY-2027-before,CTS,174,6340,KE,KE2012>KE765,1,CTS,2027-01-30 00:55,2027-01-30 12:50,655,ICN,any,0,2027-01-30,2027-02-07,2026-08-09 05:26:08
2026-08-09,CNY-2027-before,CTS,174,6781,NH,NH812>NH2155,1,CTS,2027-01-30 10:00,2027-01-30 19:35,515,NRT,any,0,2027-01-30,2027-02-07,2026-08-09 05:26:08
2026-08-09,CNY-2027-before,CTS,174,15018,CX,CX580,0,CTS,2027-01-30 09:10,2027-01-30 14:50,280,,any,1,2027-01-30,2027-02-07,2026-08-09 05:26:08
2026-08-09,CNY-2027-before,CTS,174,15018,CX,CX584,0,CTS,2027-01-30 10:25,2027-01-30 15:55,270,,any,1,2027-01-30,2027-02-07,2026-08-09 05:26:08
2026-08-09,CNY-2027-before,CTS,174,15018,CX,CX586,0,CTS,2027-01-30 12:25,2027-01-30 17:50,265,,any,1,2027-01-30,2027-02-07,2026-08-09 05:26:08
2026-08-09,CNY-2027-before,HKD,174,5287,NH,NH814>NH553,1,HKD,2027-01-30 00:05,2027-01-30 11:00,595,HND,any,1,2027-01-30,2027-02-07,2026-08-09 05:26:08
2026-08-09,CNY-2027-before,HKD,174,5299,NH,NH860>NH553,1,HKD,2027-01-30 14:20,2027-01-31 11:00,1180,HND,any,1,2027-01-30,2027-02-07,2026-08-09 05:26:08
2026-08-09,CNY-2027-before,HKD,174,6788,NH,NH812>NH559,1,HKD,2027-01-30 10:00,2027-01-30 19:45,525,NRT,any,1,2027-01-30,2027-02-07,2026-08-09 05:26:08
2026-08-09,CNY-2027-before,HKD,174,7989,JL,JL736>JL585,1,HKD,2027-01-30 10:20,2027-01-31 08:55,1295,NRT,any,0,2027-01-30,2027-02-07,2026-08-09 05:26:08
2026-08-09,CNY-2027-before,HKD,174,9081,JL,JL26>JL585,1,HKD,2027-01-30 15:35,2027-01-31 08:55,980,HND,any,0,2027-01-30,2027-02-07,2026-08-09 05:26:08
2026-08-09,CNY-2027-before,HKD,174,9357,CX+JL,CX586>JL2741,1,HKD,2027-01-30 12:25,2027-01-31 08:15,1130,CTS,any,0,2027-01-30,2027-02-07,2026-08-09 05:26:08
2026-08-09,CNY-2027-before,HKD,174,12437,CX+NH,CX584>NH4857,1,HKD,2027-01-30 10:25,2027-01-30 18:35,430,CTS,any,0,2027-01-30,2027-02-07,2026-08-09 05:26:08
2026-08-09,CNY-2027-after,TYO,181,4779,UO,UO650,0,NRT,2027-02-06 14:00,2027-02-06 19:05,245,,nonstop,1,2027-02-06,2027-02-14,2026-08-09 05:26:08
2026-08-09,CNY-2027-after,TYO,181,5179,UO,UO646,0,NRT,2027-02-06 13:00,2027-02-06 18:05,245,,nonstop,1,2027-02-06,2027-02-14,2026-08-09 05:26:08
2026-08-09,CNY-2027-after,TYO,181,5179,UO,UO652,0,NRT,2027-02-06 14:55,2027-02-06 20:00,245,,nonstop,1,2027-02-06,2027-02-14,2026-08-09 05:26:08
2026-08-09,CNY-2027-after,TYO,181,5329,UO,UO628,0,HND,2027-02-06 19:55,2027-02-07 00:45,230,,nonstop,1,2027-02-06,2027-02-14,2026-08-09 05:26:08
2026-08-09,CNY-2027-after,TYO,181,5349,UO,UO624,0,HND,2027-02-06 23:55,2027-02-07 04:45,230,,nonstop,0,2027-02-06,2027-02-14,2026-08-09 05:26:08
2026-08-09,CNY-2027-after,TYO,181,5629,UO,UO854,0,NRT,2027-02-06 02:00,2027-02-06 07:05,245,,nonstop,0,2027-02-06,2027-02-14,2026-08-09 05:26:08
2026-08-09,CNY-2027-after,TYO,181,5779,UO,UO622,0,HND,2027-02-06 17:55,2027-02-06 22:45,230,,nonstop,0,2027-02-06,2027-02-14,2026-08-09 05:26:08
2026-08-09,CNY-2027-after,TYO,181,6179,UO,UO848,0,NRT,2027-02-06 09:20,2027-02-06 14:25,245,,nonstop,0,2027-02-06,2027-02-14,2026-08-09 05:26:08
2026-08-09,CNY-2027-after,TYO,181,6179,UO,UO870,0,NRT,2027-02-06 10:50,2027-02-06 15:55,245,,nonstop,0,2027-02-06,2027-02-14,2026-08-09 05:26:08
2026-08-09,CNY-2027-after,TYO,181,8679,JL,JL26,0,HND,2027-02-06 15:35,2027-02-06 20:25,230,,nonstop,0,2027-02-06,2027-02-14,2026-08-09 05:26:08
2026-08-09,CNY-2027-after,TYO,181,8730,HB,HB320,0,NRT,2027-02-06 09:05,2027-02-06 14:10,245,,nonstop,0,2027-02-06,2027-02-14,2026-08-09 05:26:08
2026-08-09,CNY-2027-after,TYO,181,8777,NH,NH860,0,HND,2027-02-06 14:20,2027-02-06 19:15,235,,nonstop,0,2027-02-06,2027-02-14,2026-08-09 05:26:08
2026-08-09,CNY-2027-after,TYO,181,9547,NH,NH814,0,HND,2027-02-06 00:05,2027-02-06 04:55,230,,nonstop,0,2027-02-06,2027-02-14,2026-08-09 05:26:08
2026-08-09,CNY-2027-after,TYO,181,9680,JL,JL736,0,NRT,2027-02-06 10:20,2027-02-06 15:20,240,,nonstop,0,2027-02-06,2027-02-14,2026-08-09 05:26:08
2026-08-09,CNY-2027-after,TYO,181,10440,CX,CX524,0,NRT,2027-02-06 01:25,2027-02-06 06:30,245,,nonstop,0,2027-02-06,2027-02-14,2026-08-09 05:26:08
2026-08-09,CNY-2027-after,TYO,181,10440,CX,CX504,0,NRT,2027-02-06 09:05,2027-02-06 14:10,245,,nonstop,0,2027-02-06,2027-02-14,2026-08-09 05:26:08
2026-08-09,CNY-2027-after,TYO,181,10440,CX,CX520,0,NRT,2027-02-06 10:30,2027-02-06 15:35,245,,nonstop,0,2027-02-06,2027-02-14,2026-08-09 05:26:08
2026-08-09,CNY-2027-after,TYO,181,10440,CX,CX500,0,NRT,2027-02-06 15:25,2027-02-06 20:20,235,,nonstop,0,2027-02-06,2027-02-14,2026-08-09 05:26:08
2026-08-09,CNY-2027-after,TYO,181,10888,NH,NH812,0,NRT,2027-02-06 10:00,2027-02-06 15:10,250,,nonstop,0,2027-02-06,2027-02-14,2026-08-09 05:26:08
2026-08-09,CNY-2027-after,TYO,181,11191,CX,CX542,0,HND,2027-02-06 16:30,2027-02-06 21:15,225,,nonstop,0,2027-02-06,2027-02-14,2026-08-09 05:26:08
2026-08-09,CNY-2027-after,TYO,181,12450,CX,CX526,0,NRT,2027-02-06 08:15,2027-02-06 13:10,235,,nonstop,0,2027-02-06,2027-02-14,2026-08-09 05:26:08
2026-08-09,CNY-2027-after,TYO,181,12831,CX,CX548,0,HND,2027-02-06 08:55,2027-02-06 13:45,230,,nonstop,0,2027-02-06,2027-02-14,2026-08-09 05:26:08
2026-08-09,CNY-2027-after,SDJ,181,7739,UO,UO890,0,SDJ,2027-02-06 09:00,2027-02-06 14:05,245,,nonstop,0,2027-02-06,2027-02-14,2026-08-09 05:26:08
2026-08-09,CNY-2027-after,CTS,181,14284,HB,HB880,0,CTS,2027-02-06 09:15,2027-02-06 15:00,285,,nonstop,0,2027-02-06,2027-02-14,2026-08-09 05:26:08
2026-08-09,CNY-2027-after,CTS,181,17184,CX,CX584,0,CTS,2027-02-06 10:25,2027-02-06 15:55,270,,nonstop,1,2027-02-06,2027-02-14,2026-08-09 05:26:08
2026-08-09,CNY-2027-after,CTS,181,17184,CX,CX586,0,CTS,2027-02-06 12:25,2027-02-06 17:50,265,,nonstop,1,2027-02-06,2027-02-14,2026-08-09 05:26:08
2026-08-09,CNY-2027-after,CTS,181,17184,CX,CX580,0,CTS,2027-02-06 09:10,2027-02-06 14:50,280,,nonstop,0,2027-02-06,2027-02-14,2026-08-09 05:26:08
2026-08-09,CNY-2027-after,CTS,181,8440,KE,KE2006>KE769,1,CTS,2027-02-06 18:10,2027-02-07 15:40,1230,ICN,any,0,2027-02-06,2027-02-14,2026-08-09 05:26:08
2026-08-09,CNY-2027-after,CTS,181,9203,JL,JL26>JL501,1,CTS,2027-02-06 15:35,2027-02-07 08:00,925,HND,any,0,2027-02-06,2027-02-14,2026-08-09 05:26:08
2026-08-09,CNY-2027-after,CTS,181,9663,JL,JL736>JL527,1,CTS,2027-02-06 10:20,2027-02-06 20:05,525,NRT,any,0,2027-02-06,2027-02-14,2026-08-09 05:26:08
2026-08-09,CNY-2027-after,CTS,181,10661,NH,NH814>NH987,1,CTS,2027-02-06 00:05,2027-02-06 07:50,405,HND,any,0,2027-02-06,2027-02-14,2026-08-09 05:26:08
2026-08-09,CNY-2027-after,CTS,181,14284,HB,HB880,0,CTS,2027-02-06 09:15,2027-02-06 15:00,285,,any,1,2027-02-06,2027-02-14,2026-08-09 05:26:08
2026-08-09,CNY-2027-after,CTS,181,15018,CX,CX580,0,CTS,2027-02-06 09:10,2027-02-06 14:50,280,,any,1,2027-02-06,2027-02-14,2026-08-09 05:26:08
2026-08-09,CNY-2027-after,CTS,181,15018,CX,CX584,0,CTS,2027-02-06 10:25,2027-02-06 15:55,270,,any,1,2027-02-06,2027-02-14,2026-08-09 05:26:08
2026-08-09,CNY-2027-after,CTS,181,15018,CX,CX586,0,CTS,2027-02-06 12:25,2027-02-06 17:50,265,,any,1,2027-02-06,2027-02-14,2026-08-09 05:26:08
2026-08-09,CNY-2027-after,HKD,181,9087,NH,NH860>NH555,1,HKD,2027-02-06 14:20,2027-02-07 14:10,1370,HND,any,0,2027-02-06,2027-02-14,2026-08-09 05:26:08
2026-08-09,CNY-2027-after,HKD,181,9125,NH,NH860>NH55>NH4853,2,HKD,2027-02-06 14:20,2027-02-07 11:40,1220,HND-CTS,any,0,2027-02-06,2027-02-14,2026-08-09 05:26:08
2026-08-09,CNY-2027-after,HKD,181,9125,NH,NH860>NH53>NH4853,2,HKD,2027-02-06 14:20,2027-02-07 11:40,1220,HND-CTS,any,0,2027-02-06,2027-02-14,2026-08-09 05:26:08
2026-08-09,CNY-2027-after,HKD,181,9167,NH,NH860>NH553,1,HKD,2027-02-06 14:20,2027-02-07 11:00,1180,HND,any,0,2027-02-06,2027-02-14,2026-08-09 05:26:08
2026-08-09,CNY-2027-after,HKD,181,9209,JL,JL26>JL585,1,HKD,2027-02-06 15:35,2027-02-07 08:55,980,HND,any,0,2027-02-06,2027-02-14,2026-08-09 05:26:08
2026-08-09,CNY-2027-after,HKD,181,9557,NH,NH812>NH559,1,HKD,2027-02-06 10:00,2027-02-06 19:45,525,NRT,any,1,2027-02-06,2027-02-14,2026-08-09 05:26:08
2026-08-09,CNY-2027-after,HKD,181,9857,NH,NH814>NH553,1,HKD,2027-02-06 00:05,2027-02-06 11:00,595,HND,any,1,2027-02-06,2027-02-14,2026-08-09 05:26:08
2026-08-09,CNY-2027-after,HKD,181,12780,CX+JL,CX524>JL587,1,HKD,2027-02-06 01:25,2027-02-06 14:10,705,NRT,any,0,2027-02-06,2027-02-14,2026-08-09 05:26:08
2026-08-09,CNY-2027-after,HKD,181,13693,CX+JL,CX566>JL2123,1,HKD,2027-02-06 01:50,2027-02-06 13:15,625,KIX,any,0,2027-02-06,2027-02-14,2026-08-09 05:26:08
2026-08-09,CNY-2027-after,HKD,181,14396,CX+NH,CX580>NH4857,1,HKD,2027-02-06 09:10,2027-02-06 18:35,505,CTS,any,0,2027-02-06,2027-02-14,2026-08-09 05:26:08
2026-08-10,XMAS-2026,TYO,132,4159,UO,UO652,0,NRT,2026-12-20 14:55,2026-12-20 20:00,245,,nonstop,1,2026-12-20,2027-01-03,2026-08-09 22:53:48
2026-08-10,XMAS-2026,TYO,132,4359,UO,UO650,0,NRT,2026-12-20 14:00,2026-12-20 19:05,245,,nonstop,1,2026-12-20,2027-01-03,2026-08-09 22:53:48
2026-08-10,XMAS-2026,TYO,132,4379,UO,UO646,0,NRT,2026-12-20 13:00,2026-12-20 18:05,245,,nonstop,1,2026-12-20,2027-01-03,2026-08-09 22:53:48
2026-08-10,XMAS-2026,TYO,132,4579,UO,UO628,0,HND,2026-12-20 19:55,2026-12-21 00:45,230,,nonstop,0,2026-12-20,2027-01-03,2026-08-09 22:53:48
2026-08-10,XMAS-2026,TYO,132,4829,UO,UO622,0,HND,2026-12-20 17:55,2026-12-20 22:45,230,,nonstop,0,2026-12-20,2027-01-03,2026-08-09 22:53:48
2026-08-10,XMAS-2026,TYO,132,4829,UO,UO624,0,HND,2026-12-20 23:55,2026-12-21 04:45,230,,nonstop,0,2026-12-20,2027-01-03,2026-08-09 22:53:48
2026-08-10,XMAS-2026,TYO,132,4979,UO,UO854,0,NRT,2026-12-20 02:00,2026-12-20 07:05,245,,nonstop,0,2026-12-20,2027-01-03,2026-08-09 22:53:48
2026-08-10,XMAS-2026,TYO,132,5379,UO,UO848,0,NRT,2026-12-20 09:20,2026-12-20 14:25,245,,nonstop,0,2026-12-20,2027-01-03,2026-08-09 22:53:48
2026-08-10,XMAS-2026,TYO,132,5379,UO,UO870,0,NRT,2026-12-20 10:50,2026-12-20 15:55,245,,nonstop,0,2026-12-20,2027-01-03,2026-08-09 22:53:48
2026-08-10,XMAS-2026,TYO,132,7147,NH,NH860,0,HND,2026-12-20 14:20,2026-12-20 19:15,235,,nonstop,0,2026-12-20,2027-01-03,2026-08-09 22:53:48
2026-08-10,XMAS-2026,TYO,132,7300,HB,HB320,0,NRT,2026-12-20 09:05,2026-12-20 14:10,245,,nonstop,0,2026-12-20,2027-01-03,2026-08-09 22:53:48
2026-08-10,XMAS-2026,TYO,132,7647,NH,NH814,0,HND,2026-12-20 00:05,2026-12-20 04:55,230,,nonstop,0,2026-12-20,2027-01-03,2026-08-09 22:53:48
2026-08-10,XMAS-2026,TYO,132,9210,CX,CX524,0,NRT,2026-12-20 01:25,2026-12-20 06:30,245,,nonstop,0,2026-12-20,2027-01-03,2026-08-09 22:53:48
2026-08-10,XMAS-2026,TYO,132,9210,CX,CX526,0,NRT,2026-12-20 08:15,2026-12-20 13:10,235,,nonstop,0,2026-12-20,2027-01-03,2026-08-09 22:53:48
2026-08-10,XMAS-2026,TYO,132,9210,CX,CX504,0,NRT,2026-12-20 09:05,2026-12-20 14:10,245,,nonstop,0,2026-12-20,2027-01-03,2026-08-09 22:53:48
2026-08-10,XMAS-2026,TYO,132,9210,CX,CX520,0,NRT,2026-12-20 10:30,2026-12-20 15:35,245,,nonstop,0,2026-12-20,2027-01-03,2026-08-09 22:53:48
2026-08-10,XMAS-2026,TYO,132,9210,CX,CX500,0,NRT,2026-12-20 15:25,2026-12-20 20:20,235,,nonstop,0,2026-12-20,2027-01-03,2026-08-09 22:53:48
2026-08-10,XMAS-2026,TYO,132,11191,CX,CX542,0,HND,2026-12-20 16:30,2026-12-20 21:15,225,,nonstop,0,2026-12-20,2027-01-03,2026-08-09 22:53:48
2026-08-10,XMAS-2026,TYO,132,11308,NH,NH812,0,NRT,2026-12-20 10:00,2026-12-20 15:10,250,,nonstop,0,2026-12-20,2027-01-03,2026-08-09 22:53:48
2026-08-10,XMAS-2026,TYO,132,11651,CX,CX548,0,HND,2026-12-20 08:55,2026-12-20 13:45,230,,nonstop,0,2026-12-20,2027-01-03,2026-08-09 22:53:48
2026-08-10,XMAS-2026,TYO,132,11689,JL,JL26,0,HND,2026-12-20 15:35,2026-12-20 20:25,230,,nonstop,0,2026-12-20,2027-01-03,2026-08-09 22:53:48
2026-08-10,XMAS-2026,TYO,132,11700,JL,JL736,0,NRT,2026-12-20 10:20,2026-12-20 15:20,240,,nonstop,0,2026-12-20,2027-01-03,2026-08-09 22:53:48
2026-08-10,XMAS-2026,SDJ,132,5499,UO,UO890,0,SDJ,2026-12-20 09:00,2026-12-20 14:05,245,,nonstop,0,2026-12-20,2027-01-03,2026-08-09 22:53:48
2026-08-10,XMAS-2026,CTS,132,8114,HB,HB2886,0,CTS,2026-12-20 01:15,2026-12-20 07:00,285,,nonstop,0,2026-12-20,2027-01-03,2026-08-09 22:53:48
2026-08-10,XMAS-2026,CTS,132,8524,HB,HB880,0,CTS,2026-12-20 09:15,2026-12-20 15:00,285,,nonstop,1,2026-12-20,2027-01-03,2026-08-09 22:53:48
2026-08-10,XMAS-2026,CTS,132,16713,CX,CX580,0,CTS,2026-12-20 09:10,2026-12-20 14:50,280,,nonstop,0,2026-12-20,2027-01-03,2026-08-09 22:53:48
2026-08-10,XMAS-2026,CTS,132,16713,CX,CX584,0,CTS,2026-12-20 10:25,2026-12-20 15:55,270,,nonstop,0,2026-12-20,2027-01-03,2026-08-09 22:53:48
2026-08-10,XMAS-2026,CTS,132,16713,CX,CX586,0,CTS,2026-12-20 12:25,2026-12-20 17:50,265,,nonstop,0,2026-12-20,2027-01-03,2026-08-09 22:53:48
2026-08-10,XMAS-2026,CTS,132,8114,HB,HB2886,0,CTS,2026-12-20 01:15,2026-12-20 07:00,285,,any,1,2026-12-20,2027-01-03,2026-08-09 22:53:48
2026-08-10,XMAS-2026,CTS,132,8220,KE,KE2012>KE769,1,CTS,2026-12-20 00:55,2026-12-20 15:40,825,ICN,any,0,2026-12-20,2027-01-03,2026-08-09 22:53:48
2026-08-10,XMAS-2026,CTS,132,8524,HB,HB880,0,CTS,2026-12-20 09:15,2026-12-20 15:00,285,,any,1,2026-12-20,2027-01-03,2026-08-09 22:53:48
2026-08-10,XMAS-2026,CTS,132,10931,NH,NH812>NH77,1,CTS,2026-12-20 10:00,2026-12-20 20:30,570,NRT,any,0,2026-12-20,2027-01-03,2026-08-09 22:53:48
2026-08-10,XMAS-2026,CTS,132,13608,BR,BR858>BR166,1,CTS,2026-12-20 21:10,2026-12-21 11:00,770,TPE,any,0,2026-12-20,2027-01-03,2026-08-09 22:53:48
2026-08-10,XMAS-2026,CTS,132,15018,CX,CX580,0,CTS,2026-12-20 09:10,2026-12-20 14:50,280,,any,1,2026-12-20,2027-01-03,2026-08-09 22:53:48
2026-08-10,XMAS-2026,CTS,132,15018,CX,CX584,0,CTS,2026-12-20 10:25,2026-12-20 15:55,270,,any,1,2026-12-20,2027-01-03,2026-08-09 22:53:48
2026-08-10,XMAS-2026,CTS,132,15018,CX,CX586,0,CTS,2026-12-20 12:25,2026-12-20 17:50,265,,any,1,2026-12-20,2027-01-03,2026-08-09 22:53:48
2026-08-10,CNY-2027-before,TYO,173,3249,UO,UO848,0,NRT,2027-01-30 09:20,2027-01-30 14:25,245,,nonstop,1,2027-01-30,2027-02-07,2026-08-09 22:53:48
2026-08-10,CNY-2027-before,TYO,173,3249,UO,UO646,0,NRT,2027-01-30 13:00,2027-01-30 18:05,245,,nonstop,0,2027-01-30,2027-02-07,2026-08-09 22:53:48
2026-08-10,CNY-2027-before,TYO,173,3249,UO,UO650,0,NRT,2027-01-30 14:00,2027-01-30 19:05,245,,nonstop,0,2027-01-30,2027-02-07,2026-08-09 22:53:48
2026-08-10,CNY-2027-before,TYO,173,3249,UO,UO652,0,NRT,2027-01-30 14:55,2027-01-30 20:00,245,,nonstop,0,2027-01-30,2027-02-07,2026-08-09 22:53:48
2026-08-10,CNY-2027-before,TYO,173,3339,UO,UO624,0,HND,2027-01-30 23:55,2027-01-31 04:45,230,,nonstop,0,2027-01-30,2027-02-07,2026-08-09 22:53:48
2026-08-10,CNY-2027-before,TYO,173,3449,UO,UO854,0,NRT,2027-01-30 02:00,2027-01-30 07:05,245,,nonstop,0,2027-01-30,2027-02-07,2026-08-09 22:53:48
2026-08-10,CNY-2027-before,TYO,173,3519,UO,UO622,0,HND,2027-01-30 17:55,2027-01-30 22:45,230,,nonstop,0,2027-01-30,2027-02-07,2026-08-09 22:53:48
2026-08-10,CNY-2027-before,TYO,173,3519,UO,UO628,0,HND,2027-01-30 19:55,2027-01-31 00:45,230,,nonstop,0,2027-01-30,2027-02-07,2026-08-09 22:53:48
2026-08-10,CNY-2027-before,TYO,173,3899,UO,UO870,0,NRT,2027-01-30 10:50,2027-01-30 15:55,245,,nonstop,0,2027-01-30,2027-02-07,2026-08-09 22:53:48
2026-08-10,CNY-2027-before,TYO,173,4397,NH,NH860,0,HND,2027-01-30 14:20,2027-01-30 19:15,235,,nonstop,1,2027-01-30,2027-02-07,2026-08-09 22:53:48
2026-08-10,CNY-2027-before,TYO,173,4800,HB,HB320,0,NRT,2027-01-30 09:05,2027-01-30 14:10,245,,nonstop,1,2027-01-30,2027-02-07,2026-08-09 22:53:48
2026-08-10,CNY-2027-before,TYO,173,5658,NH,NH812,0,NRT,2027-01-30 10:00,2027-01-30 15:10,250,,nonstop,0,2027-01-30,2027-02-07,2026-08-09 22:53:48
2026-08-10,CNY-2027-before,TYO,173,6110,JL,JL736,0,NRT,2027-01-30 10:20,2027-01-30 15:20,240,,nonstop,0,2027-01-30,2027-02-07,2026-08-09 22:53:48
2026-08-10,CNY-2027-before,TYO,173,7179,JL,JL26,0,HND,2027-01-30 15:35,2027-01-30 20:25,230,,nonstop,0,2027-01-30,2027-02-07,2026-08-09 22:53:48
2026-08-10,CNY-2027-before,TYO,173,7517,NH,NH814,0,HND,2027-01-30 00:05,2027-01-30 04:55,230,,nonstop,0,2027-01-30,2027-02-07,2026-08-09 22:53:48
2026-08-10,CNY-2027-before,TYO,173,8750,CX,CX524,0,NRT,2027-01-30 01:25,2027-01-30 06:30,245,,nonstop,0,2027-01-30,2027-02-07,2026-08-09 22:53:48
2026-08-10,CNY-2027-before,TYO,173,8750,CX,CX504,0,NRT,2027-01-30 09:05,2027-01-30 14:10,245,,nonstop,0,2027-01-30,2027-02-07,2026-08-09 22:53:48
2026-08-10,CNY-2027-before,TYO,173,8750,CX,CX520,0,NRT,2027-01-30 10:30,2027-01-30 15:35,245,,nonstop,0,2027-01-30,2027-02-07,2026-08-09 22:53:48
2026-08-10,CNY-2027-before,TYO,173,8750,CX,CX500,0,NRT,2027-01-30 15:25,2027-01-30 20:20,235,,nonstop,0,2027-01-30,2027-02-07,2026-08-09 22:53:48
2026-08-10,CNY-2027-before,TYO,173,9491,CX,CX542,0,HND,2027-01-30 16:30,2027-01-30 21:15,225,,nonstop,0,2027-01-30,2027-02-07,2026-08-09 22:53:48
2026-08-10,CNY-2027-before,TYO,173,10760,CX,CX526,0,NRT,2027-01-30 08:15,2027-01-30 13:10,235,,nonstop,0,2027-01-30,2027-02-07,2026-08-09 22:53:48
2026-08-10,CNY-2027-before,TYO,173,11131,CX,CX548,0,HND,2027-01-30 08:55,2027-01-30 13:45,230,,nonstop,0,2027-01-30,2027-02-07,2026-08-09 22:53:48
2026-08-10,CNY-2027-before,SDJ,173,3319,UO,UO890,0,SDJ,2027-01-30 09:00,2027-01-30 14:05,245,,nonstop,0,2027-01-30,2027-02-07,2026-08-09 22:53:48
2026-08-10,CNY-2027-before,CTS,173,5204,HB,HB880,0,CTS,2027-01-30 09:15,2027-01-30 15:00,285,,nonstop,1,2027-01-30,2027-02-07,2026-08-09 22:53:48
2026-08-10,CNY-2027-before,CTS,173,17184,CX,CX580,0,CTS,2027-01-30 09:10,2027-01-30 14:50,280,,nonstop,0,2027-01-30,2027-02-07,2026-08-09 22:53:48
2026-08-10,CNY-2027-before,CTS,173,17184,CX,CX584,0,CTS,2027-01-30 10:25,2027-01-30 15:55,270,,nonstop,0,2027-01-30,2027-02-07,2026-08-09 22:53:48
2026-08-10,CNY-2027-before,CTS,173,17184,CX,CX586,0,CTS,2027-01-30 12:25,2027-01-30 17:50,265,,nonstop,0,2027-01-30,2027-02-07,2026-08-09 22:53:48
2026-08-10,CNY-2027-before,CTS,173,4481,NH,NH860>NH55,1,CTS,2027-01-30 14:20,2027-01-31 10:35,1155,HND,any,0,2027-01-30,2027-02-07,2026-08-09 22:53:48
2026-08-10,CNY-2027-before,CTS,173,5204,HB,HB880,0,CTS,2027-01-30 09:15,2027-01-30 15:00,285,,any,1,2027-01-30,2027-02-07,2026-08-09 22:53:48
2026-08-10,CNY-2027-before,CTS,173,5731,NH,NH812>NH77,1,CTS,2027-01-30 10:00,2027-01-30 20:30,570,NRT,any,0,2027-01-30,2027-02-07,2026-08-09 22:53:48
2026-08-10,CNY-2027-before,CTS,173,6181,NH,NH812>NH2155,1,CTS,2027-01-30 10:00,2027-01-30 19:35,515,NRT,any,0,2027-01-30,2027-02-07,2026-08-09 22:53:48
2026-08-10,CNY-2027-before,CTS,173,6340,KE,KE2012>KE765,1,CTS,2027-01-30 00:55,2027-01-30 12:50,655,ICN,any,0,2027-01-30,2027-02-07,2026-08-09 22:53:48
2026-08-10,CNY-2027-before,CTS,173,7601,NH,NH814>NH987,1,CTS,2027-01-30 00:05,2027-01-30 07:50,405,HND,any,0,2027-01-30,2027-02-07,2026-08-09 22:53:48
2026-08-10,CNY-2027-before,CTS,173,15018,CX,CX584,0,CTS,2027-01-30 10:25,2027-01-30 15:55,270,,any,1,2027-01-30,2027-02-07,2026-08-09 22:53:48
2026-08-10,CNY-2027-before,CTS,173,15018,CX,CX580,0,CTS,2027-01-30 09:10,2027-01-30 14:50,280,,any,0,2027-01-30,2027-02-07,2026-08-09 22:53:48
2026-08-10,CNY-2027-before,CTS,173,15018,CX,CX586,0,CTS,2027-01-30 12:25,2027-01-30 17:50,265,,any,0,2027-01-30,2027-02-07,2026-08-09 22:53:48
2026-08-10,CNY-2027-before,HKD,173,4487,NH,NH860>NH553,1,HKD,2027-01-30 14:20,2027-01-31 11:00,1180,HND,any,1,2027-01-30,2027-02-07,2026-08-09 22:53:48
2026-08-10,CNY-2027-before,HKD,173,5287,NH,NH812>NH559,1,HKD,2027-01-30 10:00,2027-01-30 19:45,525,NRT,any,1,2027-01-30,2027-02-07,2026-08-09 22:53:48
2026-08-10,CNY-2027-before,HKD,173,7607,NH,NH814>NH553,1,HKD,2027-01-30 00:05,2027-01-30 11:00,595,HND,any,0,2027-01-30,2027-02-07,2026-08-09 22:53:48
2026-08-10,CNY-2027-before,HKD,173,7989,JL,JL736>JL585,1,HKD,2027-01-30 10:20,2027-01-31 08:55,1295,NRT,any,0,2027-01-30,2027-02-07,2026-08-09 22:53:48
2026-08-10,CNY-2027-before,HKD,173,9069,JL,JL26>JL585,1,HKD,2027-01-30 15:35,2027-01-31 08:55,980,HND,any,0,2027-01-30,2027-02-07,2026-08-09 22:53:48
2026-08-10,CNY-2027-before,HKD,173,9357,CX+JL,CX586>JL2741,1,HKD,2027-01-30 12:25,2027-01-31 08:15,1130,CTS,any,0,2027-01-30,2027-02-07,2026-08-09 22:53:48
2026-08-10,CNY-2027-before,HKD,173,12436,CX+NH,CX584>NH4857,1,HKD,2027-01-30 10:25,2027-01-30 18:35,430,CTS,any,0,2027-01-30,2027-02-07,2026-08-09 22:53:48
2026-08-10,CNY-2027-before,HKD,173,13234,CX+JL,CX566>JL2123,1,HKD,2027-01-30 01:50,2027-01-30 13:15,625,KIX,any,0,2027-01-30,2027-02-07,2026-08-09 22:53:48
2026-08-10,CNY-2027-after,TYO,180,4779,UO,UO650,0,NRT,2027-02-06 14:00,2027-02-06 19:05,245,,nonstop,1,2027-02-06,2027-02-14,2026-08-09 22:53:48
2026-08-10,CNY-2027-after,TYO,180,5179,UO,UO646,0,NRT,2027-02-06 13:00,2027-02-06 18:05,245,,nonstop,1,2027-02-06,2027-02-14,2026-08-09 22:53:48
2026-08-10,CNY-2027-after,TYO,180,5179,UO,UO652,0,NRT,2027-02-06 14:55,2027-02-06 20:00,245,,nonstop,0,2027-02-06,2027-02-14,2026-08-09 22:53:48
2026-08-10,CNY-2027-after,TYO,180,5329,UO,UO628,0,HND,2027-02-06 19:55,2027-02-07 00:45,230,,nonstop,0,2027-02-06,2027-02-14,2026-08-09 22:53:48
2026-08-10,CNY-2027-after,TYO,180,5629,UO,UO854,0,NRT,2027-02-06 02:00,2027-02-06 07:05,245,,nonstop,0,2027-02-06,2027-02-14,2026-08-09 22:53:48
2026-08-10,CNY-2027-after,TYO,180,5779,UO,UO622,0,HND,2027-02-06 17:55,2027-02-06 22:45,230,,nonstop,0,2027-02-06,2027-02-14,2026-08-09 22:53:48
2026-08-10,CNY-2027-after,TYO,180,5799,UO,UO624,0,HND,2027-02-06 23:55,2027-02-07 04:45,230,,nonstop,0,2027-02-06,2027-02-14,2026-08-09 22:53:48
2026-08-10,CNY-2027-after,TYO,180,6179,UO,UO848,0,NRT,2027-02-06 09:20,2027-02-06 14:25,245,,nonstop,0,2027-02-06,2027-02-14,2026-08-09 22:53:48
2026-08-10,CNY-2027-after,TYO,180,6179,UO,UO870,0,NRT,2027-02-06 10:50,2027-02-06 15:55,245,,nonstop,0,2027-02-06,2027-02-14,2026-08-09 22:53:48
2026-08-10,CNY-2027-after,TYO,180,6770,HB,HB320,0,NRT,2027-02-06 09:05,2027-02-06 14:10,245,,nonstop,1,2027-02-06,2027-02-14,2026-08-09 22:53:48
2026-08-10,CNY-2027-after,TYO,180,8679,JL,JL26,0,HND,2027-02-06 15:35,2027-02-06 20:25,230,,nonstop,0,2027-02-06,2027-02-14,2026-08-09 22:53:48
2026-08-10,CNY-2027-after,TYO,180,8777,NH,NH860,0,HND,2027-02-06 14:20,2027-02-06 19:15,235,,nonstop,0,2027-02-06,2027-02-14,2026-08-09 22:53:48
2026-08-10,CNY-2027-after,TYO,180,9547,NH,NH814,0,HND,2027-02-06 00:05,2027-02-06 04:55,230,,nonstop,0,2027-02-06,2027-02-14,2026-08-09 22:53:48
2026-08-10,CNY-2027-after,TYO,180,9680,JL,JL736,0,NRT,2027-02-06 10:20,2027-02-06 15:20,240,,nonstop,0,2027-02-06,2027-02-14,2026-08-09 22:53:48
2026-08-10,CNY-2027-after,TYO,180,10288,NH,NH812,0,NRT,2027-02-06 10:00,2027-02-06 15:10,250,,nonstop,0,2027-02-06,2027-02-14,2026-08-09 22:53:48
2026-08-10,CNY-2027-after,TYO,180,10440,CX,CX524,0,NRT,2027-02-06 01:25,2027-02-06 06:30,245,,nonstop,0,2027-02-06,2027-02-14,2026-08-09 22:53:48
2026-08-10,CNY-2027-after,TYO,180,10440,CX,CX504,0,NRT,2027-02-06 09:05,2027-02-06 14:10,245,,nonstop,0,2027-02-06,2027-02-14,2026-08-09 22:53:48
2026-08-10,CNY-2027-after,TYO,180,10440,CX,CX520,0,NRT,2027-02-06 10:30,2027-02-06 15:35,245,,nonstop,0,2027-02-06,2027-02-14,2026-08-09 22:53:48
2026-08-10,CNY-2027-after,TYO,180,10440,CX,CX500,0,NRT,2027-02-06 15:25,2027-02-06 20:20,235,,nonstop,0,2027-02-06,2027-02-14,2026-08-09 22:53:48
2026-08-10,CNY-2027-after,TYO,180,11191,CX,CX542,0,HND,2027-02-06 16:30,2027-02-06 21:15,225,,nonstop,0,2027-02-06,2027-02-14,2026-08-09 22:53:48
2026-08-10,CNY-2027-after,TYO,180,12450,CX,CX526,0,NRT,2027-02-06 08:15,2027-02-06 13:10,235,,nonstop,0,2027-02-06,2027-02-14,2026-08-09 22:53:48
2026-08-10,CNY-2027-after,TYO,180,12831,CX,CX548,0,HND,2027-02-06 08:55,2027-02-06 13:45,230,,nonstop,0,2027-02-06,2027-02-14,2026-08-09 22:53:48
2026-08-10,CNY-2027-after,SDJ,180,7739,UO,UO890,0,SDJ,2027-02-06 09:00,2027-02-06 14:05,245,,nonstop,0,2027-02-06,2027-02-14,2026-08-09 22:53:48
2026-08-10,CNY-2027-after,CTS,180,14284,HB,HB880,0,CTS,2027-02-06 09:15,2027-02-06 15:00,285,,nonstop,0,2027-02-06,2027-02-14,2026-08-09 22:53:48
2026-08-10,CNY-2027-after,CTS,180,17184,CX,CX584,0,CTS,2027-02-06 10:25,2027-02-06 15:55,270,,nonstop,1,2027-02-06,2027-02-14,2026-08-09 22:53:48
2026-08-10,CNY-2027-after,CTS,180,17184,CX,CX586,0,CTS,2027-02-06 12:25,2027-02-06 17:50,265,,nonstop,1,2027-02-06,2027-02-14,2026-08-09 22:53:48
2026-08-10,CNY-2027-after,CTS,180,17184,CX,CX580,0,CTS,2027-02-06 09:10,2027-02-06 14:50,280,,nonstop,0,2027-02-06,2027-02-14,2026-08-09 22:53:48
2026-08-10,CNY-2027-after,CTS,180,8440,KE,KE2006>KE769,1,CTS,2027-02-06 18:10,2027-02-07 15:40,1230,ICN,any,0,2027-02-06,2027-02-14,2026-08-09 22:53:48
2026-08-10,CNY-2027-after,CTS,180,9043,JL,JL26>JL507,1,CTS,2027-02-06 15:35,2027-02-07 10:35,1080,HND,any,0,2027-02-06,2027-02-14,2026-08-09 22:53:48
2026-08-10,CNY-2027-after,CTS,180,9551,NH,NH812>NH653>NH379,2,CTS,2027-02-06 10:00,2027-02-07 13:55,1615,NRT-OKJ,any,0,2027-02-06,2027-02-14,2026-08-09 22:53:48
2026-08-10,CNY-2027-after,CTS,180,9663,JL,JL736>JL527,1,CTS,2027-02-06 10:20,2027-02-06 20:05,525,NRT,any,0,2027-02-06,2027-02-14,2026-08-09 22:53:48
2026-08-10,CNY-2027-after,CTS,180,10981,NH,NH814>NH987,1,CTS,2027-02-06 00:05,2027-02-06 07:50,405,HND,any,0,2027-02-06,2027-02-14,2026-08-09 22:53:48
2026-08-10,CNY-2027-after,CTS,180,14284,HB,HB880,0,CTS,2027-02-06 09:15,2027-02-06 15:00,285,,any,1,2027-02-06,2027-02-14,2026-08-09 22:53:48
2026-08-10,CNY-2027-after,CTS,180,15018,CX,CX580,0,CTS,2027-02-06 09:10,2027-02-06 14:50,280,,any,1,2027-02-06,2027-02-14,2026-08-09 22:53:48
2026-08-10,CNY-2027-after,CTS,180,15018,CX,CX584,0,CTS,2027-02-06 10:25,2027-02-06 15:55,270,,any,1,2027-02-06,2027-02-14,2026-08-09 22:53:48
2026-08-10,CNY-2027-after,CTS,180,15018,CX,CX586,0,CTS,2027-02-06 12:25,2027-02-06 17:50,265,,any,1,2027-02-06,2027-02-14,2026-08-09 22:53:48
2026-08-10,CNY-2027-after,HKD,180,9087,NH,NH860>NH555,1,HKD,2027-02-06 14:20,2027-02-07 14:10,1370,HND,any,0,2027-02-06,2027-02-14,2026-08-09 22:53:48
2026-08-10,CNY-2027-after,HKD,180,9125,NH,NH860>NH55>NH4853,2,HKD,2027-02-06 14:20,2027-02-07 11:40,1220,HND-CTS,any,0,2027-02-06,2027-02-14,2026-08-09 22:53:48
2026-08-10,CNY-2027-after,HKD,180,9125,NH,NH860>NH53>NH4853,2,HKD,2027-02-06 14:20,2027-02-07 11:40,1220,HND-CTS,any,0,2027-02-06,2027-02-14,2026-08-09 22:53:48
2026-08-10,CNY-2027-after,HKD,180,9167,NH,NH860>NH553,1,HKD,2027-02-06 14:20,2027-02-07 11:00,1180,HND,any,0,2027-02-06,2027-02-14,2026-08-09 22:53:48
2026-08-10,CNY-2027-after,HKD,180,9209,JL,JL26>JL585,1,HKD,2027-02-06 15:35,2027-02-07 08:55,980,HND,any,0,2027-02-06,2027-02-14,2026-08-09 22:53:48
2026-08-10,CNY-2027-after,HKD,180,9557,NH,NH812>NH559,1,HKD,2027-02-06 10:00,2027-02-06 19:45,525,NRT,any,1,2027-02-06,2027-02-14,2026-08-09 22:53:48
2026-08-10,CNY-2027-after,HKD,180,9857,NH,NH814>NH553,1,HKD,2027-02-06 00:05,2027-02-06 11:00,595,HND,any,1,2027-02-06,2027-02-14,2026-08-09 22:53:48
2026-08-10,CNY-2027-after,HKD,180,12780,CX+JL,CX524>JL587,1,HKD,2027-02-06 01:25,2027-02-06 14:10,705,NRT,any,0,2027-02-06,2027-02-14,2026-08-09 22:53:48
2026-08-10,CNY-2027-after,HKD,180,13693,CX+JL,CX566>JL2123,1,HKD,2027-02-06 01:50,2027-02-06 13:15,625,KIX,any,0,2027-02-06,2027-02-14,2026-08-09 22:53:48
2026-08-10,CNY-2027-after,HKD,180,14396,CX+NH,CX580>NH4857,1,HKD,2027-02-06 09:10,2027-02-06 18:35,505,CTS,any,0,2027-02-06,2027-02-14,2026-08-09 22:53:48
2026-08-11,XMAS-2026,TYO,131,4159,UO,UO652,0,NRT,2026-12-20 14:55,2026-12-20 20:00,245,,nonstop,1,2026-12-20,2027-01-03,2026-08-10 22:59:34
2026-08-11,XMAS-2026,TYO,131,4359,UO,UO650,0,NRT,2026-12-20 14:00,2026-12-20 19:05,245,,nonstop,1,2026-12-20,2027-01-03,2026-08-10 22:59:34
2026-08-11,XMAS-2026,TYO,131,4379,UO,UO646,0,NRT,2026-12-20 13:00,2026-12-20 18:05,245,,nonstop,1,2026-12-20,2027-01-03,2026-08-10 22:59:34
2026-08-11,XMAS-2026,TYO,131,4579,UO,UO628,0,HND,2026-12-20 19:55,2026-12-21 00:45,230,,nonstop,0,2026-12-20,2027-01-03,2026-08-10 22:59:34
2026-08-11,XMAS-2026,TYO,131,4829,UO,UO622,0,HND,2026-12-20 17:55,2026-12-20 22:45,230,,nonstop,0,2026-12-20,2027-01-03,2026-08-10 22:59:34
2026-08-11,XMAS-2026,TYO,131,4829,UO,UO624,0,HND,2026-12-20 23:55,2026-12-21 04:45,230,,nonstop,0,2026-12-20,2027-01-03,2026-08-10 22:59:34
2026-08-11,XMAS-2026,TYO,131,4979,UO,UO854,0,NRT,2026-12-20 02:00,2026-12-20 07:05,245,,nonstop,0,2026-12-20,2027-01-03,2026-08-10 22:59:34
2026-08-11,XMAS-2026,TYO,131,5379,UO,UO848,0,NRT,2026-12-20 09:20,2026-12-20 14:25,245,,nonstop,0,2026-12-20,2027-01-03,2026-08-10 22:59:34
2026-08-11,XMAS-2026,TYO,131,5379,UO,UO870,0,NRT,2026-12-20 10:50,2026-12-20 15:55,245,,nonstop,0,2026-12-20,2027-01-03,2026-08-10 22:59:34
2026-08-11,XMAS-2026,TYO,131,7148,NH,NH860,0,HND,2026-12-20 14:20,2026-12-20 19:15,235,,nonstop,0,2026-12-20,2027-01-03,2026-08-10 22:59:34
2026-08-11,XMAS-2026,TYO,131,7301,HB,HB320,0,NRT,2026-12-20 09:05,2026-12-20 14:10,245,,nonstop,0,2026-12-20,2027-01-03,2026-08-10 22:59:34
2026-08-11,XMAS-2026,TYO,131,7647,NH,NH814,0,HND,2026-12-20 00:05,2026-12-20 04:55,230,,nonstop,0,2026-12-20,2027-01-03,2026-08-10 22:59:34
2026-08-11,XMAS-2026,TYO,131,9211,CX,CX524,0,NRT,2026-12-20 01:25,2026-12-20 06:30,245,,nonstop,0,2026-12-20,2027-01-03,2026-08-10 22:59:34
2026-08-11,XMAS-2026,TYO,131,9211,CX,CX526,0,NRT,2026-12-20 08:15,2026-12-20 13:10,235,,nonstop,0,2026-12-20,2027-01-03,2026-08-10 22:59:34
2026-08-11,XMAS-2026,TYO,131,9211,CX,CX504,0,NRT,2026-12-20 09:05,2026-12-20 14:10,245,,nonstop,0,2026-12-20,2027-01-03,2026-08-10 22:59:34
2026-08-11,XMAS-2026,TYO,131,9211,CX,CX520,0,NRT,2026-12-20 10:30,2026-12-20 15:35,245,,nonstop,0,2026-12-20,2027-01-03,2026-08-10 22:59:34
2026-08-11,XMAS-2026,TYO,131,9211,CX,CX500,0,NRT,2026-12-20 15:25,2026-12-20 20:20,235,,nonstop,0,2026-12-20,2027-01-03,2026-08-10 22:59:34
2026-08-11,XMAS-2026,TYO,131,11192,CX,CX542,0,HND,2026-12-20 16:30,2026-12-20 21:15,225,,nonstop,0,2026-12-20,2027-01-03,2026-08-10 22:59:34
2026-08-11,XMAS-2026,TYO,131,11309,NH,NH812,0,NRT,2026-12-20 10:00,2026-12-20 15:10,250,,nonstop,0,2026-12-20,2027-01-03,2026-08-10 22:59:34
2026-08-11,XMAS-2026,TYO,131,11651,CX,CX548,0,HND,2026-12-20 08:55,2026-12-20 13:45,230,,nonstop,0,2026-12-20,2027-01-03,2026-08-10 22:59:34
2026-08-11,XMAS-2026,TYO,131,11690,JL,JL26,0,HND,2026-12-20 15:35,2026-12-20 20:25,230,,nonstop,0,2026-12-20,2027-01-03,2026-08-10 22:59:34
2026-08-11,XMAS-2026,TYO,131,11701,JL,JL736,0,NRT,2026-12-20 10:20,2026-12-20 15:20,240,,nonstop,0,2026-12-20,2027-01-03,2026-08-10 22:59:34
2026-08-11,XMAS-2026,SDJ,131,5499,UO,UO890,0,SDJ,2026-12-20 09:00,2026-12-20 14:05,245,,nonstop,0,2026-12-20,2027-01-03,2026-08-10 22:59:34
2026-08-11,XMAS-2026,CTS,131,8116,HB,HB2886,0,CTS,2026-12-20 01:15,2026-12-20 07:00,285,,nonstop,0,2026-12-20,2027-01-03,2026-08-10 22:59:34
2026-08-11,XMAS-2026,CTS,131,8524,HB,HB880,0,CTS,2026-12-20 09:15,2026-12-20 15:00,285,,nonstop,1,2026-12-20,2027-01-03,2026-08-10 22:59:34
2026-08-11,XMAS-2026,CTS,131,16660,CX,CX580,0,CTS,2026-12-20 09:10,2026-12-20 14:50,280,,nonstop,0,2026-12-20,2027-01-03,2026-08-10 22:59:34
2026-08-11,XMAS-2026,CTS,131,16660,CX,CX584,0,CTS,2026-12-20 10:25,2026-12-20 15:55,270,,nonstop,0,2026-12-20,2027-01-03,2026-08-10 22:59:34
2026-08-11,XMAS-2026,CTS,131,16660,CX,CX586,0,CTS,2026-12-20 12:25,2026-12-20 17:50,265,,nonstop,0,2026-12-20,2027-01-03,2026-08-10 22:59:34
2026-08-11,XMAS-2026,CTS,131,8116,HB,HB2886,0,CTS,2026-12-20 01:15,2026-12-20 07:00,285,,any,1,2026-12-20,2027-01-03,2026-08-10 22:59:34
2026-08-11,XMAS-2026,CTS,131,8222,KE,KE2012>KE769,1,CTS,2026-12-20 00:55,2026-12-20 15:40,825,ICN,any,0,2026-12-20,2027-01-03,2026-08-10 22:59:34
2026-08-11,XMAS-2026,CTS,131,8524,HB,HB880,0,CTS,2026-12-20 09:15,2026-12-20 15:00,285,,any,1,2026-12-20,2027-01-03,2026-08-10 22:59:34
2026-08-11,XMAS-2026,CTS,131,9282,NH,NH860>NH987,1,CTS,2026-12-20 14:20,2026-12-21 07:50,990,HND,any,0,2026-12-20,2027-01-03,2026-08-10 22:59:34
2026-08-11,XMAS-2026,CTS,131,10931,NH,NH812>NH77,1,CTS,2026-12-20 10:00,2026-12-20 20:30,570,NRT,any,0,2026-12-20,2027-01-03,2026-08-10 22:59:34
2026-08-11,XMAS-2026,CTS,131,15018,CX,CX580,0,CTS,2026-12-20 09:10,2026-12-20 14:50,280,,any,1,2026-12-20,2027-01-03,2026-08-10 22:59:34
2026-08-11,XMAS-2026,CTS,131,15018,CX,CX584,0,CTS,2026-12-20 10:25,2026-12-20 15:55,270,,any,1,2026-12-20,2027-01-03,2026-08-10 22:59:34
2026-08-11,XMAS-2026,CTS,131,15018,CX,CX586,0,CTS,2026-12-20 12:25,2026-12-20 17:50,265,,any,1,2026-12-20,2027-01-03,2026-08-10 22:59:34
2026-08-11,CNY-2027-before,TYO,172,3249,UO,UO848,0,NRT,2027-01-30 09:20,2027-01-30 14:25,245,,nonstop,1,2027-01-30,2027-02-07,2026-08-10 22:59:34
2026-08-11,CNY-2027-before,TYO,172,3249,UO,UO646,0,NRT,2027-01-30 13:00,2027-01-30 18:05,245,,nonstop,0,2027-01-30,2027-02-07,2026-08-10 22:59:34
2026-08-11,CNY-2027-before,TYO,172,3249,UO,UO650,0,NRT,2027-01-30 14:00,2027-01-30 19:05,245,,nonstop,0,2027-01-30,2027-02-07,2026-08-10 22:59:34
2026-08-11,CNY-2027-before,TYO,172,3249,UO,UO652,0,NRT,2027-01-30 14:55,2027-01-30 20:00,245,,nonstop,0,2027-01-30,2027-02-07,2026-08-10 22:59:34
2026-08-11,CNY-2027-before,TYO,172,3339,UO,UO624,0,HND,2027-01-30 23:55,2027-01-31 04:45,230,,nonstop,0,2027-01-30,2027-02-07,2026-08-10 22:59:34
2026-08-11,CNY-2027-before,TYO,172,3449,UO,UO854,0,NRT,2027-01-30 02:00,2027-01-30 07:05,245,,nonstop,0,2027-01-30,2027-02-07,2026-08-10 22:59:34
2026-08-11,CNY-2027-before,TYO,172,3519,UO,UO622,0,HND,2027-01-30 17:55,2027-01-30 22:45,230,,nonstop,0,2027-01-30,2027-02-07,2026-08-10 22:59:34
2026-08-11,CNY-2027-before,TYO,172,3519,UO,UO628,0,HND,2027-01-30 19:55,2027-01-31 00:45,230,,nonstop,0,2027-01-30,2027-02-07,2026-08-10 22:59:34
2026-08-11,CNY-2027-before,TYO,172,3899,UO,UO870,0,NRT,2027-01-30 10:50,2027-01-30 15:55,245,,nonstop,0,2027-01-30,2027-02-07,2026-08-10 22:59:34
2026-08-11,CNY-2027-before,TYO,172,4801,HB,HB320,0,NRT,2027-01-30 09:05,2027-01-30 14:10,245,,nonstop,1,2027-01-30,2027-02-07,2026-08-10 22:59:34
2026-08-11,CNY-2027-before,TYO,172,5198,NH,NH814,0,HND,2027-01-30 00:05,2027-01-30 04:55,230,,nonstop,1,2027-01-30,2027-02-07,2026-08-10 22:59:34
2026-08-11,CNY-2027-before,TYO,172,5659,NH,NH812,0,NRT,2027-01-30 10:00,2027-01-30 15:10,250,,nonstop,0,2027-01-30,2027-02-07,2026-08-10 22:59:34
2026-08-11,CNY-2027-before,TYO,172,6111,JL,JL736,0,NRT,2027-01-30 10:20,2027-01-30 15:20,240,,nonstop,0,2027-01-30,2027-02-07,2026-08-10 22:59:34
2026-08-11,CNY-2027-before,TYO,172,7180,JL,JL26,0,HND,2027-01-30 15:35,2027-01-30 20:25,230,,nonstop,0,2027-01-30,2027-02-07,2026-08-10 22:59:34
2026-08-11,CNY-2027-before,TYO,172,7518,NH,NH860,0,HND,2027-01-30 14:20,2027-01-30 19:15,235,,nonstop,0,2027-01-30,2027-02-07,2026-08-10 22:59:34
2026-08-11,CNY-2027-before,TYO,172,8751,CX,CX524,0,NRT,2027-01-30 01:25,2027-01-30 06:30,245,,nonstop,0,2027-01-30,2027-02-07,2026-08-10 22:59:34
2026-08-11,CNY-2027-before,TYO,172,8751,CX,CX504,0,NRT,2027-01-30 09:05,2027-01-30 14:10,245,,nonstop,0,2027-01-30,2027-02-07,2026-08-10 22:59:34
2026-08-11,CNY-2027-before,TYO,172,8751,CX,CX520,0,NRT,2027-01-30 10:30,2027-01-30 15:35,245,,nonstop,0,2027-01-30,2027-02-07,2026-08-10 22:59:34
2026-08-11,CNY-2027-before,TYO,172,8751,CX,CX500,0,NRT,2027-01-30 15:25,2027-01-30 20:20,235,,nonstop,0,2027-01-30,2027-02-07,2026-08-10 22:59:34
2026-08-11,CNY-2027-before,TYO,172,9492,CX,CX542,0,HND,2027-01-30 16:30,2027-01-30 21:15,225,,nonstop,0,2027-01-30,2027-02-07,2026-08-10 22:59:34
2026-08-11,CNY-2027-before,TYO,172,10761,CX,CX526,0,NRT,2027-01-30 08:15,2027-01-30 13:10,235,,nonstop,0,2027-01-30,2027-02-07,2026-08-10 22:59:34
2026-08-11,CNY-2027-before,TYO,172,11131,CX,CX548,0,HND,2027-01-30 08:55,2027-01-30 13:45,230,,nonstop,0,2027-01-30,2027-02-07,2026-08-10 22:59:34
2026-08-11,CNY-2027-before,SDJ,172,3319,UO,UO890,0,SDJ,2027-01-30 09:00,2027-01-30 14:05,245,,nonstop,0,2027-01-30,2027-02-07,2026-08-10 22:59:34
2026-08-11,CNY-2027-before,CTS,172,5206,HB,HB880,0,CTS,2027-01-30 09:15,2027-01-30 15:00,285,,nonstop,1,2027-01-30,2027-02-07,2026-08-10 22:59:34
2026-08-11,CNY-2027-before,CTS,172,17186,CX,CX580,0,CTS,2027-01-30 09:10,2027-01-30 14:50,280,,nonstop,0,2027-01-30,2027-02-07,2026-08-10 22:59:34
2026-08-11,CNY-2027-before,CTS,172,17186,CX,CX584,0,CTS,2027-01-30 10:25,2027-01-30 15:55,270,,nonstop,0,2027-01-30,2027-02-07,2026-08-10 22:59:34
2026-08-11,CNY-2027-before,CTS,172,17186,CX,CX586,0,CTS,2027-01-30 12:25,2027-01-30 17:50,265,,nonstop,0,2027-01-30,2027-02-07,2026-08-10 22:59:34
2026-08-11,CNY-2027-before,CTS,172,5206,HB,HB880,0,CTS,2027-01-30 09:15,2027-01-30 15:00,285,,any,1,2027-01-30,2027-02-07,2026-08-10 22:59:34
2026-08-11,CNY-2027-before,CTS,172,5282,NH,NH860>NH53,1,CTS,2027-01-30 14:20,2027-01-31 09:30,1090,HND,any,0,2027-01-30,2027-02-07,2026-08-10 22:59:34
2026-08-11,CNY-2027-before,CTS,172,5731,NH,NH812>NH77,1,CTS,2027-01-30 10:00,2027-01-30 20:30,570,NRT,any,0,2027-01-30,2027-02-07,2026-08-10 22:59:34
2026-08-11,CNY-2027-before,CTS,172,6181,NH,NH812>NH2155,1,CTS,2027-01-30 10:00,2027-01-30 19:35,515,NRT,any,1,2027-01-30,2027-02-07,2026-08-10 22:59:34
2026-08-11,CNY-2027-before,CTS,172,6372,KE,KE2012>KE769,1,CTS,2027-01-30 00:55,2027-01-30 15:40,825,ICN,any,0,2027-01-30,2027-02-07,2026-08-10 22:59:34
2026-08-11,CNY-2027-before,CTS,172,6490,KE,KE2012>KE765,1,CTS,2027-01-30 00:55,2027-01-30 12:50,655,ICN,any,0,2027-01-30,2027-02-07,2026-08-10 22:59:34
2026-08-11,CNY-2027-before,CTS,172,7601,NH,NH814>NH987,1,CTS,2027-01-30 00:05,2027-01-30 07:50,405,HND,any,0,2027-01-30,2027-02-07,2026-08-10 22:59:34
2026-08-11,CNY-2027-before,CTS,172,15018,CX,CX580,0,CTS,2027-01-30 09:10,2027-01-30 14:50,280,,any,1,2027-01-30,2027-02-07,2026-08-10 22:59:34
2026-08-11,CNY-2027-before,CTS,172,15018,CX,CX584,0,CTS,2027-01-30 10:25,2027-01-30 15:55,270,,any,0,2027-01-30,2027-02-07,2026-08-10 22:59:34
2026-08-11,CNY-2027-before,CTS,172,15018,CX,CX586,0,CTS,2027-01-30 12:25,2027-01-30 17:50,265,,any,0,2027-01-30,2027-02-07,2026-08-10 22:59:34
2026-08-11,CNY-2027-before,HKD,172,5321,NH,NH812>NH559,1,HKD,2027-01-30 10:00,2027-01-30 19:45,525,NRT,any,1,2027-01-30,2027-02-07,2026-08-10 22:59:34
2026-08-11,CNY-2027-before,HKD,172,7607,NH,NH814>NH553,1,HKD,2027-01-30 00:05,2027-01-30 11:00,595,HND,any,1,2027-01-30,2027-02-07,2026-08-10 22:59:34
2026-08-11,CNY-2027-before,HKD,172,7608,NH,NH860>NH553,1,HKD,2027-01-30 14:20,2027-01-31 11:00,1180,HND,any,0,2027-01-30,2027-02-07,2026-08-10 22:59:34
2026-08-11,CNY-2027-before,HKD,172,7990,JL,JL736>JL585,1,HKD,2027-01-30 10:20,2027-01-31 08:55,1295,NRT,any,0,2027-01-30,2027-02-07,2026-08-10 22:59:34
2026-08-11,CNY-2027-before,HKD,172,9069,JL,JL26>JL585,1,HKD,2027-01-30 15:35,2027-01-31 08:55,980,HND,any,0,2027-01-30,2027-02-07,2026-08-10 22:59:34
2026-08-11,CNY-2027-before,HKD,172,9358,CX+JL,CX586>JL2741,1,HKD,2027-01-30 12:25,2027-01-31 08:15,1130,CTS,any,0,2027-01-30,2027-02-07,2026-08-10 22:59:34
2026-08-11,CNY-2027-before,HKD,172,12436,CX+NH,CX584>NH4857,1,HKD,2027-01-30 10:25,2027-01-30 18:35,430,CTS,any,0,2027-01-30,2027-02-07,2026-08-10 22:59:34
2026-08-11,CNY-2027-before,HKD,172,13234,CX+JL,CX566>JL2123,1,HKD,2027-01-30 01:50,2027-01-30 13:15,625,KIX,any,0,2027-01-30,2027-02-07,2026-08-10 22:59:34
2026-08-11,CNY-2027-after,TYO,179,4779,UO,UO650,0,NRT,2027-02-06 14:00,2027-02-06 19:05,245,,nonstop,1,2027-02-06,2027-02-14,2026-08-10 22:59:34
2026-08-11,CNY-2027-after,TYO,179,5179,UO,UO646,0,NRT,2027-02-06 13:00,2027-02-06 18:05,245,,nonstop,1,2027-02-06,2027-02-14,2026-08-10 22:59:34
2026-08-11,CNY-2027-after,TYO,179,5179,UO,UO652,0,NRT,2027-02-06 14:55,2027-02-06 20:00,245,,nonstop,1,2027-02-06,2027-02-14,2026-08-10 22:59:34
2026-08-11,CNY-2027-after,TYO,179,5329,UO,UO628,0,HND,2027-02-06 19:55,2027-02-07 00:45,230,,nonstop,1,2027-02-06,2027-02-14,2026-08-10 22:59:34
2026-08-11,CNY-2027-after,TYO,179,5629,UO,UO854,0,NRT,2027-02-06 02:00,2027-02-06 07:05,245,,nonstop,1,2027-02-06,2027-02-14,2026-08-10 22:59:34
2026-08-11,CNY-2027-after,TYO,179,5779,UO,UO622,0,HND,2027-02-06 17:55,2027-02-06 22:45,230,,nonstop,0,2027-02-06,2027-02-14,2026-08-10 22:59:34
2026-08-11,CNY-2027-after,TYO,179,5799,UO,UO624,0,HND,2027-02-06 23:55,2027-02-07 04:45,230,,nonstop,0,2027-02-06,2027-02-14,2026-08-10 22:59:34
2026-08-11,CNY-2027-after,TYO,179,6179,UO,UO848,0,NRT,2027-02-06 09:20,2027-02-06 14:25,245,,nonstop,0,2027-02-06,2027-02-14,2026-08-10 22:59:34
2026-08-11,CNY-2027-after,TYO,179,6179,UO,UO870,0,NRT,2027-02-06 10:50,2027-02-06 15:55,245,,nonstop,0,2027-02-06,2027-02-14,2026-08-10 22:59:34
2026-08-11,CNY-2027-after,TYO,179,8680,JL,JL26,0,HND,2027-02-06 15:35,2027-02-06 20:25,230,,nonstop,0,2027-02-06,2027-02-14,2026-08-10 22:59:34
2026-08-11,CNY-2027-after,TYO,179,8778,NH,NH860,0,HND,2027-02-06 14:20,2027-02-06 19:15,235,,nonstop,0,2027-02-06,2027-02-14,2026-08-10 22:59:34
2026-08-11,CNY-2027-after,TYO,179,9548,NH,NH814,0,HND,2027-02-06 00:05,2027-02-06 04:55,230,,nonstop,0,2027-02-06,2027-02-14,2026-08-10 22:59:34
2026-08-11,CNY-2027-after,TYO,179,9551,HB,HB320,0,NRT,2027-02-06 09:05,2027-02-06 14:10,245,,nonstop,0,2027-02-06,2027-02-14,2026-08-10 22:59:34
2026-08-11,CNY-2027-after,TYO,179,9681,JL,JL736,0,NRT,2027-02-06 10:20,2027-02-06 15:20,240,,nonstop,0,2027-02-06,2027-02-14,2026-08-10 22:59:34
2026-08-11,CNY-2027-after,TYO,179,10289,NH,NH812,0,NRT,2027-02-06 10:00,2027-02-06 15:10,250,,nonstop,0,2027-02-06,2027-02-14,2026-08-10 22:59:34
2026-08-11,CNY-2027-after,TYO,179,10441,CX,CX524,0,NRT,2027-02-06 01:25,2027-02-06 06:30,245,,nonstop,0,2027-02-06,2027-02-14,2026-08-10 22:59:34
2026-08-11,CNY-2027-after,TYO,179,10441,CX,CX504,0,NRT,2027-02-06 09:05,2027-02-06 14:10,245,,nonstop,0,2027-02-06,2027-02-14,2026-08-10 22:59:34
2026-08-11,CNY-2027-after,TYO,179,10441,CX,CX520,0,NRT,2027-02-06 10:30,2027-02-06 15:35,245,,nonstop,0,2027-02-06,2027-02-14,2026-08-10 22:59:34
2026-08-11,CNY-2027-after,TYO,179,10441,CX,CX500,0,NRT,2027-02-06 15:25,2027-02-06 20:20,235,,nonstop,0,2027-02-06,2027-02-14,2026-08-10 22:59:34
2026-08-11,CNY-2027-after,TYO,179,11192,CX,CX542,0,HND,2027-02-06 16:30,2027-02-06 21:15,225,,nonstop,0,2027-02-06,2027-02-14,2026-08-10 22:59:34
2026-08-11,CNY-2027-after,TYO,179,12451,CX,CX526,0,NRT,2027-02-06 08:15,2027-02-06 13:10,235,,nonstop,0,2027-02-06,2027-02-14,2026-08-10 22:59:34
2026-08-11,CNY-2027-after,TYO,179,12832,CX,CX548,0,HND,2027-02-06 08:55,2027-02-06 13:45,230,,nonstop,0,2027-02-06,2027-02-14,2026-08-10 22:59:34
2026-08-11,CNY-2027-after,SDJ,179,7739,UO,UO890,0,SDJ,2027-02-06 09:00,2027-02-06 14:05,245,,nonstop,0,2027-02-06,2027-02-14,2026-08-10 22:59:34
2026-08-11,CNY-2027-after,CTS,179,14286,HB,HB880,0,CTS,2027-02-06 09:15,2027-02-06 15:00,285,,nonstop,1,2027-02-06,2027-02-14,2026-08-10 22:59:34
2026-08-11,CNY-2027-after,CTS,179,17186,CX,CX580,0,CTS,2027-02-06 09:10,2027-02-06 14:50,280,,nonstop,1,2027-02-06,2027-02-14,2026-08-10 22:59:34
2026-08-11,CNY-2027-after,CTS,179,17186,CX,CX584,0,CTS,2027-02-06 10:25,2027-02-06 15:55,270,,nonstop,1,2027-02-06,2027-02-14,2026-08-10 22:59:34
2026-08-11,CNY-2027-after,CTS,179,17186,CX,CX586,0,CTS,2027-02-06 12:25,2027-02-06 17:50,265,,nonstop,0,2027-02-06,2027-02-14,2026-08-10 22:59:34
2026-08-11,CNY-2027-after,CTS,179,8442,KE,KE2006>KE769,1,CTS,2027-02-06 18:10,2027-02-07 15:40,1230,ICN,any,0,2027-02-06,2027-02-14,2026-08-10 22:59:34
2026-08-11,CNY-2027-after,CTS,179,9204,JL,JL26>JL501,1,CTS,2027-02-06 15:35,2027-02-07 08:00,925,HND,any,0,2027-02-06,2027-02-14,2026-08-10 22:59:34
2026-08-11,CNY-2027-after,CTS,179,9852,NH,NH812>NH77,1,CTS,2027-02-06 10:00,2027-02-06 20:30,570,NRT,any,0,2027-02-06,2027-02-14,2026-08-10 22:59:34
2026-08-11,CNY-2027-after,CTS,179,11382,NH,NH814>NH987,1,CTS,2027-02-06 00:05,2027-02-06 07:50,405,HND,any,1,2027-02-06,2027-02-14,2026-08-10 22:59:34
2026-08-11,CNY-2027-after,CTS,179,14286,HB,HB880,0,CTS,2027-02-06 09:15,2027-02-06 15:00,285,,any,1,2027-02-06,2027-02-14,2026-08-10 22:59:34
2026-08-11,CNY-2027-after,CTS,179,15020,CX,CX580,0,CTS,2027-02-06 09:10,2027-02-06 14:50,280,,any,1,2027-02-06,2027-02-14,2026-08-10 22:59:34
2026-08-11,CNY-2027-after,CTS,179,15020,CX,CX584,0,CTS,2027-02-06 10:25,2027-02-06 15:55,270,,any,1,2027-02-06,2027-02-14,2026-08-10 22:59:34
2026-08-11,CNY-2027-after,CTS,179,15020,CX,CX586,0,CTS,2027-02-06 12:25,2027-02-06 17:50,265,,any,1,2027-02-06,2027-02-14,2026-08-10 22:59:34
2026-08-11,CNY-2027-after,HKD,179,9088,NH,NH860>NH553,1,HKD,2027-02-06 14:20,2027-02-07 11:00,1180,HND,any,1,2027-02-06,2027-02-14,2026-08-10 22:59:34
2026-08-11,CNY-2027-after,HKD,179,9209,JL,JL26>JL585,1,HKD,2027-02-06 15:35,2027-02-07 08:55,980,HND,any,1,2027-02-06,2027-02-14,2026-08-10 22:59:34
2026-08-11,CNY-2027-after,HKD,179,9557,NH,NH812>NH559,1,HKD,2027-02-06 10:00,2027-02-06 19:45,525,NRT,any,1,2027-02-06,2027-02-14,2026-08-10 22:59:34
2026-08-11,CNY-2027-after,HKD,179,9857,NH,NH814>NH553,1,HKD,2027-02-06 00:05,2027-02-06 11:00,595,HND,any,1,2027-02-06,2027-02-14,2026-08-10 22:59:34
2026-08-11,CNY-2027-after,HKD,179,12780,CX+JL,CX524>JL587,1,HKD,2027-02-06 01:25,2027-02-06 14:10,705,NRT,any,0,2027-02-06,2027-02-14,2026-08-10 22:59:34
2026-08-11,CNY-2027-after,HKD,179,13693,CX+JL,CX566>JL2123,1,HKD,2027-02-06 01:50,2027-02-06 13:15,625,KIX,any,0,2027-02-06,2027-02-14,2026-08-10 22:59:34
2026-08-11,CNY-2027-after,HKD,179,14396,CX+NH,CX580>NH4857,1,HKD,2027-02-06 09:10,2027-02-06 18:35,505,CTS,any,0,2027-02-06,2027-02-14,2026-08-10 22:59:34
2026-08-12,XMAS-2026,TYO,130,4409,UO,UO652,0,NRT,2026-12-20 14:55,2026-12-20 20:00,245,,nonstop,1,2026-12-20,2027-01-03,2026-08-11 23:07:31
2026-08-12,XMAS-2026,TYO,130,4609,UO,UO650,0,NRT,2026-12-20 14:00,2026-12-20 19:05,245,,nonstop,1,2026-12-20,2027-01-03,2026-08-11 23:07:31
2026-08-12,XMAS-2026,TYO,130,4629,UO,UO646,0,NRT,2026-12-20 13:00,2026-12-20 18:05,245,,nonstop,1,2026-12-20,2027-01-03,2026-08-11 23:07:31
2026-08-12,XMAS-2026,TYO,130,4729,UO,UO628,0,HND,2026-12-20 19:55,2026-12-21 00:45,230,,nonstop,0,2026-12-20,2027-01-03,2026-08-11 23:07:31
2026-08-12,XMAS-2026,TYO,130,5179,UO,UO622,0,HND,2026-12-20 17:55,2026-12-20 22:45,230,,nonstop,0,2026-12-20,2027-01-03,2026-08-11 23:07:31
2026-08-12,XMAS-2026,TYO,130,5179,UO,UO624,0,HND,2026-12-20 23:55,2026-12-21 04:45,230,,nonstop,0,2026-12-20,2027-01-03,2026-08-11 23:07:31
2026-08-12,XMAS-2026,TYO,130,5229,UO,UO854,0,NRT,2026-12-20 02:00,2026-12-20 07:05,245,,nonstop,0,2026-12-20,2027-01-03,2026-08-11 23:07:31
2026-08-12,XMAS-2026,TYO,130,5629,UO,UO870,0,NRT,2026-12-20 10:50,2026-12-20 15:55,245,,nonstop,0,2026-12-20,2027-01-03,2026-08-11 23:07:31
2026-08-12,XMAS-2026,TYO,130,6079,UO,UO848,0,NRT,2026-12-20 09:20,2026-12-20 14:25,245,,nonstop,0,2026-12-20,2027-01-03,2026-08-11 23:07:31
2026-08-12,XMAS-2026,TYO,130,7049,CX,CX526,0,NRT,2026-12-20 08:15,2026-12-20 13:10,235,,nonstop,1,2026-12-20,2027-01-03,2026-08-11 23:07:31
2026-08-12,XMAS-2026,TYO,130,7049,CX,CX524,0,NRT,2026-12-20 01:25,2026-12-20 06:30,245,,nonstop,0,2026-12-20,2027-01-03,2026-08-11 23:07:31
2026-08-12,XMAS-2026,TYO,130,7049,CX,CX504,0,NRT,2026-12-20 09:05,2026-12-20 14:10,245,,nonstop,0,2026-12-20,2027-01-03,2026-08-11 23:07:31
2026-08-12,XMAS-2026,TYO,130,7049,CX,CX520,0,NRT,2026-12-20 10:30,2026-12-20 15:35,245,,nonstop,0,2026-12-20,2027-01-03,2026-08-11 23:07:31
2026-08-12,XMAS-2026,TYO,130,7049,CX,CX500,0,NRT,2026-12-20 15:25,2026-12-20 20:20,235,,nonstop,0,2026-12-20,2027-01-03,2026-08-11 23:07:31
2026-08-12,XMAS-2026,TYO,130,7146,NH,NH860,0,HND,2026-12-20 14:20,2026-12-20 19:15,235,,nonstop,0,2026-12-20,2027-01-03,2026-08-11 23:07:31
2026-08-12,XMAS-2026,TYO,130,7299,HB,HB320,0,NRT,2026-12-20 09:05,2026-12-20 14:10,245,,nonstop,0,2026-12-20,2027-01-03,2026-08-11 23:07:31
2026-08-12,XMAS-2026,TYO,130,7646,NH,NH814,0,HND,2026-12-20 00:05,2026-12-20 04:55,230,,nonstop,0,2026-12-20,2027-01-03,2026-08-11 23:07:31
2026-08-12,XMAS-2026,TYO,130,8260,CX,CX542,0,HND,2026-12-20 16:30,2026-12-20 21:15,225,,nonstop,0,2026-12-20,2027-01-03,2026-08-11 23:07:31
2026-08-12,XMAS-2026,TYO,130,8720,CX,CX548,0,HND,2026-12-20 08:55,2026-12-20 13:45,230,,nonstop,0,2026-12-20,2027-01-03,2026-08-11 23:07:31
2026-08-12,XMAS-2026,TYO,130,10761,JL,JL736,0,NRT,2026-12-20 10:20,2026-12-20 15:20,240,,nonstop,0,2026-12-20,2027-01-03,2026-08-11 23:07:31
2026-08-12,XMAS-2026,TYO,130,11130,JL,JL26,0,HND,2026-12-20 15:35,2026-12-20 20:25,230,,nonstop,0,2026-12-20,2027-01-03,2026-08-11 23:07:31
2026-08-12,XMAS-2026,TYO,130,11307,NH,NH812,0,NRT,2026-12-20 10:00,2026-12-20 15:10,250,,nonstop,0,2026-12-20,2027-01-03,2026-08-11 23:07:31
2026-08-12,XMAS-2026,SDJ,130,5499,UO,UO890,0,SDJ,2026-12-20 09:00,2026-12-20 14:05,245,,nonstop,0,2026-12-20,2027-01-03,2026-08-11 23:07:31
2026-08-12,XMAS-2026,CTS,130,8114,HB,HB2886,0,CTS,2026-12-20 01:15,2026-12-20 07:00,285,,nonstop,0,2026-12-20,2027-01-03,2026-08-11 23:07:31
2026-08-12,XMAS-2026,CTS,130,8526,HB,HB880,0,CTS,2026-12-20 09:15,2026-12-20 15:00,285,,nonstop,1,2026-12-20,2027-01-03,2026-08-11 23:07:31
2026-08-12,XMAS-2026,CTS,130,16661,CX,CX580,0,CTS,2026-12-20 09:10,2026-12-20 14:50,280,,nonstop,0,2026-12-20,2027-01-03,2026-08-11 23:07:31
2026-08-12,XMAS-2026,CTS,130,16661,CX,CX584,0,CTS,2026-12-20 10:25,2026-12-20 15:55,270,,nonstop,0,2026-12-20,2027-01-03,2026-08-11 23:07:31
2026-08-12,XMAS-2026,CTS,130,16661,CX,CX586,0,CTS,2026-12-20 12:25,2026-12-20 17:50,265,,nonstop,0,2026-12-20,2027-01-03,2026-08-11 23:07:31
2026-08-12,XMAS-2026,CTS,130,8114,HB,HB2886,0,CTS,2026-12-20 01:15,2026-12-20 07:00,285,,any,1,2026-12-20,2027-01-03,2026-08-11 23:07:31
2026-08-12,XMAS-2026,CTS,130,8526,HB,HB880,0,CTS,2026-12-20 09:15,2026-12-20 15:00,285,,any,1,2026-12-20,2027-01-03,2026-08-11 23:07:31
2026-08-12,XMAS-2026,CTS,130,8670,KE,KE2012>KE769,1,CTS,2026-12-20 00:55,2026-12-20 15:40,825,ICN,any,0,2026-12-20,2027-01-03,2026-08-11 23:07:31
2026-08-12,XMAS-2026,CTS,130,10932,NH,NH812>NH77,1,CTS,2026-12-20 10:00,2026-12-20 20:30,570,NRT,any,0,2026-12-20,2027-01-03,2026-08-11 23:07:31
2026-08-12,XMAS-2026,CTS,130,13572,JL,JL736>JL527,1,CTS,2026-12-20 10:20,2026-12-20 20:05,525,NRT,any,0,2026-12-20,2027-01-03,2026-08-11 23:07:31
2026-08-12,XMAS-2026,CTS,130,15020,CX,CX580,0,CTS,2026-12-20 09:10,2026-12-20 14:50,280,,any,1,2026-12-20,2027-01-03,2026-08-11 23:07:31
2026-08-12,XMAS-2026,CTS,130,15020,CX,CX584,0,CTS,2026-12-20 10:25,2026-12-20 15:55,270,,any,1,2026-12-20,2027-01-03,2026-08-11 23:07:31
2026-08-12,XMAS-2026,CTS,130,15020,CX,CX586,0,CTS,2026-12-20 12:25,2026-12-20 17:50,265,,any,1,2026-12-20,2027-01-03,2026-08-11 23:07:31
2026-08-12,CNY-2027-before,TYO,171,3139,UO,UO624,0,HND,2027-01-30 23:55,2027-01-31 04:45,230,,nonstop,0,2027-01-30,2027-02-07,2026-08-11 23:07:31
2026-08-12,CNY-2027-before,TYO,171,3249,UO,UO848,0,NRT,2027-01-30 09:20,2027-01-30 14:25,245,,nonstop,1,2027-01-30,2027-02-07,2026-08-11 23:07:31
2026-08-12,CNY-2027-before,TYO,171,3249,UO,UO646,0,NRT,2027-01-30 13:00,2027-01-30 18:05,245,,nonstop,0,2027-01-30,2027-02-07,2026-08-11 23:07:31
2026-08-12,CNY-2027-before,TYO,171,3249,UO,UO650,0,NRT,2027-01-30 14:00,2027-01-30 19:05,245,,nonstop,0,2027-01-30,2027-02-07,2026-08-11 23:07:31
2026-08-12,CNY-2027-before,TYO,171,3249,UO,UO652,0,NRT,2027-01-30 14:55,2027-01-30 20:00,245,,nonstop,0,2027-01-30,2027-02-07,2026-08-11 23:07:31
2026-08-12,CNY-2027-before,TYO,171,3449,UO,UO854,0,NRT,2027-01-30 02:00,2027-01-30 07:05,245,,nonstop,0,2027-01-30,2027-02-07,2026-08-11 23:07:31
2026-08-12,CNY-2027-before,TYO,171,3519,UO,UO622,0,HND,2027-01-30 17:55,2027-01-30 22:45,230,,nonstop,0,2027-01-30,2027-02-07,2026-08-11 23:07:31
2026-08-12,CNY-2027-before,TYO,171,3519,UO,UO628,0,HND,2027-01-30 19:55,2027-01-31 00:45,230,,nonstop,0,2027-01-30,2027-02-07,2026-08-11 23:07:31
2026-08-12,CNY-2027-before,TYO,171,3899,UO,UO870,0,NRT,2027-01-30 10:50,2027-01-30 15:55,245,,nonstop,0,2027-01-30,2027-02-07,2026-08-11 23:07:31
2026-08-12,CNY-2027-before,TYO,171,4799,HB,HB320,0,NRT,2027-01-30 09:05,2027-01-30 14:10,245,,nonstop,1,2027-01-30,2027-02-07,2026-08-11 23:07:31
2026-08-12,CNY-2027-before,TYO,171,5196,NH,NH860,0,HND,2027-01-30 14:20,2027-01-30 19:15,235,,nonstop,0,2027-01-30,2027-02-07,2026-08-11 23:07:31
2026-08-12,CNY-2027-before,TYO,171,5207,NH,NH812,0,NRT,2027-01-30 10:00,2027-01-30 15:10,250,,nonstop,1,2027-01-30,2027-02-07,2026-08-11 23:07:31
2026-08-12,CNY-2027-before,TYO,171,6109,JL,JL736,0,NRT,2027-01-30 10:20,2027-01-30 15:20,240,,nonstop,0,2027-01-30,2027-02-07,2026-08-11 23:07:31
2026-08-12,CNY-2027-before,TYO,171,7178,JL,JL26,0,HND,2027-01-30 15:35,2027-01-30 20:25,230,,nonstop,0,2027-01-30,2027-02-07,2026-08-11 23:07:31
2026-08-12,CNY-2027-before,TYO,171,7516,NH,NH814,0,HND,2027-01-30 00:05,2027-01-30 04:55,230,,nonstop,0,2027-01-30,2027-02-07,2026-08-11 23:07:31
2026-08-12,CNY-2027-before,TYO,171,8749,CX,CX524,0,NRT,2027-01-30 01:25,2027-01-30 06:30,245,,nonstop,0,2027-01-30,2027-02-07,2026-08-11 23:07:31
2026-08-12,CNY-2027-before,TYO,171,8749,CX,CX504,0,NRT,2027-01-30 09:05,2027-01-30 14:10,245,,nonstop,0,2027-01-30,2027-02-07,2026-08-11 23:07:31
2026-08-12,CNY-2027-before,TYO,171,8749,CX,CX520,0,NRT,2027-01-30 10:30,2027-01-30 15:35,245,,nonstop,0,2027-01-30,2027-02-07,2026-08-11 23:07:31
2026-08-12,CNY-2027-before,TYO,171,8749,CX,CX500,0,NRT,2027-01-30 15:25,2027-01-30 20:20,235,,nonstop,0,2027-01-30,2027-02-07,2026-08-11 23:07:31
2026-08-12,CNY-2027-before,TYO,171,9490,CX,CX542,0,HND,2027-01-30 16:30,2027-01-30 21:15,225,,nonstop,0,2027-01-30,2027-02-07,2026-08-11 23:07:31
2026-08-12,CNY-2027-before,TYO,171,10761,CX,CX526,0,NRT,2027-01-30 08:15,2027-01-30 13:10,235,,nonstop,0,2027-01-30,2027-02-07,2026-08-11 23:07:31
2026-08-12,CNY-2027-before,TYO,171,11130,CX,CX548,0,HND,2027-01-30 08:55,2027-01-30 13:45,230,,nonstop,0,2027-01-30,2027-02-07,2026-08-11 23:07:31
2026-08-12,CNY-2027-before,SDJ,171,3119,UO,UO890,0,SDJ,2027-01-30 09:00,2027-01-30 14:05,245,,nonstop,0,2027-01-30,2027-02-07,2026-08-11 23:07:31
2026-08-12,CNY-2027-before,CTS,171,5204,HB,HB880,0,CTS,2027-01-30 09:15,2027-01-30 15:00,285,,nonstop,1,2027-01-30,2027-02-07,2026-08-11 23:07:31
2026-08-12,CNY-2027-before,CTS,171,17184,CX,CX580,0,CTS,2027-01-30 09:10,2027-01-30 14:50,280,,nonstop,0,2027-01-30,2027-02-07,2026-08-11 23:07:31
2026-08-12,CNY-2027-before,CTS,171,17184,CX,CX584,0,CTS,2027-01-30 10:25,2027-01-30 15:55,270,,nonstop,0,2027-01-30,2027-02-07,2026-08-11 23:07:31
2026-08-12,CNY-2027-before,CTS,171,17184,CX,CX586,0,CTS,2027-01-30 12:25,2027-01-30 17:50,265,,nonstop,0,2027-01-30,2027-02-07,2026-08-11 23:07:31
2026-08-12,CNY-2027-before,CTS,171,5204,HB,HB880,0,CTS,2027-01-30 09:15,2027-01-30 15:00,285,,any,1,2027-01-30,2027-02-07,2026-08-11 23:07:31
2026-08-12,CNY-2027-before,CTS,171,5730,NH,NH814>NH61,1,CTS,2027-01-30 00:05,2027-01-30 12:40,695,HND,any,0,2027-01-30,2027-02-07,2026-08-11 23:07:31
2026-08-12,CNY-2027-before,CTS,171,5730,NH,NH812>NH81,1,CTS,2027-01-30 10:00,2027-01-30 22:05,665,NRT,any,0,2027-01-30,2027-02-07,2026-08-11 23:07:31
2026-08-12,CNY-2027-before,CTS,171,6180,NH,NH812>NH2155,1,CTS,2027-01-30 10:00,2027-01-30 19:35,515,NRT,any,1,2027-01-30,2027-02-07,2026-08-11 23:07:31
2026-08-12,CNY-2027-before,CTS,171,6180,NH,NH814>NH55,1,CTS,2027-01-30 00:05,2027-01-30 10:35,570,HND,any,0,2027-01-30,2027-02-07,2026-08-11 23:07:31
2026-08-12,CNY-2027-before,CTS,171,6370,KE,KE2012>KE769,1,CTS,2027-01-30 00:55,2027-01-30 15:40,825,ICN,any,0,2027-01-30,2027-02-07,2026-08-11 23:07:31
2026-08-12,CNY-2027-before,CTS,171,6490,KE,KE2012>KE765,1,CTS,2027-01-30 00:55,2027-01-30 12:50,655,ICN,any,1,2027-01-30,2027-02-07,2026-08-11 23:07:31
2026-08-12,CNY-2027-before,CTS,171,7600,NH,NH814>NH987,1,CTS,2027-01-30 00:05,2027-01-30 07:50,405,HND,any,0,2027-01-30,2027-02-07,2026-08-11 23:07:31
2026-08-12,CNY-2027-before,CTS,171,15018,CX,CX580,0,CTS,2027-01-30 09:10,2027-01-30 14:50,280,,any,0,2027-01-30,2027-02-07,2026-08-11 23:07:31
2026-08-12,CNY-2027-before,CTS,171,15018,CX,CX584,0,CTS,2027-01-30 10:25,2027-01-30 15:55,270,,any,0,2027-01-30,2027-02-07,2026-08-11 23:07:31
2026-08-12,CNY-2027-before,CTS,171,15018,CX,CX586,0,CTS,2027-01-30 12:25,2027-01-30 17:50,265,,any,0,2027-01-30,2027-02-07,2026-08-11 23:07:31
2026-08-12,CNY-2027-before,HKD,171,5286,NH,NH812>NH559,1,HKD,2027-01-30 10:00,2027-01-30 19:45,525,NRT,any,1,2027-01-30,2027-02-07,2026-08-11 23:07:31
2026-08-12,CNY-2027-before,HKD,171,5331,NH,NH814>NH411>NH745,2,HKD,2027-01-30 00:05,2027-01-30 12:45,700,HND-UKB,any,1,2027-01-30,2027-02-07,2026-08-11 23:07:31
2026-08-12,CNY-2027-before,HKD,171,5337,NH,NH814>NH553,1,HKD,2027-01-30 00:05,2027-01-30 11:00,595,HND,any,1,2027-01-30,2027-02-07,2026-08-11 23:07:31
2026-08-12,CNY-2027-before,HKD,171,7608,NH,NH860>NH553,1,HKD,2027-01-30 14:20,2027-01-31 11:00,1180,HND,any,0,2027-01-30,2027-02-07,2026-08-11 23:07:31
2026-08-12,CNY-2027-before,HKD,171,7988,JL,JL736>JL585,1,HKD,2027-01-30 10:20,2027-01-31 08:55,1295,NRT,any,0,2027-01-30,2027-02-07,2026-08-11 23:07:31
2026-08-12,CNY-2027-before,HKD,171,9070,JL,JL26>JL585,1,HKD,2027-01-30 15:35,2027-01-31 08:55,980,HND,any,0,2027-01-30,2027-02-07,2026-08-11 23:07:31
2026-08-12,CNY-2027-before,HKD,171,9356,CX+JL,CX586>JL2741,1,HKD,2027-01-30 12:25,2027-01-31 08:15,1130,CTS,any,0,2027-01-30,2027-02-07,2026-08-11 23:07:31
2026-08-12,CNY-2027-before,HKD,171,12437,CX+NH,CX584>NH4857,1,HKD,2027-01-30 10:25,2027-01-30 18:35,430,CTS,any,0,2027-01-30,2027-02-07,2026-08-11 23:07:31
2026-08-12,CNY-2027-before,HKD,171,13235,CX+JL,CX566>JL2123,1,HKD,2027-01-30 01:50,2027-01-30 13:15,625,KIX,any,0,2027-01-30,2027-02-07,2026-08-11 23:07:31
2026-08-12,CNY-2027-after,TYO,178,4779,UO,UO650,0,NRT,2027-02-06 14:00,2027-02-06 19:05,245,,nonstop,1,2027-02-06,2027-02-14,2026-08-11 23:07:31
2026-08-12,CNY-2027-after,TYO,178,4929,UO,UO628,0,HND,2027-02-06 19:55,2027-02-07 00:45,230,,nonstop,1,2027-02-06,2027-02-14,2026-08-11 23:07:31
2026-08-12,CNY-2027-after,TYO,178,5179,UO,UO646,0,NRT,2027-02-06 13:00,2027-02-06 18:05,245,,nonstop,1,2027-02-06,2027-02-14,2026-08-11 23:07:31
2026-08-12,CNY-2027-after,TYO,178,5179,UO,UO652,0,NRT,2027-02-06 14:55,2027-02-06 20:00,245,,nonstop,1,2027-02-06,2027-02-14,2026-08-11 23:07:31
2026-08-12,CNY-2027-after,TYO,178,5349,UO,UO624,0,HND,2027-02-06 23:55,2027-02-07 04:45,230,,nonstop,0,2027-02-06,2027-02-14,2026-08-11 23:07:31
2026-08-12,CNY-2027-after,TYO,178,5629,UO,UO854,0,NRT,2027-02-06 02:00,2027-02-06 07:05,245,,nonstop,0,2027-02-06,2027-02-14,2026-08-11 23:07:31
2026-08-12,CNY-2027-after,TYO,178,5779,UO,UO622,0,HND,2027-02-06 17:55,2027-02-06 22:45,230,,nonstop,0,2027-02-06,2027-02-14,2026-08-11 23:07:31
2026-08-12,CNY-2027-after,TYO,178,6179,UO,UO848,0,NRT,2027-02-06 09:20,2027-02-06 14:25,245,,nonstop,0,2027-02-06,2027-02-14,2026-08-11 23:07:31
2026-08-12,CNY-2027-after,TYO,178,6179,UO,UO870,0,NRT,2027-02-06 10:50,2027-02-06 15:55,245,,nonstop,0,2027-02-06,2027-02-14,2026-08-11 23:07:31
2026-08-12,CNY-2027-after,TYO,178,8678,JL,JL26,0,HND,2027-02-06 15:35,2027-02-06 20:25,230,,nonstop,0,2027-02-06,2027-02-14,2026-08-11 23:07:31
2026-08-12,CNY-2027-after,TYO,178,8776,NH,NH860,0,HND,2027-02-06 14:20,2027-02-06 19:15,235,,nonstop,0,2027-02-06,2027-02-14,2026-08-11 23:07:31
2026-08-12,CNY-2027-after,TYO,178,9546,NH,NH814,0,HND,2027-02-06 00:05,2027-02-06 04:55,230,,nonstop,0,2027-02-06,2027-02-14,2026-08-11 23:07:31
2026-08-12,CNY-2027-after,TYO,178,9549,HB,HB320,0,NRT,2027-02-06 09:05,2027-02-06 14:10,245,,nonstop,0,2027-02-06,2027-02-14,2026-08-11 23:07:31
2026-08-12,CNY-2027-after,TYO,178,9679,JL,JL736,0,NRT,2027-02-06 10:20,2027-02-06 15:20,240,,nonstop,0,2027-02-06,2027-02-14,2026-08-11 23:07:31
2026-08-12,CNY-2027-after,TYO,178,10287,NH,NH812,0,NRT,2027-02-06 10:00,2027-02-06 15:10,250,,nonstop,0,2027-02-06,2027-02-14,2026-08-11 23:07:31
2026-08-12,CNY-2027-after,TYO,178,10439,CX,CX524,0,NRT,2027-02-06 01:25,2027-02-06 06:30,245,,nonstop,0,2027-02-06,2027-02-14,2026-08-11 23:07:31
2026-08-12,CNY-2027-after,TYO,178,10439,CX,CX504,0,NRT,2027-02-06 09:05,2027-02-06 14:10,245,,nonstop,0,2027-02-06,2027-02-14,2026-08-11 23:07:31
2026-08-12,CNY-2027-after,TYO,178,10439,CX,CX520,0,NRT,2027-02-06 10:30,2027-02-06 15:35,245,,nonstop,0,2027-02-06,2027-02-14,2026-08-11 23:07:31
2026-08-12,CNY-2027-after,TYO,178,10439,CX,CX500,0,NRT,2027-02-06 15:25,2027-02-06 20:20,235,,nonstop,0,2027-02-06,2027-02-14,2026-08-11 23:07:31
2026-08-12,CNY-2027-after,TYO,178,11190,CX,CX542,0,HND,2027-02-06 16:30,2027-02-06 21:15,225,,nonstop,0,2027-02-06,2027-02-14,2026-08-11 23:07:31
2026-08-12,CNY-2027-after,TYO,178,12449,CX,CX526,0,NRT,2027-02-06 08:15,2027-02-06 13:10,235,,nonstop,0,2027-02-06,2027-02-14,2026-08-11 23:07:31
2026-08-12,CNY-2027-after,TYO,178,12830,CX,CX548,0,HND,2027-02-06 08:55,2027-02-06 13:45,230,,nonstop,0,2027-02-06,2027-02-14,2026-08-11 23:07:31
2026-08-12,CNY-2027-after,SDJ,178,7289,UO,UO890,0,SDJ,2027-02-06 09:00,2027-02-06 14:05,245,,nonstop,0,2027-02-06,2027-02-14,2026-08-11 23:07:31
2026-08-12,CNY-2027-after,CTS,178,14284,HB,HB880,0,CTS,2027-02-06 09:15,2027-02-06 15:00,285,,nonstop,1,2027-02-06,2027-02-14,2026-08-11 23:07:31
2026-08-12,CNY-2027-after,CTS,178,17184,CX,CX580,0,CTS,2027-02-06 09:10,2027-02-06 14:50,280,,nonstop,1,2027-02-06,2027-02-14,2026-08-11 23:07:31
2026-08-12,CNY-2027-after,CTS,178,17184,CX,CX584,0,CTS,2027-02-06 10:25,2027-02-06 15:55,270,,nonstop,1,2027-02-06,2027-02-14,2026-08-11 23:07:31
2026-08-12,CNY-2027-after,CTS,178,17184,CX,CX586,0,CTS,2027-02-06 12:25,2027-02-06 17:50,265,,nonstop,0,2027-02-06,2027-02-14,2026-08-11 23:07:31
2026-08-12,CNY-2027-after,CTS,178,7843,JL,JL26>JL501,1,CTS,2027-02-06 15:35,2027-02-07 08:00,925,HND,any,0,2027-02-06,2027-02-14,2026-08-11 23:07:31
2026-08-12,CNY-2027-after,CTS,178,8303,JL,JL736>JL527,1,CTS,2027-02-06 10:20,2027-02-06 20:05,525,NRT,any,0,2027-02-06,2027-02-14,2026-08-11 23:07:31
2026-08-12,CNY-2027-after,CTS,178,8440,KE,KE2006>KE769,1,CTS,2027-02-06 18:10,2027-02-07 15:40,1230,ICN,any,0,2027-02-06,2027-02-14,2026-08-11 23:07:31
2026-08-12,CNY-2027-after,CTS,178,9850,NH,NH812>NH77,1,CTS,2027-02-06 10:00,2027-02-06 20:30,570,NRT,any,0,2027-02-06,2027-02-14,2026-08-11 23:07:31
2026-08-12,CNY-2027-after,CTS,178,10980,NH,NH814>NH987,1,CTS,2027-02-06 00:05,2027-02-06 07:50,405,HND,any,1,2027-02-06,2027-02-14,2026-08-11 23:07:31
2026-08-12,CNY-2027-after,CTS,178,14284,HB,HB880,0,CTS,2027-02-06 09:15,2027-02-06 15:00,285,,any,1,2027-02-06,2027-02-14,2026-08-11 23:07:31
2026-08-12,CNY-2027-after,CTS,178,15018,CX,CX580,0,CTS,2027-02-06 09:10,2027-02-06 14:50,280,,any,1,2027-02-06,2027-02-14,2026-08-11 23:07:31
2026-08-12,CNY-2027-after,CTS,178,15018,CX,CX584,0,CTS,2027-02-06 10:25,2027-02-06 15:55,270,,any,1,2027-02-06,2027-02-14,2026-08-11 23:07:31
2026-08-12,CNY-2027-after,CTS,178,15018,CX,CX586,0,CTS,2027-02-06 12:25,2027-02-06 17:50,265,,any,1,2027-02-06,2027-02-14,2026-08-11 23:07:31
2026-08-12,CNY-2027-after,HKD,178,9086,NH,NH860>NH553,1,HKD,2027-02-06 14:20,2027-02-07 11:00,1180,HND,any,1,2027-02-06,2027-02-14,2026-08-11 23:07:31
2026-08-12,CNY-2027-after,HKD,178,9208,JL,JL26>JL585,1,HKD,2027-02-06 15:35,2027-02-07 08:55,980,HND,any,1,2027-02-06,2027-02-14,2026-08-11 23:07:31
2026-08-12,CNY-2027-after,HKD,178,9557,NH,NH812>NH559,1,HKD,2027-02-06 10:00,2027-02-06 19:45,525,NRT,any,1,2027-02-06,2027-02-14,2026-08-11 23:07:31
2026-08-12,CNY-2027-after,HKD,178,9857,NH,NH814>NH553,1,HKD,2027-02-06 00:05,2027-02-06 11:00,595,HND,any,1,2027-02-06,2027-02-14,2026-08-11 23:07:31
2026-08-12,CNY-2027-after,HKD,178,12779,CX+JL,CX524>JL587,1,HKD,2027-02-06 01:25,2027-02-06 14:10,705,NRT,any,0,2027-02-06,2027-02-14,2026-08-11 23:07:31
2026-08-12,CNY-2027-after,HKD,178,13693,CX+JL,CX566>JL2123,1,HKD,2027-02-06 01:50,2027-02-06 13:15,625,KIX,any,0,2027-02-06,2027-02-14,2026-08-11 23:07:31
2026-08-12,CNY-2027-after,HKD,178,14396,CX+NH,CX580>NH4857,1,HKD,2027-02-06 09:10,2027-02-06 18:35,505,CTS,any,0,2027-02-06,2027-02-14,2026-08-11 23:07:31
2026-08-13,XMAS-2026,TYO,129,4409,UO,UO652,0,NRT,2026-12-20 14:55,2026-12-20 20:00,245,,nonstop,1,2026-12-20,2027-01-03,2026-08-12 23:05:36
2026-08-13,XMAS-2026,TYO,129,4609,UO,UO650,0,NRT,2026-12-20 14:00,2026-12-20 19:05,245,,nonstop,1,2026-12-20,2027-01-03,2026-08-12 23:05:36
2026-08-13,XMAS-2026,TYO,129,4729,UO,UO628,0,HND,2026-12-20 19:55,2026-12-21 00:45,230,,nonstop,0,2026-12-20,2027-01-03,2026-08-12 23:05:36
2026-08-13,XMAS-2026,TYO,129,4879,UO,UO646,0,NRT,2026-12-20 13:00,2026-12-20 18:05,245,,nonstop,0,2026-12-20,2027-01-03,2026-08-12 23:05:36
2026-08-13,XMAS-2026,TYO,129,5179,UO,UO622,0,HND,2026-12-20 17:55,2026-12-20 22:45,230,,nonstop,0,2026-12-20,2027-01-03,2026-08-12 23:05:36
2026-08-13,XMAS-2026,TYO,129,5179,UO,UO624,0,HND,2026-12-20 23:55,2026-12-21 04:45,230,,nonstop,0,2026-12-20,2027-01-03,2026-08-12 23:05:36
2026-08-13,XMAS-2026,TYO,129,5229,UO,UO854,0,NRT,2026-12-20 02:00,2026-12-20 07:05,245,,nonstop,0,2026-12-20,2027-01-03,2026-08-12 23:05:36
2026-08-13,XMAS-2026,TYO,129,5629,UO,UO870,0,NRT,2026-12-20 10:50,2026-12-20 15:55,245,,nonstop,0,2026-12-20,2027-01-03,2026-08-12 23:05:36
2026-08-13,XMAS-2026,TYO,129,6079,UO,UO848,0,NRT,2026-12-20 09:20,2026-12-20 14:25,245,,nonstop,0,2026-12-20,2027-01-03,2026-08-12 23:05:36
2026-08-13,XMAS-2026,TYO,129,7048,CX,CX526,0,NRT,2026-12-20 08:15,2026-12-20 13:10,235,,nonstop,1,2026-12-20,2027-01-03,2026-08-12 23:05:36
2026-08-13,XMAS-2026,TYO,129,7048,CX,CX524,0,NRT,2026-12-20 01:25,2026-12-20 06:30,245,,nonstop,0,2026-12-20,2027-01-03,2026-08-12 23:05:36
2026-08-13,XMAS-2026,TYO,129,7048,CX,CX504,0,NRT,2026-12-20 09:05,2026-12-20 14:10,245,,nonstop,0,2026-12-20,2027-01-03,2026-08-12 23:05:36
2026-08-13,XMAS-2026,TYO,129,7048,CX,CX520,0,NRT,2026-12-20 10:30,2026-12-20 15:35,245,,nonstop,0,2026-12-20,2027-01-03,2026-08-12 23:05:36
2026-08-13,XMAS-2026,TYO,129,7048,CX,CX500,0,NRT,2026-12-20 15:25,2026-12-20 20:20,235,,nonstop,0,2026-12-20,2027-01-03,2026-08-12 23:05:36
2026-08-13,XMAS-2026,TYO,129,7145,NH,NH860,0,HND,2026-12-20 14:20,2026-12-20 19:15,235,,nonstop,0,2026-12-20,2027-01-03,2026-08-12 23:05:36
2026-08-13,XMAS-2026,TYO,129,7438,HB,HB320,0,NRT,2026-12-20 09:05,2026-12-20 14:10,245,,nonstop,0,2026-12-20,2027-01-03,2026-08-12 23:05:36
2026-08-13,XMAS-2026,TYO,129,7645,NH,NH814,0,HND,2026-12-20 00:05,2026-12-20 04:55,230,,nonstop,0,2026-12-20,2027-01-03,2026-08-12 23:05:36
2026-08-13,XMAS-2026,TYO,129,8259,CX,CX542,0,HND,2026-12-20 16:30,2026-12-20 21:15,225,,nonstop,0,2026-12-20,2027-01-03,2026-08-12 23:05:36
2026-08-13,XMAS-2026,TYO,129,8719,CX,CX548,0,HND,2026-12-20 08:55,2026-12-20 13:45,230,,nonstop,0,2026-12-20,2027-01-03,2026-08-12 23:05:36
2026-08-13,XMAS-2026,TYO,129,10759,JL,JL736,0,NRT,2026-12-20 10:20,2026-12-20 15:20,240,,nonstop,0,2026-12-20,2027-01-03,2026-08-12 23:05:36
2026-08-13,XMAS-2026,TYO,129,11129,JL,JL26,0,HND,2026-12-20 15:35,2026-12-20 20:25,230,,nonstop,0,2026-12-20,2027-01-03,2026-08-12 23:05:36
2026-08-13,XMAS-2026,TYO,129,11306,NH,NH812,0,NRT,2026-12-20 10:00,2026-12-20 15:10,250,,nonstop,0,2026-12-20,2027-01-03,2026-08-12 23:05:36
2026-08-13,XMAS-2026,SDJ,129,5499,UO,UO890,0,SDJ,2026-12-20 09:00,2026-12-20 14:05,245,,nonstop,0,2026-12-20,2027-01-03,2026-08-12 23:05:36
2026-08-13,XMAS-2026,CTS,129,8271,HB,HB2886,0,CTS,2026-12-20 01:15,2026-12-20 07:00,285,,nonstop,1,2026-12-20,2027-01-03,2026-08-12 23:05:36
2026-08-13,XMAS-2026,CTS,129,8674,HB,HB880,0,CTS,2026-12-20 09:15,2026-12-20 15:00,285,,nonstop,1,2026-12-20,2027-01-03,2026-08-12 23:05:36
2026-08-13,XMAS-2026,CTS,129,16656,CX,CX580,0,CTS,2026-12-20 09:10,2026-12-20 14:50,280,,nonstop,0,2026-12-20,2027-01-03,2026-08-12 23:05:36
2026-08-13,XMAS-2026,CTS,129,16656,CX,CX584,0,CTS,2026-12-20 10:25,2026-12-20 15:55,270,,nonstop,0,2026-12-20,2027-01-03,2026-08-12 23:05:36
2026-08-13,XMAS-2026,CTS,129,16656,CX,CX586,0,CTS,2026-12-20 12:25,2026-12-20 17:50,265,,nonstop,0,2026-12-20,2027-01-03,2026-08-12 23:05:36
2026-08-13,XMAS-2026,CTS,129,8271,HB,HB2886,0,CTS,2026-12-20 01:15,2026-12-20 07:00,285,,any,1,2026-12-20,2027-01-03,2026-08-12 23:05:36
2026-08-13,XMAS-2026,CTS,129,8674,HB,HB880,0,CTS,2026-12-20 09:15,2026-12-20 15:00,285,,any,1,2026-12-20,2027-01-03,2026-08-12 23:05:36
2026-08-13,XMAS-2026,CTS,129,9737,KE,KE2012>KE769,1,CTS,2026-12-20 00:55,2026-12-20 15:40,825,ICN,any,0,2026-12-20,2027-01-03,2026-08-12 23:05:36
2026-08-13,XMAS-2026,CTS,129,10930,NH,NH812>NH77,1,CTS,2026-12-20 10:00,2026-12-20 20:30,570,NRT,any,0,2026-12-20,2027-01-03,2026-08-12 23:05:36
2026-08-13,XMAS-2026,CTS,129,11685,BR,BR858>BR166,1,CTS,2026-12-20 21:10,2026-12-21 11:00,770,TPE,any,0,2026-12-20,2027-01-03,2026-08-12 23:05:36
2026-08-13,XMAS-2026,CTS,129,15018,CX,CX580,0,CTS,2026-12-20 09:10,2026-12-20 14:50,280,,any,1,2026-12-20,2027-01-03,2026-08-12 23:05:36
2026-08-13,XMAS-2026,CTS,129,15018,CX,CX584,0,CTS,2026-12-20 10:25,2026-12-20 15:55,270,,any,1,2026-12-20,2027-01-03,2026-08-12 23:05:36
2026-08-13,XMAS-2026,CTS,129,15018,CX,CX586,0,CTS,2026-12-20 12:25,2026-12-20 17:50,265,,any,1,2026-12-20,2027-01-03,2026-08-12 23:05:36
2026-08-13,CNY-2027-before,TYO,170,3139,UO,UO624,0,HND,2027-01-30 23:55,2027-01-31 04:45,230,,nonstop,0,2027-01-30,2027-02-07,2026-08-12 23:05:36
2026-08-13,CNY-2027-before,TYO,170,3249,UO,UO848,0,NRT,2027-01-30 09:20,2027-01-30 14:25,245,,nonstop,1,2027-01-30,2027-02-07,2026-08-12 23:05:36
2026-08-13,CNY-2027-before,TYO,170,3249,UO,UO646,0,NRT,2027-01-30 13:00,2027-01-30 18:05,245,,nonstop,0,2027-01-30,2027-02-07,2026-08-12 23:05:36
2026-08-13,CNY-2027-before,TYO,170,3249,UO,UO650,0,NRT,2027-01-30 14:00,2027-01-30 19:05,245,,nonstop,0,2027-01-30,2027-02-07,2026-08-12 23:05:36
2026-08-13,CNY-2027-before,TYO,170,3249,UO,UO652,0,NRT,2027-01-30 14:55,2027-01-30 20:00,245,,nonstop,0,2027-01-30,2027-02-07,2026-08-12 23:05:36
2026-08-13,CNY-2027-before,TYO,170,3449,UO,UO854,0,NRT,2027-01-30 02:00,2027-01-30 07:05,245,,nonstop,0,2027-01-30,2027-02-07,2026-08-12 23:05:36
2026-08-13,CNY-2027-before,TYO,170,3519,UO,UO622,0,HND,2027-01-30 17:55,2027-01-30 22:45,230,,nonstop,0,2027-01-30,2027-02-07,2026-08-12 23:05:36
2026-08-13,CNY-2027-before,TYO,170,3519,UO,UO628,0,HND,2027-01-30 19:55,2027-01-31 00:45,230,,nonstop,0,2027-01-30,2027-02-07,2026-08-12 23:05:36
2026-08-13,CNY-2027-before,TYO,170,3899,UO,UO870,0,NRT,2027-01-30 10:50,2027-01-30 15:55,245,,nonstop,0,2027-01-30,2027-02-07,2026-08-12 23:05:36
2026-08-13,CNY-2027-before,TYO,170,4798,HB,HB320,0,NRT,2027-01-30 09:05,2027-01-30 14:10,245,,nonstop,1,2027-01-30,2027-02-07,2026-08-12 23:05:36
2026-08-13,CNY-2027-before,TYO,170,5195,NH,NH814,0,HND,2027-01-30 00:05,2027-01-30 04:55,230,,nonstop,1,2027-01-30,2027-02-07,2026-08-12 23:05:36
2026-08-13,CNY-2027-before,TYO,170,5656,NH,NH812,0,NRT,2027-01-30 10:00,2027-01-30 15:10,250,,nonstop,0,2027-01-30,2027-02-07,2026-08-12 23:05:36
2026-08-13,CNY-2027-before,TYO,170,6108,JL,JL736,0,NRT,2027-01-30 10:20,2027-01-30 15:20,240,,nonstop,0,2027-01-30,2027-02-07,2026-08-12 23:05:36
2026-08-13,CNY-2027-before,TYO,170,7177,JL,JL26,0,HND,2027-01-30 15:35,2027-01-30 20:25,230,,nonstop,0,2027-01-30,2027-02-07,2026-08-12 23:05:36
2026-08-13,CNY-2027-before,TYO,170,7515,NH,NH860,0,HND,2027-01-30 14:20,2027-01-30 19:15,235,,nonstop,0,2027-01-30,2027-02-07,2026-08-12 23:05:36
2026-08-13,CNY-2027-before,TYO,170,8748,CX,CX524,0,NRT,2027-01-30 01:25,2027-01-30 06:30,245,,nonstop,0,2027-01-30,2027-02-07,2026-08-12 23:05:36
2026-08-13,CNY-2027-before,TYO,170,8748,CX,CX504,0,NRT,2027-01-30 09:05,2027-01-30 14:10,245,,nonstop,0,2027-01-30,2027-02-07,2026-08-12 23:05:36
2026-08-13,CNY-2027-before,TYO,170,8748,CX,CX520,0,NRT,2027-01-30 10:30,2027-01-30 15:35,245,,nonstop,0,2027-01-30,2027-02-07,2026-08-12 23:05:36
2026-08-13,CNY-2027-before,TYO,170,8748,CX,CX500,0,NRT,2027-01-30 15:25,2027-01-30 20:20,235,,nonstop,0,2027-01-30,2027-02-07,2026-08-12 23:05:36
2026-08-13,CNY-2027-before,TYO,170,9489,CX,CX542,0,HND,2027-01-30 16:30,2027-01-30 21:15,225,,nonstop,0,2027-01-30,2027-02-07,2026-08-12 23:05:36
2026-08-13,CNY-2027-before,TYO,170,10758,CX,CX526,0,NRT,2027-01-30 08:15,2027-01-30 13:10,235,,nonstop,0,2027-01-30,2027-02-07,2026-08-12 23:05:36
2026-08-13,CNY-2027-before,TYO,170,11129,CX,CX548,0,HND,2027-01-30 08:55,2027-01-30 13:45,230,,nonstop,0,2027-01-30,2027-02-07,2026-08-12 23:05:36
2026-08-13,CNY-2027-before,SDJ,170,3319,UO,UO890,0,SDJ,2027-01-30 09:00,2027-01-30 14:05,245,,nonstop,0,2027-01-30,2027-02-07,2026-08-12 23:05:36
2026-08-13,CNY-2027-before,CTS,170,5201,HB,HB880,0,CTS,2027-01-30 09:15,2027-01-30 15:00,285,,nonstop,1,2027-01-30,2027-02-07,2026-08-12 23:05:36
2026-08-13,CNY-2027-before,CTS,170,17181,CX,CX580,0,CTS,2027-01-30 09:10,2027-01-30 14:50,280,,nonstop,0,2027-01-30,2027-02-07,2026-08-12 23:05:36
2026-08-13,CNY-2027-before,CTS,170,17181,CX,CX584,0,CTS,2027-01-30 10:25,2027-01-30 15:55,270,,nonstop,0,2027-01-30,2027-02-07,2026-08-12 23:05:36
2026-08-13,CNY-2027-before,CTS,170,17181,CX,CX586,0,CTS,2027-01-30 12:25,2027-01-30 17:50,265,,nonstop,0,2027-01-30,2027-02-07,2026-08-12 23:05:36
2026-08-13,CNY-2027-before,CTS,170,5201,HB,HB880,0,CTS,2027-01-30 09:15,2027-01-30 15:00,285,,any,1,2027-01-30,2027-02-07,2026-08-12 23:05:36
2026-08-13,CNY-2027-before,CTS,170,5279,NH,NH814>NH741>NH4874,2,CTS,2027-01-30 00:05,2027-01-30 15:25,860,HND-KUH,any,0,2027-01-30,2027-02-07,2026-08-12 23:05:36
2026-08-13,CNY-2027-before,CTS,170,5279,NH,NH860>NH53,1,CTS,2027-01-30 14:20,2027-01-31 09:30,1090,HND,any,0,2027-01-30,2027-02-07,2026-08-12 23:05:36
2026-08-13,CNY-2027-before,CTS,170,5730,NH,NH812>NH77,1,CTS,2027-01-30 10:00,2027-01-30 20:30,570,NRT,any,0,2027-01-30,2027-02-07,2026-08-12 23:05:36
2026-08-13,CNY-2027-before,CTS,170,6180,NH,NH812>NH2155,1,CTS,2027-01-30 10:00,2027-01-30 19:35,515,NRT,any,1,2027-01-30,2027-02-07,2026-08-12 23:05:36
2026-08-13,CNY-2027-before,CTS,170,6180,NH,NH814>NH65,1,CTS,2027-01-30 00:05,2027-01-30 14:35,810,HND,any,0,2027-01-30,2027-02-07,2026-08-12 23:05:36
2026-08-13,CNY-2027-before,CTS,170,6487,KE,KE2006>KE765,1,CTS,2027-01-30 18:10,2027-01-31 12:50,1060,ICN,any,0,2027-01-30,2027-02-07,2026-08-12 23:05:36
2026-08-13,CNY-2027-before,CTS,170,6990,KE,KE2012>KE765,1,CTS,2027-01-30 00:55,2027-01-30 12:50,655,ICN,any,1,2027-01-30,2027-02-07,2026-08-12 23:05:36
2026-08-13,CNY-2027-before,CTS,170,7600,NH,NH814>NH987,1,CTS,2027-01-30 00:05,2027-01-30 07:50,405,HND,any,0,2027-01-30,2027-02-07,2026-08-12 23:05:36
2026-08-13,CNY-2027-before,CTS,170,15018,CX,CX580,0,CTS,2027-01-30 09:10,2027-01-30 14:50,280,,any,0,2027-01-30,2027-02-07,2026-08-12 23:05:36
2026-08-13,CNY-2027-before,CTS,170,15018,CX,CX584,0,CTS,2027-01-30 10:25,2027-01-30 15:55,270,,any,0,2027-01-30,2027-02-07,2026-08-12 23:05:36
2026-08-13,CNY-2027-before,CTS,170,15018,CX,CX586,0,CTS,2027-01-30 12:25,2027-01-30 17:50,265,,any,0,2027-01-30,2027-02-07,2026-08-12 23:05:36
2026-08-13,CNY-2027-before,HKD,170,5285,NH,NH814>NH553,1,HKD,2027-01-30 00:05,2027-01-30 11:00,595,HND,any,1,2027-01-30,2027-02-07,2026-08-12 23:05:36
2026-08-13,CNY-2027-before,HKD,170,5735,NH,NH812>NH559,1,HKD,2027-01-30 10:00,2027-01-30 19:45,525,NRT,any,1,2027-01-30,2027-02-07,2026-08-12 23:05:36
2026-08-13,CNY-2027-before,HKD,170,7608,NH,NH860>NH553,1,HKD,2027-01-30 14:20,2027-01-31 11:00,1180,HND,any,0,2027-01-30,2027-02-07,2026-08-12 23:05:36
2026-08-13,CNY-2027-before,HKD,170,7987,JL,JL736>JL585,1,HKD,2027-01-30 10:20,2027-01-31 08:55,1295,NRT,any,0,2027-01-30,2027-02-07,2026-08-12 23:05:36
2026-08-13,CNY-2027-before,HKD,170,9070,JL,JL26>JL585,1,HKD,2027-01-30 15:35,2027-01-31 08:55,980,HND,any,0,2027-01-30,2027-02-07,2026-08-12 23:05:36
2026-08-13,CNY-2027-before,HKD,170,9355,CX+JL,CX586>JL2741,1,HKD,2027-01-30 12:25,2027-01-31 08:15,1130,CTS,any,0,2027-01-30,2027-02-07,2026-08-12 23:05:36
2026-08-13,CNY-2027-before,HKD,170,12437,CX+NH,CX584>NH4857,1,HKD,2027-01-30 10:25,2027-01-30 18:35,430,CTS,any,0,2027-01-30,2027-02-07,2026-08-12 23:05:36
2026-08-13,CNY-2027-before,HKD,170,13235,CX+JL,CX566>JL2123,1,HKD,2027-01-30 01:50,2027-01-30 13:15,625,KIX,any,0,2027-01-30,2027-02-07,2026-08-12 23:05:36
2026-08-13,CNY-2027-after,TYO,177,4579,UO,UO628,0,HND,2027-02-06 19:55,2027-02-07 00:45,230,,nonstop,1,2027-02-06,2027-02-14,2026-08-12 23:05:36
2026-08-13,CNY-2027-after,TYO,177,4779,UO,UO650,0,NRT,2027-02-06 14:00,2027-02-06 19:05,245,,nonstop,1,2027-02-06,2027-02-14,2026-08-12 23:05:36
2026-08-13,CNY-2027-after,TYO,177,4949,UO,UO624,0,HND,2027-02-06 23:55,2027-02-07 04:45,230,,nonstop,1,2027-02-06,2027-02-14,2026-08-12 23:05:36
2026-08-13,CNY-2027-after,TYO,177,5179,UO,UO646,0,NRT,2027-02-06 13:00,2027-02-06 18:05,245,,nonstop,1,2027-02-06,2027-02-14,2026-08-12 23:05:36
2026-08-13,CNY-2027-after,TYO,177,5179,UO,UO652,0,NRT,2027-02-06 14:55,2027-02-06 20:00,245,,nonstop,1,2027-02-06,2027-02-14,2026-08-12 23:05:36
2026-08-13,CNY-2027-after,TYO,177,5629,UO,UO854,0,NRT,2027-02-06 02:00,2027-02-06 07:05,245,,nonstop,0,2027-02-06,2027-02-14,2026-08-12 23:05:36
2026-08-13,CNY-2027-after,TYO,177,5779,UO,UO622,0,HND,2027-02-06 17:55,2027-02-06 22:45,230,,nonstop,0,2027-02-06,2027-02-14,2026-08-12 23:05:36
2026-08-13,CNY-2027-after,TYO,177,6179,UO,UO848,0,NRT,2027-02-06 09:20,2027-02-06 14:25,245,,nonstop,0,2027-02-06,2027-02-14,2026-08-12 23:05:36
2026-08-13,CNY-2027-after,TYO,177,6179,UO,UO870,0,NRT,2027-02-06 10:50,2027-02-06 15:55,245,,nonstop,0,2027-02-06,2027-02-14,2026-08-12 23:05:36
2026-08-13,CNY-2027-after,TYO,177,8677,JL,JL26,0,HND,2027-02-06 15:35,2027-02-06 20:25,230,,nonstop,0,2027-02-06,2027-02-14,2026-08-12 23:05:36
2026-08-13,CNY-2027-after,TYO,177,8775,NH,NH860,0,HND,2027-02-06 14:20,2027-02-06 19:15,235,,nonstop,0,2027-02-06,2027-02-14,2026-08-12 23:05:36
2026-08-13,CNY-2027-after,TYO,177,9546,NH,NH814,0,HND,2027-02-06 00:05,2027-02-06 04:55,230,,nonstop,0,2027-02-06,2027-02-14,2026-08-12 23:05:36
2026-08-13,CNY-2027-after,TYO,177,9678,JL,JL736,0,NRT,2027-02-06 10:20,2027-02-06 15:20,240,,nonstop,0,2027-02-06,2027-02-14,2026-08-12 23:05:36
2026-08-13,CNY-2027-after,TYO,177,9968,HB,HB320,0,NRT,2027-02-06 09:05,2027-02-06 14:10,245,,nonstop,0,2027-02-06,2027-02-14,2026-08-12 23:05:36
2026-08-13,CNY-2027-after,TYO,177,10286,NH,NH812,0,NRT,2027-02-06 10:00,2027-02-06 15:10,250,,nonstop,0,2027-02-06,2027-02-14,2026-08-12 23:05:36
2026-08-13,CNY-2027-after,TYO,177,10438,CX,CX524,0,NRT,2027-02-06 01:25,2027-02-06 06:30,245,,nonstop,0,2027-02-06,2027-02-14,2026-08-12 23:05:36
2026-08-13,CNY-2027-after,TYO,177,10438,CX,CX504,0,NRT,2027-02-06 09:05,2027-02-06 14:10,245,,nonstop,0,2027-02-06,2027-02-14,2026-08-12 23:05:36
2026-08-13,CNY-2027-after,TYO,177,10438,CX,CX520,0,NRT,2027-02-06 10:30,2027-02-06 15:35,245,,nonstop,0,2027-02-06,2027-02-14,2026-08-12 23:05:36
2026-08-13,CNY-2027-after,TYO,177,10438,CX,CX500,0,NRT,2027-02-06 15:25,2027-02-06 20:20,235,,nonstop,0,2027-02-06,2027-02-14,2026-08-12 23:05:36
2026-08-13,CNY-2027-after,TYO,177,11189,CX,CX542,0,HND,2027-02-06 16:30,2027-02-06 21:15,225,,nonstop,0,2027-02-06,2027-02-14,2026-08-12 23:05:36
2026-08-13,CNY-2027-after,TYO,177,12448,CX,CX526,0,NRT,2027-02-06 08:15,2027-02-06 13:10,235,,nonstop,0,2027-02-06,2027-02-14,2026-08-12 23:05:36
2026-08-13,CNY-2027-after,TYO,177,12830,CX,CX548,0,HND,2027-02-06 08:55,2027-02-06 13:45,230,,nonstop,0,2027-02-06,2027-02-14,2026-08-12 23:05:36
2026-08-13,CNY-2027-after,SDJ,177,7289,UO,UO890,0,SDJ,2027-02-06 09:00,2027-02-06 14:05,245,,nonstop,0,2027-02-06,2027-02-14,2026-08-12 23:05:36
2026-08-13,CNY-2027-after,CTS,177,15351,HB,HB880,0,CTS,2027-02-06 09:15,2027-02-06 15:00,285,,nonstop,0,2027-02-06,2027-02-14,2026-08-12 23:05:36
2026-08-13,CNY-2027-after,CTS,177,17181,CX,CX580,0,CTS,2027-02-06 09:10,2027-02-06 14:50,280,,nonstop,1,2027-02-06,2027-02-14,2026-08-12 23:05:36
2026-08-13,CNY-2027-after,CTS,177,17181,CX,CX584,0,CTS,2027-02-06 10:25,2027-02-06 15:55,270,,nonstop,0,2027-02-06,2027-02-14,2026-08-12 23:05:36
2026-08-13,CNY-2027-after,CTS,177,17181,CX,CX586,0,CTS,2027-02-06 12:25,2027-02-06 17:50,265,,nonstop,0,2027-02-06,2027-02-14,2026-08-12 23:05:36
2026-08-13,CNY-2027-after,CTS,177,8437,KE,KE2006>KE769,1,CTS,2027-02-06 18:10,2027-02-07 15:40,1230,ICN,any,0,2027-02-06,2027-02-14,2026-08-12 23:05:36
2026-08-13,CNY-2027-after,CTS,177,9201,JL,JL26>JL501,1,CTS,2027-02-06 15:35,2027-02-07 08:00,925,HND,any,0,2027-02-06,2027-02-14,2026-08-12 23:05:36
2026-08-13,CNY-2027-after,CTS,177,9849,NH,NH812>NH77,1,CTS,2027-02-06 10:00,2027-02-06 20:30,570,NRT,any,0,2027-02-06,2027-02-14,2026-08-12 23:05:36
2026-08-13,CNY-2027-after,CTS,177,10980,NH,NH814>NH987,1,CTS,2027-02-06 00:05,2027-02-06 07:50,405,HND,any,1,2027-02-06,2027-02-14,2026-08-12 23:05:36
2026-08-13,CNY-2027-after,CTS,177,15018,CX,CX580,0,CTS,2027-02-06 09:10,2027-02-06 14:50,280,,any,1,2027-02-06,2027-02-14,2026-08-12 23:05:36
2026-08-13,CNY-2027-after,CTS,177,15018,CX,CX584,0,CTS,2027-02-06 10:25,2027-02-06 15:55,270,,any,0,2027-02-06,2027-02-14,2026-08-12 23:05:36
2026-08-13,CNY-2027-after,CTS,177,15018,CX,CX586,0,CTS,2027-02-06 12:25,2027-02-06 17:50,265,,any,0,2027-02-06,2027-02-14,2026-08-12 23:05:36
2026-08-13,CNY-2027-after,CTS,177,15351,HB,HB880,0,CTS,2027-02-06 09:15,2027-02-06 15:00,285,,any,1,2027-02-06,2027-02-14,2026-08-12 23:05:36
2026-08-13,CNY-2027-after,HKD,177,9207,JL,JL26>JL585,1,HKD,2027-02-06 15:35,2027-02-07 08:55,980,HND,any,1,2027-02-06,2027-02-14,2026-08-12 23:05:36
2026-08-13,CNY-2027-after,HKD,177,10186,NH,NH860>NH553,1,HKD,2027-02-06 14:20,2027-02-07 11:00,1180,HND,any,1,2027-02-06,2027-02-14,2026-08-12 23:05:36
2026-08-13,CNY-2027-after,HKD,177,10666,NH,NH814>NH553,1,HKD,2027-02-06 00:05,2027-02-06 11:00,595,HND,any,1,2027-02-06,2027-02-14,2026-08-12 23:05:36
2026-08-13,CNY-2027-after,HKD,177,10666,NH,NH812>NH559,1,HKD,2027-02-06 10:00,2027-02-06 19:45,525,NRT,any,1,2027-02-06,2027-02-14,2026-08-12 23:05:36
2026-08-13,CNY-2027-after,HKD,177,12779,CX+JL,CX524>JL587,1,HKD,2027-02-06 01:25,2027-02-06 14:10,705,NRT,any,0,2027-02-06,2027-02-14,2026-08-12 23:05:36
2026-08-13,CNY-2027-after,HKD,177,12779,CX+JL,CX524>JL589,1,HKD,2027-02-06 01:25,2027-02-06 18:45,980,NRT,any,0,2027-02-06,2027-02-14,2026-08-12 23:05:36
2026-08-13,CNY-2027-after,HKD,177,13692,CX+JL,CX566>JL2123,1,HKD,2027-02-06 01:50,2027-02-06 13:15,625,KIX,any,0,2027-02-06,2027-02-14,2026-08-12 23:05:36
2026-08-13,CNY-2027-after,HKD,177,14395,CX+NH,CX584>NH4857,1,HKD,2027-02-06 10:25,2027-02-06 18:35,430,CTS,any,0,2027-02-06,2027-02-14,2026-08-12 23:05:36
2026-08-14,XMAS-2026,TYO,128,4409,UO,UO652,0,NRT,2026-12-20 14:55,2026-12-20 20:00,245,,nonstop,1,2026-12-20,2027-01-03,2026-08-13 23:06:49
2026-08-14,XMAS-2026,TYO,128,4609,UO,UO650,0,NRT,2026-12-20 14:00,2026-12-20 19:05,245,,nonstop,1,2026-12-20,2027-01-03,2026-08-13 23:06:49
2026-08-14,XMAS-2026,TYO,128,4729,UO,UO628,0,HND,2026-12-20 19:55,2026-12-21 00:45,230,,nonstop,0,2026-12-20,2027-01-03,2026-08-13 23:06:49
2026-08-14,XMAS-2026,TYO,128,4879,UO,UO646,0,NRT,2026-12-20 13:00,2026-12-20 18:05,245,,nonstop,0,2026-12-20,2027-01-03,2026-08-13 23:06:49
2026-08-14,XMAS-2026,TYO,128,5179,UO,UO622,0,HND,2026-12-20 17:55,2026-12-20 22:45,230,,nonstop,0,2026-12-20,2027-01-03,2026-08-13 23:06:49
2026-08-14,XMAS-2026,TYO,128,5179,UO,UO624,0,HND,2026-12-20 23:55,2026-12-21 04:45,230,,nonstop,0,2026-12-20,2027-01-03,2026-08-13 23:06:49
2026-08-14,XMAS-2026,TYO,128,5229,UO,UO854,0,NRT,2026-12-20 02:00,2026-12-20 07:05,245,,nonstop,0,2026-12-20,2027-01-03,2026-08-13 23:06:49
2026-08-14,XMAS-2026,TYO,128,5629,UO,UO870,0,NRT,2026-12-20 10:50,2026-12-20 15:55,245,,nonstop,0,2026-12-20,2027-01-03,2026-08-13 23:06:49
2026-08-14,XMAS-2026,TYO,128,6079,UO,UO848,0,NRT,2026-12-20 09:20,2026-12-20 14:25,245,,nonstop,0,2026-12-20,2027-01-03,2026-08-13 23:06:49
2026-08-14,XMAS-2026,TYO,128,7048,CX,CX526,0,NRT,2026-12-20 08:15,2026-12-20 13:10,235,,nonstop,1,2026-12-20,2027-01-03,2026-08-13 23:06:49
2026-08-14,XMAS-2026,TYO,128,7048,CX,CX524,0,NRT,2026-12-20 01:25,2026-12-20 06:30,245,,nonstop,0,2026-12-20,2027-01-03,2026-08-13 23:06:49
2026-08-14,XMAS-2026,TYO,128,7048,CX,CX504,0,NRT,2026-12-20 09:05,2026-12-20 14:10,245,,nonstop,0,2026-12-20,2027-01-03,2026-08-13 23:06:49
2026-08-14,XMAS-2026,TYO,128,7048,CX,CX520,0,NRT,2026-12-20 10:30,2026-12-20 15:35,245,,nonstop,0,2026-12-20,2027-01-03,2026-08-13 23:06:49
2026-08-14,XMAS-2026,TYO,128,7048,CX,CX500,0,NRT,2026-12-20 15:25,2026-12-20 20:20,235,,nonstop,0,2026-12-20,2027-01-03,2026-08-13 23:06:49
2026-08-14,XMAS-2026,TYO,128,7145,NH,NH860,0,HND,2026-12-20 14:20,2026-12-20 19:15,235,,nonstop,0,2026-12-20,2027-01-03,2026-08-13 23:06:49
2026-08-14,XMAS-2026,TYO,128,7438,HB,HB320,0,NRT,2026-12-20 09:05,2026-12-20 14:10,245,,nonstop,0,2026-12-20,2027-01-03,2026-08-13 23:06:49
2026-08-14,XMAS-2026,TYO,128,7645,NH,NH814,0,HND,2026-12-20 00:05,2026-12-20 04:55,230,,nonstop,0,2026-12-20,2027-01-03,2026-08-13 23:06:49
2026-08-14,XMAS-2026,TYO,128,8259,CX,CX542,0,HND,2026-12-20 16:30,2026-12-20 21:15,225,,nonstop,0,2026-12-20,2027-01-03,2026-08-13 23:06:49
2026-08-14,XMAS-2026,TYO,128,8719,CX,CX548,0,HND,2026-12-20 08:55,2026-12-20 13:45,230,,nonstop,0,2026-12-20,2027-01-03,2026-08-13 23:06:49
2026-08-14,XMAS-2026,TYO,128,10758,JL,JL736,0,NRT,2026-12-20 10:20,2026-12-20 15:20,240,,nonstop,0,2026-12-20,2027-01-03,2026-08-13 23:06:49
2026-08-14,XMAS-2026,TYO,128,11129,JL,JL26,0,HND,2026-12-20 15:35,2026-12-20 20:25,230,,nonstop,0,2026-12-20,2027-01-03,2026-08-13 23:06:49
2026-08-14,XMAS-2026,TYO,128,11306,NH,NH812,0,NRT,2026-12-20 10:00,2026-12-20 15:10,250,,nonstop,0,2026-12-20,2027-01-03,2026-08-13 23:06:49
2026-08-14,XMAS-2026,SDJ,128,5499,UO,UO890,0,SDJ,2026-12-20 09:00,2026-12-20 14:05,245,,nonstop,0,2026-12-20,2027-01-03,2026-08-13 23:06:49
2026-08-14,XMAS-2026,CTS,128,8271,HB,HB2886,0,CTS,2026-12-20 01:15,2026-12-20 07:00,285,,nonstop,1,2026-12-20,2027-01-03,2026-08-13 23:06:49
2026-08-14,XMAS-2026,CTS,128,8671,HB,HB880,0,CTS,2026-12-20 09:15,2026-12-20 15:00,285,,nonstop,1,2026-12-20,2027-01-03,2026-08-13 23:06:49
2026-08-14,XMAS-2026,CTS,128,16653,CX,CX580,0,CTS,2026-12-20 09:10,2026-12-20 14:50,280,,nonstop,0,2026-12-20,2027-01-03,2026-08-13 23:06:49
2026-08-14,XMAS-2026,CTS,128,16653,CX,CX584,0,CTS,2026-12-20 10:25,2026-12-20 15:55,270,,nonstop,0,2026-12-20,2027-01-03,2026-08-13 23:06:49
2026-08-14,XMAS-2026,CTS,128,16653,CX,CX586,0,CTS,2026-12-20 12:25,2026-12-20 17:50,265,,nonstop,0,2026-12-20,2027-01-03,2026-08-13 23:06:49
2026-08-14,XMAS-2026,CTS,128,8271,HB,HB2886,0,CTS,2026-12-20 01:15,2026-12-20 07:00,285,,any,1,2026-12-20,2027-01-03,2026-08-13 23:06:49
2026-08-14,XMAS-2026,CTS,128,8671,HB,HB880,0,CTS,2026-12-20 09:15,2026-12-20 15:00,285,,any,1,2026-12-20,2027-01-03,2026-08-13 23:06:49
2026-08-14,XMAS-2026,CTS,128,8687,KE,KE2012>KE769,1,CTS,2026-12-20 00:55,2026-12-20 15:40,825,ICN,any,0,2026-12-20,2027-01-03,2026-08-13 23:06:49
2026-08-14,XMAS-2026,CTS,128,10929,NH,NH812>NH77,1,CTS,2026-12-20 10:00,2026-12-20 20:30,570,NRT,any,0,2026-12-20,2027-01-03,2026-08-13 23:06:49
2026-08-14,XMAS-2026,CTS,128,11685,BR,BR858>BR166,1,CTS,2026-12-20 21:10,2026-12-21 11:00,770,TPE,any,0,2026-12-20,2027-01-03,2026-08-13 23:06:49
2026-08-14,XMAS-2026,CTS,128,15015,CX,CX580,0,CTS,2026-12-20 09:10,2026-12-20 14:50,280,,any,1,2026-12-20,2027-01-03,2026-08-13 23:06:49
2026-08-14,XMAS-2026,CTS,128,15015,CX,CX584,0,CTS,2026-12-20 10:25,2026-12-20 15:55,270,,any,1,2026-12-20,2027-01-03,2026-08-13 23:06:49
2026-08-14,XMAS-2026,CTS,128,15015,CX,CX586,0,CTS,2026-12-20 12:25,2026-12-20 17:50,265,,any,1,2026-12-20,2027-01-03,2026-08-13 23:06:49
2026-08-14,CNY-2027-before,TYO,169,3139,UO,UO624,0,HND,2027-01-30 23:55,2027-01-31 04:45,230,,nonstop,0,2027-01-30,2027-02-07,2026-08-13 23:06:49
2026-08-14,CNY-2027-before,TYO,169,3249,UO,UO848,0,NRT,2027-01-30 09:20,2027-01-30 14:25,245,,nonstop,1,2027-01-30,2027-02-07,2026-08-13 23:06:49
2026-08-14,CNY-2027-before,TYO,169,3249,UO,UO646,0,NRT,2027-01-30 13:00,2027-01-30 18:05,245,,nonstop,0,2027-01-30,2027-02-07,2026-08-13 23:06:49
2026-08-14,CNY-2027-before,TYO,169,3249,UO,UO650,0,NRT,2027-01-30 14:00,2027-01-30 19:05,245,,nonstop,0,2027-01-30,2027-02-07,2026-08-13 23:06:49
2026-08-14,CNY-2027-before,TYO,169,3249,UO,UO652,0,NRT,2027-01-30 14:55,2027-01-30 20:00,245,,nonstop,0,2027-01-30,2027-02-07,2026-08-13 23:06:49
2026-08-14,CNY-2027-before,TYO,169,3449,UO,UO854,0,NRT,2027-01-30 02:00,2027-01-30 07:05,245,,nonstop,0,2027-01-30,2027-02-07,2026-08-13 23:06:49
2026-08-14,CNY-2027-before,TYO,169,3519,UO,UO622,0,HND,2027-01-30 17:55,2027-01-30 22:45,230,,nonstop,0,2027-01-30,2027-02-07,2026-08-13 23:06:49
2026-08-14,CNY-2027-before,TYO,169,3519,UO,UO628,0,HND,2027-01-30 19:55,2027-01-31 00:45,230,,nonstop,0,2027-01-30,2027-02-07,2026-08-13 23:06:49
2026-08-14,CNY-2027-before,TYO,169,3899,UO,UO870,0,NRT,2027-01-30 10:50,2027-01-30 15:55,245,,nonstop,0,2027-01-30,2027-02-07,2026-08-13 23:06:49
2026-08-14,CNY-2027-before,TYO,169,4798,HB,HB320,0,NRT,2027-01-30 09:05,2027-01-30 14:10,245,,nonstop,1,2027-01-30,2027-02-07,2026-08-13 23:06:49
2026-08-14,CNY-2027-before,TYO,169,5195,NH,NH860,0,HND,2027-01-30 14:20,2027-01-30 19:15,235,,nonstop,0,2027-01-30,2027-02-07,2026-08-13 23:06:49
2026-08-14,CNY-2027-before,TYO,169,5206,NH,NH812,0,NRT,2027-01-30 10:00,2027-01-30 15:10,250,,nonstop,1,2027-01-30,2027-02-07,2026-08-13 23:06:49
2026-08-14,CNY-2027-before,TYO,169,6108,JL,JL736,0,NRT,2027-01-30 10:20,2027-01-30 15:20,240,,nonstop,0,2027-01-30,2027-02-07,2026-08-13 23:06:49
2026-08-14,CNY-2027-before,TYO,169,7177,JL,JL26,0,HND,2027-01-30 15:35,2027-01-30 20:25,230,,nonstop,0,2027-01-30,2027-02-07,2026-08-13 23:06:49
2026-08-14,CNY-2027-before,TYO,169,8245,NH,NH814,0,HND,2027-01-30 00:05,2027-01-30 04:55,230,,nonstop,0,2027-01-30,2027-02-07,2026-08-13 23:06:49
2026-08-14,CNY-2027-before,TYO,169,8748,CX,CX524,0,NRT,2027-01-30 01:25,2027-01-30 06:30,245,,nonstop,0,2027-01-30,2027-02-07,2026-08-13 23:06:49
2026-08-14,CNY-2027-before,TYO,169,8748,CX,CX504,0,NRT,2027-01-30 09:05,2027-01-30 14:10,245,,nonstop,0,2027-01-30,2027-02-07,2026-08-13 23:06:49
2026-08-14,CNY-2027-before,TYO,169,8748,CX,CX520,0,NRT,2027-01-30 10:30,2027-01-30 15:35,245,,nonstop,0,2027-01-30,2027-02-07,2026-08-13 23:06:49
2026-08-14,CNY-2027-before,TYO,169,8748,CX,CX500,0,NRT,2027-01-30 15:25,2027-01-30 20:20,235,,nonstop,0,2027-01-30,2027-02-07,2026-08-13 23:06:49
2026-08-14,CNY-2027-before,TYO,169,9489,CX,CX542,0,HND,2027-01-30 16:30,2027-01-30 21:15,225,,nonstop,0,2027-01-30,2027-02-07,2026-08-13 23:06:49
2026-08-14,CNY-2027-before,TYO,169,10758,CX,CX526,0,NRT,2027-01-30 08:15,2027-01-30 13:10,235,,nonstop,0,2027-01-30,2027-02-07,2026-08-13 23:06:49
2026-08-14,CNY-2027-before,TYO,169,11129,CX,CX548,0,HND,2027-01-30 08:55,2027-01-30 13:45,230,,nonstop,0,2027-01-30,2027-02-07,2026-08-13 23:06:49
2026-08-14,CNY-2027-before,SDJ,169,3319,UO,UO890,0,SDJ,2027-01-30 09:00,2027-01-30 14:05,245,,nonstop,0,2027-01-30,2027-02-07,2026-08-13 23:06:49
2026-08-14,CNY-2027-before,CTS,169,5201,HB,HB880,0,CTS,2027-01-30 09:15,2027-01-30 15:00,285,,nonstop,1,2027-01-30,2027-02-07,2026-08-13 23:06:49
2026-08-14,CNY-2027-before,CTS,169,17181,CX,CX580,0,CTS,2027-01-30 09:10,2027-01-30 14:50,280,,nonstop,0,2027-01-30,2027-02-07,2026-08-13 23:06:49
2026-08-14,CNY-2027-before,CTS,169,17181,CX,CX584,0,CTS,2027-01-30 10:25,2027-01-30 15:55,270,,nonstop,0,2027-01-30,2027-02-07,2026-08-13 23:06:49
2026-08-14,CNY-2027-before,CTS,169,17181,CX,CX586,0,CTS,2027-01-30 12:25,2027-01-30 17:50,265,,nonstop,0,2027-01-30,2027-02-07,2026-08-13 23:06:49
2026-08-14,CNY-2027-before,CTS,169,5201,HB,HB880,0,CTS,2027-01-30 09:15,2027-01-30 15:00,285,,any,1,2027-01-30,2027-02-07,2026-08-13 23:06:49
2026-08-14,CNY-2027-before,CTS,169,5729,NH,NH812>NH77,1,CTS,2027-01-30 10:00,2027-01-30 20:30,570,NRT,any,0,2027-01-30,2027-02-07,2026-08-13 23:06:49
2026-08-14,CNY-2027-before,CTS,169,6179,NH,NH812>NH2155,1,CTS,2027-01-30 10:00,2027-01-30 19:35,515,NRT,any,1,2027-01-30,2027-02-07,2026-08-13 23:06:49
2026-08-14,CNY-2027-before,CTS,169,6987,KE,KE2012>KE765,1,CTS,2027-01-30 00:55,2027-01-30 12:50,655,ICN,any,0,2027-01-30,2027-02-07,2026-08-13 23:06:49
2026-08-14,CNY-2027-before,CTS,169,8329,NH,NH814>NH987,1,CTS,2027-01-30 00:05,2027-01-30 07:50,405,HND,any,0,2027-01-30,2027-02-07,2026-08-13 23:06:49
2026-08-14,CNY-2027-before,CTS,169,15015,CX,CX580,0,CTS,2027-01-30 09:10,2027-01-30 14:50,280,,any,1,2027-01-30,2027-02-07,2026-08-13 23:06:49
2026-08-14,CNY-2027-before,CTS,169,15015,CX,CX584,0,CTS,2027-01-30 10:25,2027-01-30 15:55,270,,any,0,2027-01-30,2027-02-07,2026-08-13 23:06:49
2026-08-14,CNY-2027-before,CTS,169,15015,CX,CX586,0,CTS,2027-01-30 12:25,2027-01-30 17:50,265,,any,0,2027-01-30,2027-02-07,2026-08-13 23:06:49
2026-08-14,CNY-2027-before,HKD,169,5285,NH,NH812>NH559,1,HKD,2027-01-30 10:00,2027-01-30 19:45,525,NRT,any,1,2027-01-30,2027-02-07,2026-08-13 23:06:49
2026-08-14,CNY-2027-before,HKD,169,5772,NH,NH814>NH985>NH745,2,HKD,2027-01-30 00:05,2027-01-30 12:45,700,HND-ITM,any,1,2027-01-30,2027-02-07,2026-08-13 23:06:49
2026-08-14,CNY-2027-before,HKD,169,6226,NH,NH814>NH51>NH4853,2,HKD,2027-01-30 00:05,2027-01-30 11:40,635,HND-CTS,any,0,2027-01-30,2027-02-07,2026-08-13 23:06:49
2026-08-14,CNY-2027-before,HKD,169,6226,NH,NH814>NH987>NH4853,2,HKD,2027-01-30 00:05,2027-01-30 11:40,635,HND-CTS,any,0,2027-01-30,2027-02-07,2026-08-13 23:06:49
2026-08-14,CNY-2027-before,HKD,169,7608,NH,NH860>NH553,1,HKD,2027-01-30 14:20,2027-01-31 11:00,1180,HND,any,0,2027-01-30,2027-02-07,2026-08-13 23:06:49
2026-08-14,CNY-2027-before,HKD,169,7644,NH,NH814>NH553,1,HKD,2027-01-30 00:05,2027-01-30 11:00,595,HND,any,0,2027-01-30,2027-02-07,2026-08-13 23:06:49
2026-08-14,CNY-2027-before,HKD,169,7987,JL,JL736>JL585,1,HKD,2027-01-30 10:20,2027-01-31 08:55,1295,NRT,any,0,2027-01-30,2027-02-07,2026-08-13 23:06:49
2026-08-14,CNY-2027-before,HKD,169,9355,CX+JL,CX586>JL2741,1,HKD,2027-01-30 12:25,2027-01-31 08:15,1130,CTS,any,0,2027-01-30,2027-02-07,2026-08-13 23:06:49
2026-08-14,CNY-2027-before,HKD,169,12437,CX+NH,CX584>NH4857,1,HKD,2027-01-30 10:25,2027-01-30 18:35,430,CTS,any,0,2027-01-30,2027-02-07,2026-08-13 23:06:49
2026-08-14,CNY-2027-before,HKD,169,13235,CX+JL,CX566>JL2123,1,HKD,2027-01-30 01:50,2027-01-30 13:15,625,KIX,any,0,2027-01-30,2027-02-07,2026-08-13 23:06:49
2026-08-14,CNY-2027-after,TYO,176,4779,UO,UO650,0,NRT,2027-02-06 14:00,2027-02-06 19:05,245,,nonstop,1,2027-02-06,2027-02-14,2026-08-13 23:06:49
2026-08-14,CNY-2027-after,TYO,176,4929,UO,UO628,0,HND,2027-02-06 19:55,2027-02-07 00:45,230,,nonstop,1,2027-02-06,2027-02-14,2026-08-13 23:06:49
2026-08-14,CNY-2027-after,TYO,176,4949,UO,UO624,0,HND,2027-02-06 23:55,2027-02-07 04:45,230,,nonstop,1,2027-02-06,2027-02-14,2026-08-13 23:06:49
2026-08-14,CNY-2027-after,TYO,176,5179,UO,UO646,0,NRT,2027-02-06 13:00,2027-02-06 18:05,245,,nonstop,1,2027-02-06,2027-02-14,2026-08-13 23:06:49
2026-08-14,CNY-2027-after,TYO,176,5179,UO,UO652,0,NRT,2027-02-06 14:55,2027-02-06 20:00,245,,nonstop,1,2027-02-06,2027-02-14,2026-08-13 23:06:49
2026-08-14,CNY-2027-after,TYO,176,5629,UO,UO854,0,NRT,2027-02-06 02:00,2027-02-06 07:05,245,,nonstop,0,2027-02-06,2027-02-14,2026-08-13 23:06:49
2026-08-14,CNY-2027-after,TYO,176,5779,UO,UO622,0,HND,2027-02-06 17:55,2027-02-06 22:45,230,,nonstop,0,2027-02-06,2027-02-14,2026-08-13 23:06:49
2026-08-14,CNY-2027-after,TYO,176,6179,UO,UO848,0,NRT,2027-02-06 09:20,2027-02-06 14:25,245,,nonstop,0,2027-02-06,2027-02-14,2026-08-13 23:06:49
2026-08-14,CNY-2027-after,TYO,176,6179,UO,UO870,0,NRT,2027-02-06 10:50,2027-02-06 15:55,245,,nonstop,0,2027-02-06,2027-02-14,2026-08-13 23:06:49
2026-08-14,CNY-2027-after,TYO,176,8677,JL,JL26,0,HND,2027-02-06 15:35,2027-02-06 20:25,230,,nonstop,0,2027-02-06,2027-02-14,2026-08-13 23:06:49
2026-08-14,CNY-2027-after,TYO,176,8775,NH,NH860,0,HND,2027-02-06 14:20,2027-02-06 19:15,235,,nonstop,0,2027-02-06,2027-02-14,2026-08-13 23:06:49
2026-08-14,CNY-2027-after,TYO,176,9545,NH,NH814,0,HND,2027-02-06 00:05,2027-02-06 04:55,230,,nonstop,0,2027-02-06,2027-02-14,2026-08-13 23:06:49
2026-08-14,CNY-2027-after,TYO,176,9678,JL,JL736,0,NRT,2027-02-06 10:20,2027-02-06 15:20,240,,nonstop,0,2027-02-06,2027-02-14,2026-08-13 23:06:49
2026-08-14,CNY-2027-after,TYO,176,9886,NH,NH812,0,NRT,2027-02-06 10:00,2027-02-06 15:10,250,,nonstop,0,2027-02-06,2027-02-14,2026-08-13 23:06:49
2026-08-14,CNY-2027-after,TYO,176,9968,HB,HB320,0,NRT,2027-02-06 09:05,2027-02-06 14:10,245,,nonstop,0,2027-02-06,2027-02-14,2026-08-13 23:06:49
2026-08-14,CNY-2027-after,TYO,176,10438,CX,CX524,0,NRT,2027-02-06 01:25,2027-02-06 06:30,245,,nonstop,0,2027-02-06,2027-02-14,2026-08-13 23:06:49
2026-08-14,CNY-2027-after,TYO,176,10438,CX,CX504,0,NRT,2027-02-06 09:05,2027-02-06 14:10,245,,nonstop,0,2027-02-06,2027-02-14,2026-08-13 23:06:49
2026-08-14,CNY-2027-after,TYO,176,10438,CX,CX520,0,NRT,2027-02-06 10:30,2027-02-06 15:35,245,,nonstop,0,2027-02-06,2027-02-14,2026-08-13 23:06:49
2026-08-14,CNY-2027-after,TYO,176,10438,CX,CX500,0,NRT,2027-02-06 15:25,2027-02-06 20:20,235,,nonstop,0,2027-02-06,2027-02-14,2026-08-13 23:06:49
2026-08-14,CNY-2027-after,TYO,176,11189,CX,CX542,0,HND,2027-02-06 16:30,2027-02-06 21:15,225,,nonstop,0,2027-02-06,2027-02-14,2026-08-13 23:06:49
2026-08-14,CNY-2027-after,TYO,176,12448,CX,CX526,0,NRT,2027-02-06 08:15,2027-02-06 13:10,235,,nonstop,0,2027-02-06,2027-02-14,2026-08-13 23:06:49
2026-08-14,CNY-2027-after,TYO,176,12829,CX,CX548,0,HND,2027-02-06 08:55,2027-02-06 13:45,230,,nonstop,0,2027-02-06,2027-02-14,2026-08-13 23:06:49
2026-08-14,CNY-2027-after,SDJ,176,7739,UO,UO890,0,SDJ,2027-02-06 09:00,2027-02-06 14:05,245,,nonstop,0,2027-02-06,2027-02-14,2026-08-13 23:06:49
2026-08-14,CNY-2027-after,CTS,176,15351,HB,HB880,0,CTS,2027-02-06 09:15,2027-02-06 15:00,285,,nonstop,0,2027-02-06,2027-02-14,2026-08-13 23:06:49
2026-08-14,CNY-2027-after,CTS,176,17181,CX,CX580,0,CTS,2027-02-06 09:10,2027-02-06 14:50,280,,nonstop,1,2027-02-06,2027-02-14,2026-08-13 23:06:49
2026-08-14,CNY-2027-after,CTS,176,17181,CX,CX584,0,CTS,2027-02-06 10:25,2027-02-06 15:55,270,,nonstop,1,2027-02-06,2027-02-14,2026-08-13 23:06:49
2026-08-14,CNY-2027-after,CTS,176,17181,CX,CX586,0,CTS,2027-02-06 12:25,2027-02-06 17:50,265,,nonstop,1,2027-02-06,2027-02-14,2026-08-13 23:06:49
2026-08-14,CNY-2027-after,CTS,176,8437,KE,KE2006>KE769,1,CTS,2027-02-06 18:10,2027-02-07 15:40,1230,ICN,any,0,2027-02-06,2027-02-14,2026-08-13 23:06:49
2026-08-14,CNY-2027-after,CTS,176,9159,NH,NH860>NH57,1,CTS,2027-02-06 14:20,2027-02-07 11:05,1185,HND,any,0,2027-02-06,2027-02-14,2026-08-13 23:06:49
2026-08-14,CNY-2027-after,CTS,176,9201,JL,JL26>JL501,1,CTS,2027-02-06 15:35,2027-02-07 08:00,925,HND,any,0,2027-02-06,2027-02-14,2026-08-13 23:06:49
2026-08-14,CNY-2027-after,CTS,176,9929,NH,NH812>NH77,1,CTS,2027-02-06 10:00,2027-02-06 20:30,570,NRT,any,0,2027-02-06,2027-02-14,2026-08-13 23:06:49
2026-08-14,CNY-2027-after,CTS,176,10659,NH,NH814>NH987,1,CTS,2027-02-06 00:05,2027-02-06 07:50,405,HND,any,1,2027-02-06,2027-02-14,2026-08-13 23:06:49
2026-08-14,CNY-2027-after,CTS,176,15015,CX,CX580,0,CTS,2027-02-06 09:10,2027-02-06 14:50,280,,any,1,2027-02-06,2027-02-14,2026-08-13 23:06:49
2026-08-14,CNY-2027-after,CTS,176,15015,CX,CX584,0,CTS,2027-02-06 10:25,2027-02-06 15:55,270,,any,1,2027-02-06,2027-02-14,2026-08-13 23:06:49
2026-08-14,CNY-2027-after,CTS,176,15015,CX,CX586,0,CTS,2027-02-06 12:25,2027-02-06 17:50,265,,any,1,2027-02-06,2027-02-14,2026-08-13 23:06:49
2026-08-14,CNY-2027-after,CTS,176,15351,HB,HB880,0,CTS,2027-02-06 09:15,2027-02-06 15:00,285,,any,1,2027-02-06,2027-02-14,2026-08-13 23:06:49
2026-08-14,CNY-2027-after,HKD,176,9165,NH,NH860>NH553,1,HKD,2027-02-06 14:20,2027-02-07 11:00,1180,HND,any,0,2027-02-06,2027-02-14,2026-08-13 23:06:49
2026-08-14,CNY-2027-after,HKD,176,9207,JL,JL26>JL585,1,HKD,2027-02-06 15:35,2027-02-07 08:55,980,HND,any,1,2027-02-06,2027-02-14,2026-08-13 23:06:49
2026-08-14,CNY-2027-after,HKD,176,10666,NH,NH814>NH553,1,HKD,2027-02-06 00:05,2027-02-06 11:00,595,HND,any,1,2027-02-06,2027-02-14,2026-08-13 23:06:49
2026-08-14,CNY-2027-after,HKD,176,10666,NH,NH812>NH559,1,HKD,2027-02-06 10:00,2027-02-06 19:45,525,NRT,any,0,2027-02-06,2027-02-14,2026-08-13 23:06:49
2026-08-14,CNY-2027-after,HKD,176,12778,CX+JL,CX524>JL587,1,HKD,2027-02-06 01:25,2027-02-06 14:10,705,NRT,any,0,2027-02-06,2027-02-14,2026-08-13 23:06:49
2026-08-14,CNY-2027-after,HKD,176,12778,CX+JL,CX524>JL589,1,HKD,2027-02-06 01:25,2027-02-06 18:45,980,NRT,any,0,2027-02-06,2027-02-14,2026-08-13 23:06:49
2026-08-14,CNY-2027-after,HKD,176,13692,CX+JL,CX566>JL2123,1,HKD,2027-02-06 01:50,2027-02-06 13:15,625,KIX,any,0,2027-02-06,2027-02-14,2026-08-13 23:06:49
2026-08-14,CNY-2027-after,HKD,176,14395,CX+NH,CX584>NH4857,1,HKD,2027-02-06 10:25,2027-02-06 18:35,430,CTS,any,0,2027-02-06,2027-02-14,2026-08-13 23:06:49
2026-08-15,XMAS-2026,TYO,127,4409,UO,UO652,0,NRT,2026-12-20 14:55,2026-12-20 20:00,245,,nonstop,1,2026-12-20,2027-01-03,2026-08-14 22:43:35
2026-08-15,XMAS-2026,TYO,127,4609,UO,UO650,0,NRT,2026-12-20 14:00,2026-12-20 19:05,245,,nonstop,0,2026-12-20,2027-01-03,2026-08-14 22:43:35
2026-08-15,XMAS-2026,TYO,127,4729,UO,UO628,0,HND,2026-12-20 19:55,2026-12-21 00:45,230,,nonstop,0,2026-12-20,2027-01-03,2026-08-14 22:43:35
2026-08-15,XMAS-2026,TYO,127,4879,UO,UO646,0,NRT,2026-12-20 13:00,2026-12-20 18:05,245,,nonstop,0,2026-12-20,2027-01-03,2026-08-14 22:43:35
2026-08-15,XMAS-2026,TYO,127,5179,UO,UO622,0,HND,2026-12-20 17:55,2026-12-20 22:45,230,,nonstop,0,2026-12-20,2027-01-03,2026-08-14 22:43:35
2026-08-15,XMAS-2026,TYO,127,5179,UO,UO624,0,HND,2026-12-20 23:55,2026-12-21 04:45,230,,nonstop,0,2026-12-20,2027-01-03,2026-08-14 22:43:35
2026-08-15,XMAS-2026,TYO,127,5229,UO,UO854,0,NRT,2026-12-20 02:00,2026-12-20 07:05,245,,nonstop,0,2026-12-20,2027-01-03,2026-08-14 22:43:35
2026-08-15,XMAS-2026,TYO,127,5629,UO,UO870,0,NRT,2026-12-20 10:50,2026-12-20 15:55,245,,nonstop,0,2026-12-20,2027-01-03,2026-08-14 22:43:35
2026-08-15,XMAS-2026,TYO,127,6079,UO,UO848,0,NRT,2026-12-20 09:20,2026-12-20 14:25,245,,nonstop,0,2026-12-20,2027-01-03,2026-08-14 22:43:35
2026-08-15,XMAS-2026,TYO,127,7048,CX,CX526,0,NRT,2026-12-20 08:15,2026-12-20 13:10,235,,nonstop,1,2026-12-20,2027-01-03,2026-08-14 22:43:35
2026-08-15,XMAS-2026,TYO,127,7048,CX,CX524,0,NRT,2026-12-20 01:25,2026-12-20 06:30,245,,nonstop,0,2026-12-20,2027-01-03,2026-08-14 22:43:35
2026-08-15,XMAS-2026,TYO,127,7048,CX,CX504,0,NRT,2026-12-20 09:05,2026-12-20 14:10,245,,nonstop,0,2026-12-20,2027-01-03,2026-08-14 22:43:35
2026-08-15,XMAS-2026,TYO,127,7048,CX,CX520,0,NRT,2026-12-20 10:30,2026-12-20 15:35,245,,nonstop,0,2026-12-20,2027-01-03,2026-08-14 22:43:35
2026-08-15,XMAS-2026,TYO,127,7048,CX,CX500,0,NRT,2026-12-20 15:25,2026-12-20 20:20,235,,nonstop,0,2026-12-20,2027-01-03,2026-08-14 22:43:35
2026-08-15,XMAS-2026,TYO,127,7145,NH,NH860,0,HND,2026-12-20 14:20,2026-12-20 19:15,235,,nonstop,0,2026-12-20,2027-01-03,2026-08-14 22:43:35
2026-08-15,XMAS-2026,TYO,127,7438,HB,HB320,0,NRT,2026-12-20 09:05,2026-12-20 14:10,245,,nonstop,1,2026-12-20,2027-01-03,2026-08-14 22:43:35
2026-08-15,XMAS-2026,TYO,127,7645,NH,NH814,0,HND,2026-12-20 00:05,2026-12-20 04:55,230,,nonstop,0,2026-12-20,2027-01-03,2026-08-14 22:43:35
2026-08-15,XMAS-2026,TYO,127,8259,CX,CX542,0,HND,2026-12-20 16:30,2026-12-20 21:15,225,,nonstop,0,2026-12-20,2027-01-03,2026-08-14 22:43:35
2026-08-15,XMAS-2026,TYO,127,8719,CX,CX548,0,HND,2026-12-20 08:55,2026-12-20 13:45,230,,nonstop,0,2026-12-20,2027-01-03,2026-08-14 22:43:35
2026-08-15,XMAS-2026,TYO,127,10758,JL,JL736,0,NRT,2026-12-20 10:20,2026-12-20 15:20,240,,nonstop,0,2026-12-20,2027-01-03,2026-08-14 22:43:35
2026-08-15,XMAS-2026,TYO,127,11129,JL,JL26,0,HND,2026-12-20 15:35,2026-12-20 20:25,230,,nonstop,0,2026-12-20,2027-01-03,2026-08-14 22:43:35
2026-08-15,XMAS-2026,TYO,127,11306,NH,NH812,0,NRT,2026-12-20 10:00,2026-12-20 15:10,250,,nonstop,0,2026-12-20,2027-01-03,2026-08-14 22:43:35
2026-08-15,XMAS-2026,SDJ,127,5499,UO,UO890,0,SDJ,2026-12-20 09:00,2026-12-20 14:05,245,,nonstop,0,2026-12-20,2027-01-03,2026-08-14 22:43:35
2026-08-15,XMAS-2026,CTS,127,8271,HB,HB2886,0,CTS,2026-12-20 01:15,2026-12-20 07:00,285,,nonstop,1,2026-12-20,2027-01-03,2026-08-14 22:43:35
2026-08-15,XMAS-2026,CTS,127,8671,HB,HB880,0,CTS,2026-12-20 09:15,2026-12-20 15:00,285,,nonstop,1,2026-12-20,2027-01-03,2026-08-14 22:43:35
2026-08-15,XMAS-2026,CTS,127,16659,CX,CX580,0,CTS,2026-12-20 09:10,2026-12-20 14:50,280,,nonstop,0,2026-12-20,2027-01-03,2026-08-14 22:43:35
2026-08-15,XMAS-2026,CTS,127,16659,CX,CX584,0,CTS,2026-12-20 10:25,2026-12-20 15:55,270,,nonstop,0,2026-12-20,2027-01-03,2026-08-14 22:43:35
2026-08-15,XMAS-2026,CTS,127,16659,CX,CX586,0,CTS,2026-12-20 12:25,2026-12-20 17:50,265,,nonstop,0,2026-12-20,2027-01-03,2026-08-14 22:43:35
2026-08-15,XMAS-2026,CTS,127,8271,HB,HB2886,0,CTS,2026-12-20 01:15,2026-12-20 07:00,285,,any,1,2026-12-20,2027-01-03,2026-08-14 22:43:35
2026-08-15,XMAS-2026,CTS,127,8671,HB,HB880,0,CTS,2026-12-20 09:15,2026-12-20 15:00,285,,any,1,2026-12-20,2027-01-03,2026-08-14 22:43:35
2026-08-15,XMAS-2026,CTS,127,8779,NH,NH814>NH741>NH4874,2,CTS,2026-12-20 00:05,2026-12-20 15:25,860,HND-KUH,any,0,2026-12-20,2027-01-03,2026-08-14 22:43:35
2026-08-15,XMAS-2026,CTS,127,8779,NH,NH860>NH61,1,CTS,2026-12-20 14:20,2026-12-21 12:40,1280,HND,any,0,2026-12-20,2027-01-03,2026-08-14 22:43:35
2026-08-15,XMAS-2026,CTS,127,9137,KE,KE2012>KE769,1,CTS,2026-12-20 00:55,2026-12-20 15:40,825,ICN,any,0,2026-12-20,2027-01-03,2026-08-14 22:43:35
2026-08-15,XMAS-2026,CTS,127,11685,BR,BR858>BR166,1,CTS,2026-12-20 21:10,2026-12-21 11:00,770,TPE,any,0,2026-12-20,2027-01-03,2026-08-14 22:43:35
2026-08-15,XMAS-2026,CTS,127,15015,CX,CX580,0,CTS,2026-12-20 09:10,2026-12-20 14:50,280,,any,1,2026-12-20,2027-01-03,2026-08-14 22:43:35
2026-08-15,XMAS-2026,CTS,127,15015,CX,CX584,0,CTS,2026-12-20 10:25,2026-12-20 15:55,270,,any,1,2026-12-20,2027-01-03,2026-08-14 22:43:35
2026-08-15,XMAS-2026,CTS,127,15015,CX,CX586,0,CTS,2026-12-20 12:25,2026-12-20 17:50,265,,any,1,2026-12-20,2027-01-03,2026-08-14 22:43:35
2026-08-15,CNY-2027-before,TYO,168,3139,UO,UO624,0,HND,2027-01-30 23:55,2027-01-31 04:45,230,,nonstop,0,2027-01-30,2027-02-07,2026-08-14 22:43:35
2026-08-15,CNY-2027-before,TYO,168,3249,UO,UO848,0,NRT,2027-01-30 09:20,2027-01-30 14:25,245,,nonstop,1,2027-01-30,2027-02-07,2026-08-14 22:43:35
2026-08-15,CNY-2027-before,TYO,168,3249,UO,UO646,0,NRT,2027-01-30 13:00,2027-01-30 18:05,245,,nonstop,0,2027-01-30,2027-02-07,2026-08-14 22:43:35
2026-08-15,CNY-2027-before,TYO,168,3249,UO,UO650,0,NRT,2027-01-30 14:00,2027-01-30 19:05,245,,nonstop,0,2027-01-30,2027-02-07,2026-08-14 22:43:35
2026-08-15,CNY-2027-before,TYO,168,3249,UO,UO652,0,NRT,2027-01-30 14:55,2027-01-30 20:00,245,,nonstop,0,2027-01-30,2027-02-07,2026-08-14 22:43:35
2026-08-15,CNY-2027-before,TYO,168,3449,UO,UO854,0,NRT,2027-01-30 02:00,2027-01-30 07:05,245,,nonstop,0,2027-01-30,2027-02-07,2026-08-14 22:43:35
2026-08-15,CNY-2027-before,TYO,168,3519,UO,UO622,0,HND,2027-01-30 17:55,2027-01-30 22:45,230,,nonstop,0,2027-01-30,2027-02-07,2026-08-14 22:43:35
2026-08-15,CNY-2027-before,TYO,168,3519,UO,UO628,0,HND,2027-01-30 19:55,2027-01-31 00:45,230,,nonstop,0,2027-01-30,2027-02-07,2026-08-14 22:43:35
2026-08-15,CNY-2027-before,TYO,168,3899,UO,UO870,0,NRT,2027-01-30 10:50,2027-01-30 15:55,245,,nonstop,0,2027-01-30,2027-02-07,2026-08-14 22:43:35
2026-08-15,CNY-2027-before,TYO,168,4798,HB,HB320,0,NRT,2027-01-30 09:05,2027-01-30 14:10,245,,nonstop,1,2027-01-30,2027-02-07,2026-08-14 22:43:35
2026-08-15,CNY-2027-before,TYO,168,5195,NH,NH814,0,HND,2027-01-30 00:05,2027-01-30 04:55,230,,nonstop,1,2027-01-30,2027-02-07,2026-08-14 22:43:35
2026-08-15,CNY-2027-before,TYO,168,5656,NH,NH812,0,NRT,2027-01-30 10:00,2027-01-30 15:10,250,,nonstop,0,2027-01-30,2027-02-07,2026-08-14 22:43:35
2026-08-15,CNY-2027-before,TYO,168,6108,JL,JL736,0,NRT,2027-01-30 10:20,2027-01-30 15:20,240,,nonstop,0,2027-01-30,2027-02-07,2026-08-14 22:43:35
2026-08-15,CNY-2027-before,TYO,168,7177,JL,JL26,0,HND,2027-01-30 15:35,2027-01-30 20:25,230,,nonstop,0,2027-01-30,2027-02-07,2026-08-14 22:43:35
2026-08-15,CNY-2027-before,TYO,168,8245,NH,NH860,0,HND,2027-01-30 14:20,2027-01-30 19:15,235,,nonstop,0,2027-01-30,2027-02-07,2026-08-14 22:43:35
2026-08-15,CNY-2027-before,TYO,168,8748,CX,CX524,0,NRT,2027-01-30 01:25,2027-01-30 06:30,245,,nonstop,0,2027-01-30,2027-02-07,2026-08-14 22:43:35
2026-08-15,CNY-2027-before,TYO,168,8748,CX,CX504,0,NRT,2027-01-30 09:05,2027-01-30 14:10,245,,nonstop,0,2027-01-30,2027-02-07,2026-08-14 22:43:35
2026-08-15,CNY-2027-before,TYO,168,8748,CX,CX520,0,NRT,2027-01-30 10:30,2027-01-30 15:35,245,,nonstop,0,2027-01-30,2027-02-07,2026-08-14 22:43:35
2026-08-15,CNY-2027-before,TYO,168,8748,CX,CX500,0,NRT,2027-01-30 15:25,2027-01-30 20:20,235,,nonstop,0,2027-01-30,2027-02-07,2026-08-14 22:43:35
2026-08-15,CNY-2027-before,TYO,168,9489,CX,CX542,0,HND,2027-01-30 16:30,2027-01-30 21:15,225,,nonstop,0,2027-01-30,2027-02-07,2026-08-14 22:43:35
2026-08-15,CNY-2027-before,TYO,168,10758,CX,CX526,0,NRT,2027-01-30 08:15,2027-01-30 13:10,235,,nonstop,0,2027-01-30,2027-02-07,2026-08-14 22:43:35
2026-08-15,CNY-2027-before,TYO,168,11129,CX,CX548,0,HND,2027-01-30 08:55,2027-01-30 13:45,230,,nonstop,0,2027-01-30,2027-02-07,2026-08-14 22:43:35
2026-08-15,CNY-2027-before,SDJ,168,3519,UO,UO890,0,SDJ,2027-01-30 09:00,2027-01-30 14:05,245,,nonstop,0,2027-01-30,2027-02-07,2026-08-14 22:43:35
2026-08-15,CNY-2027-before,CTS,168,5401,HB,HB880,0,CTS,2027-01-30 09:15,2027-01-30 15:00,285,,nonstop,1,2027-01-30,2027-02-07,2026-08-14 22:43:35
2026-08-15,CNY-2027-before,CTS,168,17181,CX,CX580,0,CTS,2027-01-30 09:10,2027-01-30 14:50,280,,nonstop,0,2027-01-30,2027-02-07,2026-08-14 22:43:35
2026-08-15,CNY-2027-before,CTS,168,17181,CX,CX584,0,CTS,2027-01-30 10:25,2027-01-30 15:55,270,,nonstop,0,2027-01-30,2027-02-07,2026-08-14 22:43:35
2026-08-15,CNY-2027-before,CTS,168,17181,CX,CX586,0,CTS,2027-01-30 12:25,2027-01-30 17:50,265,,nonstop,0,2027-01-30,2027-02-07,2026-08-14 22:43:35
2026-08-15,CNY-2027-before,CTS,168,5279,NH,NH814>NH73,1,CTS,2027-01-30 00:05,2027-01-30 18:35,1050,HND,any,0,2027-01-30,2027-02-07,2026-08-14 22:43:35
2026-08-15,CNY-2027-before,CTS,168,5279,NH,NH860>NH59,1,CTS,2027-01-30 14:20,2027-01-31 11:35,1215,HND,any,0,2027-01-30,2027-02-07,2026-08-14 22:43:35
2026-08-15,CNY-2027-before,CTS,168,5401,HB,HB880,0,CTS,2027-01-30 09:15,2027-01-30 15:00,285,,any,1,2027-01-30,2027-02-07,2026-08-14 22:43:35
2026-08-15,CNY-2027-before,CTS,168,5729,NH,NH814>NH57,1,CTS,2027-01-30 00:05,2027-01-30 11:05,600,HND,any,1,2027-01-30,2027-02-07,2026-08-14 22:43:35
2026-08-15,CNY-2027-before,CTS,168,6179,NH,NH814>NH987,1,CTS,2027-01-30 00:05,2027-01-30 07:50,405,HND,any,1,2027-01-30,2027-02-07,2026-08-14 22:43:35
2026-08-15,CNY-2027-before,CTS,168,6179,NH,NH812>NH77,1,CTS,2027-01-30 10:00,2027-01-30 20:30,570,NRT,any,0,2027-01-30,2027-02-07,2026-08-14 22:43:35
2026-08-15,CNY-2027-before,CTS,168,6779,NH,NH812>NH2155,1,CTS,2027-01-30 10:00,2027-01-30 19:35,515,NRT,any,0,2027-01-30,2027-02-07,2026-08-14 22:43:35
2026-08-15,CNY-2027-before,CTS,168,6987,KE,KE2012>KE765,1,CTS,2027-01-30 00:55,2027-01-30 12:50,655,ICN,any,0,2027-01-30,2027-02-07,2026-08-14 22:43:35
2026-08-15,CNY-2027-before,CTS,168,15015,CX,CX580,0,CTS,2027-01-30 09:10,2027-01-30 14:50,280,,any,0,2027-01-30,2027-02-07,2026-08-14 22:43:35
2026-08-15,CNY-2027-before,CTS,168,15015,CX,CX584,0,CTS,2027-01-30 10:25,2027-01-30 15:55,270,,any,0,2027-01-30,2027-02-07,2026-08-14 22:43:35
2026-08-15,CNY-2027-before,CTS,168,15015,CX,CX586,0,CTS,2027-01-30 12:25,2027-01-30 17:50,265,,any,0,2027-01-30,2027-02-07,2026-08-14 22:43:35
2026-08-15,CNY-2027-before,HKD,168,5735,NH,NH812>NH559,1,HKD,2027-01-30 10:00,2027-01-30 19:45,525,NRT,any,1,2027-01-30,2027-02-07,2026-08-14 22:43:35
2026-08-15,CNY-2027-before,HKD,168,7998,JL,JL736>JL585,1,HKD,2027-01-30 10:20,2027-01-31 08:55,1295,NRT,any,0,2027-01-30,2027-02-07,2026-08-14 22:43:35
2026-08-15,CNY-2027-before,HKD,168,8335,NH,NH814>NH553,1,HKD,2027-01-30 00:05,2027-01-30 11:00,595,HND,any,1,2027-01-30,2027-02-07,2026-08-14 22:43:35
2026-08-15,CNY-2027-before,HKD,168,8335,NH,NH860>NH553,1,HKD,2027-01-30 14:20,2027-01-31 11:00,1180,HND,any,0,2027-01-30,2027-02-07,2026-08-14 22:43:35
2026-08-15,CNY-2027-before,HKD,168,9067,JL,JL26>JL585,1,HKD,2027-01-30 15:35,2027-01-31 08:55,980,HND,any,0,2027-01-30,2027-02-07,2026-08-14 22:43:35
2026-08-15,CNY-2027-before,HKD,168,9355,CX+JL,CX586>JL2741,1,HKD,2027-01-30 12:25,2027-01-31 08:15,1130,CTS,any,0,2027-01-30,2027-02-07,2026-08-14 22:43:35
2026-08-15,CNY-2027-before,HKD,168,12434,CX+NH,CX584>NH4857,1,HKD,2027-01-30 10:25,2027-01-30 18:35,430,CTS,any,0,2027-01-30,2027-02-07,2026-08-14 22:43:35
2026-08-15,CNY-2027-before,HKD,168,13232,CX+JL,CX566>JL2123,1,HKD,2027-01-30 01:50,2027-01-30 13:15,625,KIX,any,0,2027-01-30,2027-02-07,2026-08-14 22:43:35
2026-08-15,CNY-2027-after,TYO,175,4779,UO,UO650,0,NRT,2027-02-06 14:00,2027-02-06 19:05,245,,nonstop,1,2027-02-06,2027-02-14,2026-08-14 22:43:35
2026-08-15,CNY-2027-after,TYO,175,4929,UO,UO628,0,HND,2027-02-06 19:55,2027-02-07 00:45,230,,nonstop,1,2027-02-06,2027-02-14,2026-08-14 22:43:35
2026-08-15,CNY-2027-after,TYO,175,4949,UO,UO624,0,HND,2027-02-06 23:55,2027-02-07 04:45,230,,nonstop,1,2027-02-06,2027-02-14,2026-08-14 22:43:35
2026-08-15,CNY-2027-after,TYO,175,5179,UO,UO646,0,NRT,2027-02-06 13:00,2027-02-06 18:05,245,,nonstop,0,2027-02-06,2027-02-14,2026-08-14 22:43:35
2026-08-15,CNY-2027-after,TYO,175,5179,UO,UO652,0,NRT,2027-02-06 14:55,2027-02-06 20:00,245,,nonstop,0,2027-02-06,2027-02-14,2026-08-14 22:43:35
2026-08-15,CNY-2027-after,TYO,175,5629,UO,UO854,0,NRT,2027-02-06 02:00,2027-02-06 07:05,245,,nonstop,0,2027-02-06,2027-02-14,2026-08-14 22:43:35
2026-08-15,CNY-2027-after,TYO,175,5779,UO,UO622,0,HND,2027-02-06 17:55,2027-02-06 22:45,230,,nonstop,0,2027-02-06,2027-02-14,2026-08-14 22:43:35
2026-08-15,CNY-2027-after,TYO,175,6179,UO,UO848,0,NRT,2027-02-06 09:20,2027-02-06 14:25,245,,nonstop,0,2027-02-06,2027-02-14,2026-08-14 22:43:35
2026-08-15,CNY-2027-after,TYO,175,6179,UO,UO870,0,NRT,2027-02-06 10:50,2027-02-06 15:55,245,,nonstop,0,2027-02-06,2027-02-14,2026-08-14 22:43:35
2026-08-15,CNY-2027-after,TYO,175,8677,JL,JL26,0,HND,2027-02-06 15:35,2027-02-06 20:25,230,,nonstop,0,2027-02-06,2027-02-14,2026-08-14 22:43:35
2026-08-15,CNY-2027-after,TYO,175,8775,NH,NH860,0,HND,2027-02-06 14:20,2027-02-06 19:15,235,,nonstop,0,2027-02-06,2027-02-14,2026-08-14 22:43:35
2026-08-15,CNY-2027-after,TYO,175,9545,NH,NH814,0,HND,2027-02-06 00:05,2027-02-06 04:55,230,,nonstop,0,2027-02-06,2027-02-14,2026-08-14 22:43:35
2026-08-15,CNY-2027-after,TYO,175,9678,JL,JL736,0,NRT,2027-02-06 10:20,2027-02-06 15:20,240,,nonstop,0,2027-02-06,2027-02-14,2026-08-14 22:43:35
2026-08-15,CNY-2027-after,TYO,175,9968,HB,HB320,0,NRT,2027-02-06 09:05,2027-02-06 14:10,245,,nonstop,0,2027-02-06,2027-02-14,2026-08-14 22:43:35
2026-08-15,CNY-2027-after,TYO,175,10286,NH,NH812,0,NRT,2027-02-06 10:00,2027-02-06 15:10,250,,nonstop,0,2027-02-06,2027-02-14,2026-08-14 22:43:35
2026-08-15,CNY-2027-after,TYO,175,10438,CX,CX524,0,NRT,2027-02-06 01:25,2027-02-06 06:30,245,,nonstop,0,2027-02-06,2027-02-14,2026-08-14 22:43:35
2026-08-15,CNY-2027-after,TYO,175,10438,CX,CX504,0,NRT,2027-02-06 09:05,2027-02-06 14:10,245,,nonstop,0,2027-02-06,2027-02-14,2026-08-14 22:43:35
2026-08-15,CNY-2027-after,TYO,175,10438,CX,CX520,0,NRT,2027-02-06 10:30,2027-02-06 15:35,245,,nonstop,0,2027-02-06,2027-02-14,2026-08-14 22:43:35
2026-08-15,CNY-2027-after,TYO,175,10438,CX,CX500,0,NRT,2027-02-06 15:25,2027-02-06 20:20,235,,nonstop,0,2027-02-06,2027-02-14,2026-08-14 22:43:35
2026-08-15,CNY-2027-after,TYO,175,11189,CX,CX542,0,HND,2027-02-06 16:30,2027-02-06 21:15,225,,nonstop,0,2027-02-06,2027-02-14,2026-08-14 22:43:35
2026-08-15,CNY-2027-after,TYO,175,12448,CX,CX526,0,NRT,2027-02-06 08:15,2027-02-06 13:10,235,,nonstop,0,2027-02-06,2027-02-14,2026-08-14 22:43:35
2026-08-15,CNY-2027-after,TYO,175,12829,CX,CX548,0,HND,2027-02-06 08:55,2027-02-06 13:45,230,,nonstop,0,2027-02-06,2027-02-14,2026-08-14 22:43:35
2026-08-15,CNY-2027-after,SDJ,175,7739,UO,UO890,0,SDJ,2027-02-06 09:00,2027-02-06 14:05,245,,nonstop,0,2027-02-06,2027-02-14,2026-08-14 22:43:35
2026-08-15,CNY-2027-after,CTS,175,15351,HB,HB880,0,CTS,2027-02-06 09:15,2027-02-06 15:00,285,,nonstop,1,2027-02-06,2027-02-14,2026-08-14 22:43:35
2026-08-15,CNY-2027-after,CTS,175,17181,CX,CX580,0,CTS,2027-02-06 09:10,2027-02-06 14:50,280,,nonstop,1,2027-02-06,2027-02-14,2026-08-14 22:43:35
2026-08-15,CNY-2027-after,CTS,175,17181,CX,CX584,0,CTS,2027-02-06 10:25,2027-02-06 15:55,270,,nonstop,1,2027-02-06,2027-02-14,2026-08-14 22:43:35
2026-08-15,CNY-2027-after,CTS,175,17181,CX,CX586,0,CTS,2027-02-06 12:25,2027-02-06 17:50,265,,nonstop,0,2027-02-06,2027-02-14,2026-08-14 22:43:35
2026-08-15,CNY-2027-after,CTS,175,8437,KE,KE2006>KE769,1,CTS,2027-02-06 18:10,2027-02-07 15:40,1230,ICN,any,0,2027-02-06,2027-02-14,2026-08-14 22:43:35
2026-08-15,CNY-2027-after,CTS,175,9201,JL,JL26>JL501,1,CTS,2027-02-06 15:35,2027-02-07 08:00,925,HND,any,0,2027-02-06,2027-02-14,2026-08-14 22:43:35
2026-08-15,CNY-2027-after,CTS,175,10659,NH,NH812>NH77,1,CTS,2027-02-06 10:00,2027-02-06 20:30,570,NRT,any,0,2027-02-06,2027-02-14,2026-08-14 22:43:35
2026-08-15,CNY-2027-after,CTS,175,10979,NH,NH814>NH987,1,CTS,2027-02-06 00:05,2027-02-06 07:50,405,HND,any,1,2027-02-06,2027-02-14,2026-08-14 22:43:35
2026-08-15,CNY-2027-after,CTS,175,15015,CX,CX580,0,CTS,2027-02-06 09:10,2027-02-06 14:50,280,,any,1,2027-02-06,2027-02-14,2026-08-14 22:43:35
2026-08-15,CNY-2027-after,CTS,175,15015,CX,CX584,0,CTS,2027-02-06 10:25,2027-02-06 15:55,270,,any,0,2027-02-06,2027-02-14,2026-08-14 22:43:35
2026-08-15,CNY-2027-after,CTS,175,15015,CX,CX586,0,CTS,2027-02-06 12:25,2027-02-06 17:50,265,,any,0,2027-02-06,2027-02-14,2026-08-14 22:43:35
2026-08-15,CNY-2027-after,CTS,175,15351,HB,HB880,0,CTS,2027-02-06 09:15,2027-02-06 15:00,285,,any,1,2027-02-06,2027-02-14,2026-08-14 22:43:35
2026-08-15,CNY-2027-after,HKD,175,9165,NH,NH860>NH553,1,HKD,2027-02-06 14:20,2027-02-07 11:00,1180,HND,any,1,2027-02-06,2027-02-14,2026-08-14 22:43:35
2026-08-15,CNY-2027-after,HKD,175,9207,JL,JL26>JL585,1,HKD,2027-02-06 15:35,2027-02-07 08:55,980,HND,any,1,2027-02-06,2027-02-14,2026-08-14 22:43:35
2026-08-15,CNY-2027-after,HKD,175,10666,NH,NH814>NH553,1,HKD,2027-02-06 00:05,2027-02-06 11:00,595,HND,any,1,2027-02-06,2027-02-14,2026-08-14 22:43:35
2026-08-15,CNY-2027-after,HKD,175,10666,NH,NH812>NH559,1,HKD,2027-02-06 10:00,2027-02-06 19:45,525,NRT,any,1,2027-02-06,2027-02-14,2026-08-14 22:43:35
2026-08-15,CNY-2027-after,HKD,175,12778,CX+JL,CX524>JL587,1,HKD,2027-02-06 01:25,2027-02-06 14:10,705,NRT,any,0,2027-02-06,2027-02-14,2026-08-14 22:43:35
2026-08-15,CNY-2027-after,HKD,175,12778,CX+JL,CX524>JL589,1,HKD,2027-02-06 01:25,2027-02-06 18:45,980,NRT,any,0,2027-02-06,2027-02-14,2026-08-14 22:43:35
2026-08-15,CNY-2027-after,HKD,175,13692,CX+JL,CX566>JL2123,1,HKD,2027-02-06 01:50,2027-02-06 13:15,625,KIX,any,0,2027-02-06,2027-02-14,2026-08-14 22:43:35
2026-08-15,CNY-2027-after,HKD,175,14395,CX+NH,CX584>NH4857,1,HKD,2027-02-06 10:25,2027-02-06 18:35,430,CTS,any,0,2027-02-06,2027-02-14,2026-08-14 22:43:35
2026-08-16,XMAS-2026,TYO,126,4409,UO,UO652,0,NRT,2026-12-20 14:55,2026-12-20 20:00,245,,nonstop,1,2026-12-20,2027-01-03,2026-08-15 22:41:51
2026-08-16,XMAS-2026,TYO,126,4609,UO,UO650,0,NRT,2026-12-20 14:00,2026-12-20 19:05,245,,nonstop,0,2026-12-20,2027-01-03,2026-08-15 22:41:51
2026-08-16,XMAS-2026,TYO,126,4729,UO,UO628,0,HND,2026-12-20 19:55,2026-12-21 00:45,230,,nonstop,0,2026-12-20,2027-01-03,2026-08-15 22:41:51
2026-08-16,XMAS-2026,TYO,126,4879,UO,UO646,0,NRT,2026-12-20 13:00,2026-12-20 18:05,245,,nonstop,0,2026-12-20,2027-01-03,2026-08-15 22:41:51
2026-08-16,XMAS-2026,TYO,126,5179,UO,UO622,0,HND,2026-12-20 17:55,2026-12-20 22:45,230,,nonstop,0,2026-12-20,2027-01-03,2026-08-15 22:41:51
2026-08-16,XMAS-2026,TYO,126,5179,UO,UO624,0,HND,2026-12-20 23:55,2026-12-21 04:45,230,,nonstop,0,2026-12-20,2027-01-03,2026-08-15 22:41:51
2026-08-16,XMAS-2026,TYO,126,5229,UO,UO854,0,NRT,2026-12-20 02:00,2026-12-20 07:05,245,,nonstop,0,2026-12-20,2027-01-03,2026-08-15 22:41:51
2026-08-16,XMAS-2026,TYO,126,5629,UO,UO870,0,NRT,2026-12-20 10:50,2026-12-20 15:55,245,,nonstop,0,2026-12-20,2027-01-03,2026-08-15 22:41:51
2026-08-16,XMAS-2026,TYO,126,6079,UO,UO848,0,NRT,2026-12-20 09:20,2026-12-20 14:25,245,,nonstop,0,2026-12-20,2027-01-03,2026-08-15 22:41:51
2026-08-16,XMAS-2026,TYO,126,7048,CX,CX526,0,NRT,2026-12-20 08:15,2026-12-20 13:10,235,,nonstop,1,2026-12-20,2027-01-03,2026-08-15 22:41:51
2026-08-16,XMAS-2026,TYO,126,7048,CX,CX524,0,NRT,2026-12-20 01:25,2026-12-20 06:30,245,,nonstop,0,2026-12-20,2027-01-03,2026-08-15 22:41:51
2026-08-16,XMAS-2026,TYO,126,7048,CX,CX504,0,NRT,2026-12-20 09:05,2026-12-20 14:10,245,,nonstop,0,2026-12-20,2027-01-03,2026-08-15 22:41:51
2026-08-16,XMAS-2026,TYO,126,7048,CX,CX520,0,NRT,2026-12-20 10:30,2026-12-20 15:35,245,,nonstop,0,2026-12-20,2027-01-03,2026-08-15 22:41:51
2026-08-16,XMAS-2026,TYO,126,7048,CX,CX500,0,NRT,2026-12-20 15:25,2026-12-20 20:20,235,,nonstop,0,2026-12-20,2027-01-03,2026-08-15 22:41:51
2026-08-16,XMAS-2026,TYO,126,7145,NH,NH814,0,HND,2026-12-20 00:05,2026-12-20 04:55,230,,nonstop,1,2026-12-20,2027-01-03,2026-08-15 22:41:51
2026-08-16,XMAS-2026,TYO,126,7145,NH,NH860,0,HND,2026-12-20 14:20,2026-12-20 19:15,235,,nonstop,0,2026-12-20,2027-01-03,2026-08-15 22:41:51
2026-08-16,XMAS-2026,TYO,126,7438,HB,HB320,0,NRT,2026-12-20 09:05,2026-12-20 14:10,245,,nonstop,0,2026-12-20,2027-01-03,2026-08-15 22:41:51
2026-08-16,XMAS-2026,TYO,126,8259,CX,CX542,0,HND,2026-12-20 16:30,2026-12-20 21:15,225,,nonstop,0,2026-12-20,2027-01-03,2026-08-15 22:41:51
2026-08-16,XMAS-2026,TYO,126,8719,CX,CX548,0,HND,2026-12-20 08:55,2026-12-20 13:45,230,,nonstop,0,2026-12-20,2027-01-03,2026-08-15 22:41:51
2026-08-16,XMAS-2026,TYO,126,10758,JL,JL736,0,NRT,2026-12-20 10:20,2026-12-20 15:20,240,,nonstop,0,2026-12-20,2027-01-03,2026-08-15 22:41:51
2026-08-16,XMAS-2026,TYO,126,11129,JL,JL26,0,HND,2026-12-20 15:35,2026-12-20 20:25,230,,nonstop,0,2026-12-20,2027-01-03,2026-08-15 22:41:51
2026-08-16,XMAS-2026,TYO,126,11306,NH,NH812,0,NRT,2026-12-20 10:00,2026-12-20 15:10,250,,nonstop,0,2026-12-20,2027-01-03,2026-08-15 22:41:51
2026-08-16,XMAS-2026,SDJ,126,5499,UO,UO890,0,SDJ,2026-12-20 09:00,2026-12-20 14:05,245,,nonstop,0,2026-12-20,2027-01-03,2026-08-15 22:41:51
2026-08-16,XMAS-2026,CTS,126,8271,HB,HB2886,0,CTS,2026-12-20 01:15,2026-12-20 07:00,285,,nonstop,1,2026-12-20,2027-01-03,2026-08-15 22:41:51
2026-08-16,XMAS-2026,CTS,126,8671,HB,HB880,0,CTS,2026-12-20 09:15,2026-12-20 15:00,285,,nonstop,1,2026-12-20,2027-01-03,2026-08-15 22:41:51
2026-08-16,XMAS-2026,CTS,126,16661,CX,CX580,0,CTS,2026-12-20 09:10,2026-12-20 14:50,280,,nonstop,0,2026-12-20,2027-01-03,2026-08-15 22:41:51
2026-08-16,XMAS-2026,CTS,126,16661,CX,CX584,0,CTS,2026-12-20 10:25,2026-12-20 15:55,270,,nonstop,0,2026-12-20,2027-01-03,2026-08-15 22:41:51
2026-08-16,XMAS-2026,CTS,126,16661,CX,CX586,0,CTS,2026-12-20 12:25,2026-12-20 17:50,265,,nonstop,0,2026-12-20,2027-01-03,2026-08-15 22:41:51
2026-08-16,XMAS-2026,CTS,126,8271,HB,HB2886,0,CTS,2026-12-20 01:15,2026-12-20 07:00,285,,any,1,2026-12-20,2027-01-03,2026-08-15 22:41:51
2026-08-16,XMAS-2026,CTS,126,8671,HB,HB880,0,CTS,2026-12-20 09:15,2026-12-20 15:00,285,,any,1,2026-12-20,2027-01-03,2026-08-15 22:41:51
2026-08-16,XMAS-2026,CTS,126,8687,KE,KE2012>KE769,1,CTS,2026-12-20 00:55,2026-12-20 15:40,825,ICN,any,0,2026-12-20,2027-01-03,2026-08-15 22:41:51
2026-08-16,XMAS-2026,CTS,126,9279,NH,NH860>NH51,1,CTS,2026-12-20 14:20,2026-12-21 08:30,1030,HND,any,0,2026-12-20,2027-01-03,2026-08-15 22:41:51
2026-08-16,XMAS-2026,CTS,126,10929,NH,NH812>NH77,1,CTS,2026-12-20 10:00,2026-12-20 20:30,570,NRT,any,0,2026-12-20,2027-01-03,2026-08-15 22:41:51
2026-08-16,XMAS-2026,CTS,126,15015,CX,CX580,0,CTS,2026-12-20 09:10,2026-12-20 14:50,280,,any,1,2026-12-20,2027-01-03,2026-08-15 22:41:51
2026-08-16,XMAS-2026,CTS,126,15015,CX,CX584,0,CTS,2026-12-20 10:25,2026-12-20 15:55,270,,any,0,2026-12-20,2027-01-03,2026-08-15 22:41:51
2026-08-16,XMAS-2026,CTS,126,15015,CX,CX586,0,CTS,2026-12-20 12:25,2026-12-20 17:50,265,,any,0,2026-12-20,2027-01-03,2026-08-15 22:41:51
2026-08-16,CNY-2027-before,TYO,167,3139,UO,UO624,0,HND,2027-01-30 23:55,2027-01-31 04:45,230,,nonstop,0,2027-01-30,2027-02-07,2026-08-15 22:41:51
2026-08-16,CNY-2027-before,TYO,167,3249,UO,UO646,0,NRT,2027-01-30 13:00,2027-01-30 18:05,245,,nonstop,0,2027-01-30,2027-02-07,2026-08-15 22:41:51
2026-08-16,CNY-2027-before,TYO,167,3249,UO,UO650,0,NRT,2027-01-30 14:00,2027-01-30 19:05,245,,nonstop,0,2027-01-30,2027-02-07,2026-08-15 22:41:51
2026-08-16,CNY-2027-before,TYO,167,3249,UO,UO652,0,NRT,2027-01-30 14:55,2027-01-30 20:00,245,,nonstop,0,2027-01-30,2027-02-07,2026-08-15 22:41:51
2026-08-16,CNY-2027-before,TYO,167,3449,UO,UO848,0,NRT,2027-01-30 09:20,2027-01-30 14:25,245,,nonstop,1,2027-01-30,2027-02-07,2026-08-15 22:41:51
2026-08-16,CNY-2027-before,TYO,167,3449,UO,UO854,0,NRT,2027-01-30 02:00,2027-01-30 07:05,245,,nonstop,0,2027-01-30,2027-02-07,2026-08-15 22:41:51
2026-08-16,CNY-2027-before,TYO,167,3519,UO,UO622,0,HND,2027-01-30 17:55,2027-01-30 22:45,230,,nonstop,0,2027-01-30,2027-02-07,2026-08-15 22:41:51
2026-08-16,CNY-2027-before,TYO,167,3519,UO,UO628,0,HND,2027-01-30 19:55,2027-01-31 00:45,230,,nonstop,0,2027-01-30,2027-02-07,2026-08-15 22:41:51
2026-08-16,CNY-2027-before,TYO,167,3899,UO,UO870,0,NRT,2027-01-30 10:50,2027-01-30 15:55,245,,nonstop,0,2027-01-30,2027-02-07,2026-08-15 22:41:51
2026-08-16,CNY-2027-before,TYO,167,4798,HB,HB320,0,NRT,2027-01-30 09:05,2027-01-30 14:10,245,,nonstop,1,2027-01-30,2027-02-07,2026-08-15 22:41:51
2026-08-16,CNY-2027-before,TYO,167,5195,NH,NH860,0,HND,2027-01-30 14:20,2027-01-30 19:15,235,,nonstop,0,2027-01-30,2027-02-07,2026-08-15 22:41:51
2026-08-16,CNY-2027-before,TYO,167,5206,NH,NH812,0,NRT,2027-01-30 10:00,2027-01-30 15:10,250,,nonstop,1,2027-01-30,2027-02-07,2026-08-15 22:41:51
2026-08-16,CNY-2027-before,TYO,167,6108,JL,JL736,0,NRT,2027-01-30 10:20,2027-01-30 15:20,240,,nonstop,0,2027-01-30,2027-02-07,2026-08-15 22:41:51
2026-08-16,CNY-2027-before,TYO,167,7647,JL,JL26,0,HND,2027-01-30 15:35,2027-01-30 20:25,230,,nonstop,0,2027-01-30,2027-02-07,2026-08-15 22:41:51
2026-08-16,CNY-2027-before,TYO,167,8245,NH,NH814,0,HND,2027-01-30 00:05,2027-01-30 04:55,230,,nonstop,0,2027-01-30,2027-02-07,2026-08-15 22:41:51
2026-08-16,CNY-2027-before,TYO,167,8748,CX,CX524,0,NRT,2027-01-30 01:25,2027-01-30 06:30,245,,nonstop,0,2027-01-30,2027-02-07,2026-08-15 22:41:51
2026-08-16,CNY-2027-before,TYO,167,8748,CX,CX504,0,NRT,2027-01-30 09:05,2027-01-30 14:10,245,,nonstop,0,2027-01-30,2027-02-07,2026-08-15 22:41:51
2026-08-16,CNY-2027-before,TYO,167,8748,CX,CX520,0,NRT,2027-01-30 10:30,2027-01-30 15:35,245,,nonstop,0,2027-01-30,2027-02-07,2026-08-15 22:41:51
2026-08-16,CNY-2027-before,TYO,167,8748,CX,CX500,0,NRT,2027-01-30 15:25,2027-01-30 20:20,235,,nonstop,0,2027-01-30,2027-02-07,2026-08-15 22:41:51
2026-08-16,CNY-2027-before,TYO,167,9489,CX,CX542,0,HND,2027-01-30 16:30,2027-01-30 21:15,225,,nonstop,0,2027-01-30,2027-02-07,2026-08-15 22:41:51
2026-08-16,CNY-2027-before,TYO,167,10758,CX,CX526,0,NRT,2027-01-30 08:15,2027-01-30 13:10,235,,nonstop,0,2027-01-30,2027-02-07,2026-08-15 22:41:51
2026-08-16,CNY-2027-before,TYO,167,11129,CX,CX548,0,HND,2027-01-30 08:55,2027-01-30 13:45,230,,nonstop,0,2027-01-30,2027-02-07,2026-08-15 22:41:51
2026-08-16,CNY-2027-before,SDJ,167,3519,UO,UO890,0,SDJ,2027-01-30 09:00,2027-01-30 14:05,245,,nonstop,0,2027-01-30,2027-02-07,2026-08-15 22:41:51
2026-08-16,CNY-2027-before,CTS,167,5811,HB,HB880,0,CTS,2027-01-30 09:15,2027-01-30 15:00,285,,nonstop,1,2027-01-30,2027-02-07,2026-08-15 22:41:51
2026-08-16,CNY-2027-before,CTS,167,17181,CX,CX580,0,CTS,2027-01-30 09:10,2027-01-30 14:50,280,,nonstop,0,2027-01-30,2027-02-07,2026-08-15 22:41:51
2026-08-16,CNY-2027-before,CTS,167,17181,CX,CX584,0,CTS,2027-01-30 10:25,2027-01-30 15:55,270,,nonstop,0,2027-01-30,2027-02-07,2026-08-15 22:41:51
2026-08-16,CNY-2027-before,CTS,167,17181,CX,CX586,0,CTS,2027-01-30 12:25,2027-01-30 17:50,265,,nonstop,0,2027-01-30,2027-02-07,2026-08-15 22:41:51
2026-08-16,CNY-2027-before,CTS,167,5740,NH,NH814>NH57,1,CTS,2027-01-30 00:05,2027-01-30 11:05,600,HND,any,0,2027-01-30,2027-02-07,2026-08-15 22:41:51
2026-08-16,CNY-2027-before,CTS,167,5811,HB,HB880,0,CTS,2027-01-30 09:15,2027-01-30 15:00,285,,any,1,2027-01-30,2027-02-07,2026-08-15 22:41:51
2026-08-16,CNY-2027-before,CTS,167,6179,NH,NH814>NH987,1,CTS,2027-01-30 00:05,2027-01-30 07:50,405,HND,any,1,2027-01-30,2027-02-07,2026-08-15 22:41:51
2026-08-16,CNY-2027-before,CTS,167,6179,NH,NH812>NH77,1,CTS,2027-01-30 10:00,2027-01-30 20:30,570,NRT,any,0,2027-01-30,2027-02-07,2026-08-15 22:41:51
2026-08-16,CNY-2027-before,CTS,167,6779,NH,NH812>NH2155,1,CTS,2027-01-30 10:00,2027-01-30 19:35,515,NRT,any,0,2027-01-30,2027-02-07,2026-08-15 22:41:51
2026-08-16,CNY-2027-before,CTS,167,6987,KE,KE2012>KE765,1,CTS,2027-01-30 00:55,2027-01-30 12:50,655,ICN,any,1,2027-01-30,2027-02-07,2026-08-15 22:41:51
2026-08-16,CNY-2027-before,CTS,167,15015,CX,CX580,0,CTS,2027-01-30 09:10,2027-01-30 14:50,280,,any,0,2027-01-30,2027-02-07,2026-08-15 22:41:51
2026-08-16,CNY-2027-before,CTS,167,15015,CX,CX584,0,CTS,2027-01-30 10:25,2027-01-30 15:55,270,,any,0,2027-01-30,2027-02-07,2026-08-15 22:41:51
2026-08-16,CNY-2027-before,CTS,167,15015,CX,CX586,0,CTS,2027-01-30 12:25,2027-01-30 17:50,265,,any,0,2027-01-30,2027-02-07,2026-08-15 22:41:51
2026-08-16,CNY-2027-before,HKD,167,5285,NH,NH812>NH559,1,HKD,2027-01-30 10:00,2027-01-30 19:45,525,NRT,any,1,2027-01-30,2027-02-07,2026-08-15 22:41:51
2026-08-16,CNY-2027-before,HKD,167,5285,NH,NH860>NH553,1,HKD,2027-01-30 14:20,2027-01-31 11:00,1180,HND,any,1,2027-01-30,2027-02-07,2026-08-15 22:41:51
2026-08-16,CNY-2027-before,HKD,167,7998,JL,JL736>JL585,1,HKD,2027-01-30 10:20,2027-01-31 08:55,1295,NRT,any,0,2027-01-30,2027-02-07,2026-08-15 22:41:51
2026-08-16,CNY-2027-before,HKD,167,8335,NH,NH814>NH553,1,HKD,2027-01-30 00:05,2027-01-30 11:00,595,HND,any,1,2027-01-30,2027-02-07,2026-08-15 22:41:51
2026-08-16,CNY-2027-before,HKD,167,9067,JL,JL26>JL585,1,HKD,2027-01-30 15:35,2027-01-31 08:55,980,HND,any,0,2027-01-30,2027-02-07,2026-08-15 22:41:51
2026-08-16,CNY-2027-before,HKD,167,9355,CX+JL,CX586>JL2741,1,HKD,2027-01-30 12:25,2027-01-31 08:15,1130,CTS,any,0,2027-01-30,2027-02-07,2026-08-15 22:41:51
2026-08-16,CNY-2027-before,HKD,167,12434,CX+NH,CX584>NH4857,1,HKD,2027-01-30 10:25,2027-01-30 18:35,430,CTS,any,0,2027-01-30,2027-02-07,2026-08-15 22:41:51
2026-08-16,CNY-2027-before,HKD,167,13232,CX+JL,CX566>JL2123,1,HKD,2027-01-30 01:50,2027-01-30 13:15,625,KIX,any,0,2027-01-30,2027-02-07,2026-08-15 22:41:51
2026-08-16,CNY-2027-after,TYO,174,4779,UO,UO650,0,NRT,2027-02-06 14:00,2027-02-06 19:05,245,,nonstop,1,2027-02-06,2027-02-14,2026-08-15 22:41:51
2026-08-16,CNY-2027-after,TYO,174,4929,UO,UO628,0,HND,2027-02-06 19:55,2027-02-07 00:45,230,,nonstop,1,2027-02-06,2027-02-14,2026-08-15 22:41:51
2026-08-16,CNY-2027-after,TYO,174,4949,UO,UO624,0,HND,2027-02-06 23:55,2027-02-07 04:45,230,,nonstop,1,2027-02-06,2027-02-14,2026-08-15 22:41:51
2026-08-16,CNY-2027-after,TYO,174,5179,UO,UO646,0,NRT,2027-02-06 13:00,2027-02-06 18:05,245,,nonstop,1,2027-02-06,2027-02-14,2026-08-15 22:41:51
2026-08-16,CNY-2027-after,TYO,174,5179,UO,UO652,0,NRT,2027-02-06 14:55,2027-02-06 20:00,245,,nonstop,0,2027-02-06,2027-02-14,2026-08-15 22:41:51
2026-08-16,CNY-2027-after,TYO,174,5629,UO,UO854,0,NRT,2027-02-06 02:00,2027-02-06 07:05,245,,nonstop,0,2027-02-06,2027-02-14,2026-08-15 22:41:51
2026-08-16,CNY-2027-after,TYO,174,5779,UO,UO622,0,HND,2027-02-06 17:55,2027-02-06 22:45,230,,nonstop,0,2027-02-06,2027-02-14,2026-08-15 22:41:51
2026-08-16,CNY-2027-after,TYO,174,6179,UO,UO848,0,NRT,2027-02-06 09:20,2027-02-06 14:25,245,,nonstop,0,2027-02-06,2027-02-14,2026-08-15 22:41:51
2026-08-16,CNY-2027-after,TYO,174,6179,UO,UO870,0,NRT,2027-02-06 10:50,2027-02-06 15:55,245,,nonstop,0,2027-02-06,2027-02-14,2026-08-15 22:41:51
2026-08-16,CNY-2027-after,TYO,174,8677,JL,JL26,0,HND,2027-02-06 15:35,2027-02-06 20:25,230,,nonstop,0,2027-02-06,2027-02-14,2026-08-15 22:41:51
2026-08-16,CNY-2027-after,TYO,174,8775,NH,NH860,0,HND,2027-02-06 14:20,2027-02-06 19:15,235,,nonstop,0,2027-02-06,2027-02-14,2026-08-15 22:41:51
2026-08-16,CNY-2027-after,TYO,174,9545,NH,NH814,0,HND,2027-02-06 00:05,2027-02-06 04:55,230,,nonstop,0,2027-02-06,2027-02-14,2026-08-15 22:41:51
2026-08-16,CNY-2027-after,TYO,174,9678,JL,JL736,0,NRT,2027-02-06 10:20,2027-02-06 15:20,240,,nonstop,0,2027-02-06,2027-02-14,2026-08-15 22:41:51
2026-08-16,CNY-2027-after,TYO,174,9968,HB,HB320,0,NRT,2027-02-06 09:05,2027-02-06 14:10,245,,nonstop,0,2027-02-06,2027-02-14,2026-08-15 22:41:51
2026-08-16,CNY-2027-after,TYO,174,10286,NH,NH812,0,NRT,2027-02-06 10:00,2027-02-06 15:10,250,,nonstop,0,2027-02-06,2027-02-14,2026-08-15 22:41:51
2026-08-16,CNY-2027-after,TYO,174,10438,CX,CX524,0,NRT,2027-02-06 01:25,2027-02-06 06:30,245,,nonstop,0,2027-02-06,2027-02-14,2026-08-15 22:41:51
2026-08-16,CNY-2027-after,TYO,174,10438,CX,CX504,0,NRT,2027-02-06 09:05,2027-02-06 14:10,245,,nonstop,0,2027-02-06,2027-02-14,2026-08-15 22:41:51
2026-08-16,CNY-2027-after,TYO,174,10438,CX,CX520,0,NRT,2027-02-06 10:30,2027-02-06 15:35,245,,nonstop,0,2027-02-06,2027-02-14,2026-08-15 22:41:51
2026-08-16,CNY-2027-after,TYO,174,10438,CX,CX500,0,NRT,2027-02-06 15:25,2027-02-06 20:20,235,,nonstop,0,2027-02-06,2027-02-14,2026-08-15 22:41:51
2026-08-16,CNY-2027-after,TYO,174,11189,CX,CX542,0,HND,2027-02-06 16:30,2027-02-06 21:15,225,,nonstop,0,2027-02-06,2027-02-14,2026-08-15 22:41:51
2026-08-16,CNY-2027-after,TYO,174,12448,CX,CX526,0,NRT,2027-02-06 08:15,2027-02-06 13:10,235,,nonstop,0,2027-02-06,2027-02-14,2026-08-15 22:41:51
2026-08-16,CNY-2027-after,TYO,174,12829,CX,CX548,0,HND,2027-02-06 08:55,2027-02-06 13:45,230,,nonstop,0,2027-02-06,2027-02-14,2026-08-15 22:41:51
2026-08-16,CNY-2027-after,SDJ,174,8499,UO,UO890,0,SDJ,2027-02-06 09:00,2027-02-06 14:05,245,,nonstop,0,2027-02-06,2027-02-14,2026-08-15 22:41:51
2026-08-16,CNY-2027-after,SDJ,174,10455,HB,HB360,0,SDJ,2027-02-06 09:55,2027-02-06 15:20,265,,nonstop,0,2027-02-06,2027-02-14,2026-08-15 22:41:51
2026-08-16,CNY-2027-after,CTS,174,15351,HB,HB880,0,CTS,2027-02-06 09:15,2027-02-06 15:00,285,,nonstop,1,2027-02-06,2027-02-14,2026-08-15 22:41:51
2026-08-16,CNY-2027-after,CTS,174,17181,CX,CX580,0,CTS,2027-02-06 09:10,2027-02-06 14:50,280,,nonstop,1,2027-02-06,2027-02-14,2026-08-15 22:41:51
2026-08-16,CNY-2027-after,CTS,174,17181,CX,CX584,0,CTS,2027-02-06 10:25,2027-02-06 15:55,270,,nonstop,0,2027-02-06,2027-02-14,2026-08-15 22:41:51
2026-08-16,CNY-2027-after,CTS,174,17181,CX,CX586,0,CTS,2027-02-06 12:25,2027-02-06 17:50,265,,nonstop,0,2027-02-06,2027-02-14,2026-08-15 22:41:51
2026-08-16,CNY-2027-after,CTS,174,8437,KE,KE2006>KE769,1,CTS,2027-02-06 18:10,2027-02-07 15:40,1230,ICN,any,0,2027-02-06,2027-02-14,2026-08-15 22:41:51
2026-08-16,CNY-2027-after,CTS,174,8731,JL,JL26>JL501,1,CTS,2027-02-06 15:35,2027-02-07 08:00,925,HND,any,0,2027-02-06,2027-02-14,2026-08-15 22:41:51
2026-08-16,CNY-2027-after,CTS,174,9201,JL,JL736>JL527,1,CTS,2027-02-06 10:20,2027-02-06 20:05,525,NRT,any,0,2027-02-06,2027-02-14,2026-08-15 22:41:51
2026-08-16,CNY-2027-after,CTS,174,10659,NH,NH812>NH77,1,CTS,2027-02-06 10:00,2027-02-06 20:30,570,NRT,any,0,2027-02-06,2027-02-14,2026-08-15 22:41:51
2026-08-16,CNY-2027-after,CTS,174,11379,NH,NH814>NH987,1,CTS,2027-02-06 00:05,2027-02-06 07:50,405,HND,any,1,2027-02-06,2027-02-14,2026-08-15 22:41:51
2026-08-16,CNY-2027-after,CTS,174,15015,CX,CX580,0,CTS,2027-02-06 09:10,2027-02-06 14:50,280,,any,1,2027-02-06,2027-02-14,2026-08-15 22:41:51
2026-08-16,CNY-2027-after,CTS,174,15015,CX,CX584,0,CTS,2027-02-06 10:25,2027-02-06 15:55,270,,any,0,2027-02-06,2027-02-14,2026-08-15 22:41:51
2026-08-16,CNY-2027-after,CTS,174,15015,CX,CX586,0,CTS,2027-02-06 12:25,2027-02-06 17:50,265,,any,0,2027-02-06,2027-02-14,2026-08-15 22:41:51
2026-08-16,CNY-2027-after,CTS,174,15351,HB,HB880,0,CTS,2027-02-06 09:15,2027-02-06 15:00,285,,any,1,2027-02-06,2027-02-14,2026-08-15 22:41:51
2026-08-16,CNY-2027-after,HKD,174,9165,NH,NH860>NH553,1,HKD,2027-02-06 14:20,2027-02-07 11:00,1180,HND,any,0,2027-02-06,2027-02-14,2026-08-15 22:41:51
2026-08-16,CNY-2027-after,HKD,174,9207,JL,JL26>JL585,1,HKD,2027-02-06 15:35,2027-02-07 08:55,980,HND,any,1,2027-02-06,2027-02-14,2026-08-15 22:41:51
2026-08-16,CNY-2027-after,HKD,174,10666,NH,NH814>NH553,1,HKD,2027-02-06 00:05,2027-02-06 11:00,595,HND,any,1,2027-02-06,2027-02-14,2026-08-15 22:41:51
2026-08-16,CNY-2027-after,HKD,174,10666,NH,NH812>NH559,1,HKD,2027-02-06 10:00,2027-02-06 19:45,525,NRT,any,1,2027-02-06,2027-02-14,2026-08-15 22:41:51
2026-08-16,CNY-2027-after,HKD,174,12778,CX+JL,CX524>JL587,1,HKD,2027-02-06 01:25,2027-02-06 14:10,705,NRT,any,0,2027-02-06,2027-02-14,2026-08-15 22:41:51
2026-08-16,CNY-2027-after,HKD,174,12778,CX+JL,CX524>JL589,1,HKD,2027-02-06 01:25,2027-02-06 18:45,980,NRT,any,0,2027-02-06,2027-02-14,2026-08-15 22:41:51
2026-08-16,CNY-2027-after,HKD,174,13692,CX+JL,CX566>JL2123,1,HKD,2027-02-06 01:50,2027-02-06 13:15,625,KIX,any,0,2027-02-06,2027-02-14,2026-08-15 22:41:51
2026-08-16,CNY-2027-after,HKD,174,14395,CX+NH,CX584>NH4857,1,HKD,2027-02-06 10:25,2027-02-06 18:35,430,CTS,any,0,2027-02-06,2027-02-14,2026-08-15 22:41:51
2026-08-17,XMAS-2026,TYO,125,4409,UO,UO652,0,NRT,2026-12-20 14:55,2026-12-20 20:00,245,,nonstop,1,2026-12-20,2027-01-03,2026-08-16 22:41:23
2026-08-17,XMAS-2026,TYO,125,4609,UO,UO650,0,NRT,2026-12-20 14:00,2026-12-20 19:05,245,,nonstop,1,2026-12-20,2027-01-03,2026-08-16 22:41:23
2026-08-17,XMAS-2026,TYO,125,4729,UO,UO628,0,HND,2026-12-20 19:55,2026-12-21 00:45,230,,nonstop,0,2026-12-20,2027-01-03,2026-08-16 22:41:23
2026-08-17,XMAS-2026,TYO,125,4879,UO,UO646,0,NRT,2026-12-20 13:00,2026-12-20 18:05,245,,nonstop,0,2026-12-20,2027-01-03,2026-08-16 22:41:23
2026-08-17,XMAS-2026,TYO,125,5179,UO,UO622,0,HND,2026-12-20 17:55,2026-12-20 22:45,230,,nonstop,0,2026-12-20,2027-01-03,2026-08-16 22:41:23
2026-08-17,XMAS-2026,TYO,125,5179,UO,UO624,0,HND,2026-12-20 23:55,2026-12-21 04:45,230,,nonstop,0,2026-12-20,2027-01-03,2026-08-16 22:41:23
2026-08-17,XMAS-2026,TYO,125,5229,UO,UO854,0,NRT,2026-12-20 02:00,2026-12-20 07:05,245,,nonstop,0,2026-12-20,2027-01-03,2026-08-16 22:41:23
2026-08-17,XMAS-2026,TYO,125,5629,UO,UO870,0,NRT,2026-12-20 10:50,2026-12-20 15:55,245,,nonstop,0,2026-12-20,2027-01-03,2026-08-16 22:41:23
2026-08-17,XMAS-2026,TYO,125,6079,UO,UO848,0,NRT,2026-12-20 09:20,2026-12-20 14:25,245,,nonstop,0,2026-12-20,2027-01-03,2026-08-16 22:41:23
2026-08-17,XMAS-2026,TYO,125,7048,CX,CX504,0,NRT,2026-12-20 09:05,2026-12-20 14:10,245,,nonstop,1,2026-12-20,2027-01-03,2026-08-16 22:41:23
2026-08-17,XMAS-2026,TYO,125,7048,CX,CX524,0,NRT,2026-12-20 01:25,2026-12-20 06:30,245,,nonstop,0,2026-12-20,2027-01-03,2026-08-16 22:41:23
2026-08-17,XMAS-2026,TYO,125,7048,CX,CX520,0,NRT,2026-12-20 10:30,2026-12-20 15:35,245,,nonstop,0,2026-12-20,2027-01-03,2026-08-16 22:41:23
2026-08-17,XMAS-2026,TYO,125,7048,CX,CX500,0,NRT,2026-12-20 15:25,2026-12-20 20:20,235,,nonstop,0,2026-12-20,2027-01-03,2026-08-16 22:41:23
2026-08-17,XMAS-2026,TYO,125,7145,NH,NH814,0,HND,2026-12-20 00:05,2026-12-20 04:55,230,,nonstop,0,2026-12-20,2027-01-03,2026-08-16 22:41:23
2026-08-17,XMAS-2026,TYO,125,7145,NH,NH860,0,HND,2026-12-20 14:20,2026-12-20 19:15,235,,nonstop,0,2026-12-20,2027-01-03,2026-08-16 22:41:23
2026-08-17,XMAS-2026,TYO,125,7438,HB,HB320,0,NRT,2026-12-20 09:05,2026-12-20 14:10,245,,nonstop,0,2026-12-20,2027-01-03,2026-08-16 22:41:23
2026-08-17,XMAS-2026,TYO,125,7508,CX,CX526,0,NRT,2026-12-20 08:15,2026-12-20 13:10,235,,nonstop,0,2026-12-20,2027-01-03,2026-08-16 22:41:23
2026-08-17,XMAS-2026,TYO,125,8259,CX,CX542,0,HND,2026-12-20 16:30,2026-12-20 21:15,225,,nonstop,0,2026-12-20,2027-01-03,2026-08-16 22:41:23
2026-08-17,XMAS-2026,TYO,125,8719,CX,CX548,0,HND,2026-12-20 08:55,2026-12-20 13:45,230,,nonstop,0,2026-12-20,2027-01-03,2026-08-16 22:41:23
2026-08-17,XMAS-2026,TYO,125,10758,JL,JL736,0,NRT,2026-12-20 10:20,2026-12-20 15:20,240,,nonstop,0,2026-12-20,2027-01-03,2026-08-16 22:41:23
2026-08-17,XMAS-2026,TYO,125,11129,JL,JL26,0,HND,2026-12-20 15:35,2026-12-20 20:25,230,,nonstop,0,2026-12-20,2027-01-03,2026-08-16 22:41:23
2026-08-17,XMAS-2026,TYO,125,11306,NH,NH812,0,NRT,2026-12-20 10:00,2026-12-20 15:10,250,,nonstop,0,2026-12-20,2027-01-03,2026-08-16 22:41:23
2026-08-17,XMAS-2026,SDJ,125,5499,UO,UO890,0,SDJ,2026-12-20 09:00,2026-12-20 14:05,245,,nonstop,0,2026-12-20,2027-01-03,2026-08-16 22:41:23
2026-08-17,XMAS-2026,CTS,125,8271,HB,HB2886,0,CTS,2026-12-20 01:15,2026-12-20 07:00,285,,nonstop,1,2026-12-20,2027-01-03,2026-08-16 22:41:23
2026-08-17,XMAS-2026,CTS,125,8671,HB,HB880,0,CTS,2026-12-20 09:15,2026-12-20 15:00,285,,nonstop,1,2026-12-20,2027-01-03,2026-08-16 22:41:23
2026-08-17,XMAS-2026,CTS,125,16658,CX,CX580,0,CTS,2026-12-20 09:10,2026-12-20 14:50,280,,nonstop,0,2026-12-20,2027-01-03,2026-08-16 22:41:23
2026-08-17,XMAS-2026,CTS,125,16658,CX,CX584,0,CTS,2026-12-20 10:25,2026-12-20 15:55,270,,nonstop,0,2026-12-20,2027-01-03,2026-08-16 22:41:23
2026-08-17,XMAS-2026,CTS,125,16658,CX,CX586,0,CTS,2026-12-20 12:25,2026-12-20 17:50,265,,nonstop,0,2026-12-20,2027-01-03,2026-08-16 22:41:23
2026-08-17,XMAS-2026,CTS,125,8271,HB,HB2886,0,CTS,2026-12-20 01:15,2026-12-20 07:00,285,,any,1,2026-12-20,2027-01-03,2026-08-16 22:41:23
2026-08-17,XMAS-2026,CTS,125,8671,HB,HB880,0,CTS,2026-12-20 09:15,2026-12-20 15:00,285,,any,1,2026-12-20,2027-01-03,2026-08-16 22:41:23
2026-08-17,XMAS-2026,CTS,125,8687,KE,KE2012>KE769,1,CTS,2026-12-20 00:55,2026-12-20 15:40,825,ICN,any,0,2026-12-20,2027-01-03,2026-08-16 22:41:23
2026-08-17,XMAS-2026,CTS,125,8779,NH,NH814>NH741>NH4874,2,CTS,2026-12-20 00:05,2026-12-20 15:25,860,HND-KUH,any,0,2026-12-20,2027-01-03,2026-08-16 22:41:23
2026-08-17,XMAS-2026,CTS,125,9279,NH,NH860>NH51,1,CTS,2026-12-20 14:20,2026-12-21 08:30,1030,HND,any,0,2026-12-20,2027-01-03,2026-08-16 22:41:23
2026-08-17,XMAS-2026,CTS,125,10929,NH,NH812>NH77,1,CTS,2026-12-20 10:00,2026-12-20 20:30,570,NRT,any,0,2026-12-20,2027-01-03,2026-08-16 22:41:23
2026-08-17,XMAS-2026,CTS,125,15015,CX,CX580,0,CTS,2026-12-20 09:10,2026-12-20 14:50,280,,any,1,2026-12-20,2027-01-03,2026-08-16 22:41:23
2026-08-17,XMAS-2026,CTS,125,15015,CX,CX584,0,CTS,2026-12-20 10:25,2026-12-20 15:55,270,,any,0,2026-12-20,2027-01-03,2026-08-16 22:41:23
2026-08-17,XMAS-2026,CTS,125,15015,CX,CX586,0,CTS,2026-12-20 12:25,2026-12-20 17:50,265,,any,0,2026-12-20,2027-01-03,2026-08-16 22:41:23
2026-08-17,CNY-2027-before,TYO,166,3139,UO,UO624,0,HND,2027-01-30 23:55,2027-01-31 04:45,230,,nonstop,1,2027-01-30,2027-02-07,2026-08-16 22:41:23
2026-08-17,CNY-2027-before,TYO,166,3249,UO,UO646,0,NRT,2027-01-30 13:00,2027-01-30 18:05,245,,nonstop,0,2027-01-30,2027-02-07,2026-08-16 22:41:23
2026-08-17,CNY-2027-before,TYO,166,3249,UO,UO650,0,NRT,2027-01-30 14:00,2027-01-30 19:05,245,,nonstop,0,2027-01-30,2027-02-07,2026-08-16 22:41:23
2026-08-17,CNY-2027-before,TYO,166,3249,UO,UO652,0,NRT,2027-01-30 14:55,2027-01-30 20:00,245,,nonstop,0,2027-01-30,2027-02-07,2026-08-16 22:41:23
2026-08-17,CNY-2027-before,TYO,166,3449,UO,UO854,0,NRT,2027-01-30 02:00,2027-01-30 07:05,245,,nonstop,0,2027-01-30,2027-02-07,2026-08-16 22:41:23
2026-08-17,CNY-2027-before,TYO,166,3449,UO,UO848,0,NRT,2027-01-30 09:20,2027-01-30 14:25,245,,nonstop,0,2027-01-30,2027-02-07,2026-08-16 22:41:23
2026-08-17,CNY-2027-before,TYO,166,3519,UO,UO622,0,HND,2027-01-30 17:55,2027-01-30 22:45,230,,nonstop,0,2027-01-30,2027-02-07,2026-08-16 22:41:23
2026-08-17,CNY-2027-before,TYO,166,3519,UO,UO628,0,HND,2027-01-30 19:55,2027-01-31 00:45,230,,nonstop,0,2027-01-30,2027-02-07,2026-08-16 22:41:23
2026-08-17,CNY-2027-before,TYO,166,3899,UO,UO870,0,NRT,2027-01-30 10:50,2027-01-30 15:55,245,,nonstop,0,2027-01-30,2027-02-07,2026-08-16 22:41:23
2026-08-17,CNY-2027-before,TYO,166,4798,HB,HB320,0,NRT,2027-01-30 09:05,2027-01-30 14:10,245,,nonstop,1,2027-01-30,2027-02-07,2026-08-16 22:41:23
2026-08-17,CNY-2027-before,TYO,166,5195,NH,NH814,0,HND,2027-01-30 00:05,2027-01-30 04:55,230,,nonstop,1,2027-01-30,2027-02-07,2026-08-16 22:41:23
2026-08-17,CNY-2027-before,TYO,166,5656,NH,NH812,0,NRT,2027-01-30 10:00,2027-01-30 15:10,250,,nonstop,0,2027-01-30,2027-02-07,2026-08-16 22:41:23
2026-08-17,CNY-2027-before,TYO,166,6108,JL,JL736,0,NRT,2027-01-30 10:20,2027-01-30 15:20,240,,nonstop,0,2027-01-30,2027-02-07,2026-08-16 22:41:23
2026-08-17,CNY-2027-before,TYO,166,7647,JL,JL26,0,HND,2027-01-30 15:35,2027-01-30 20:25,230,,nonstop,0,2027-01-30,2027-02-07,2026-08-16 22:41:23
2026-08-17,CNY-2027-before,TYO,166,8245,NH,NH860,0,HND,2027-01-30 14:20,2027-01-30 19:15,235,,nonstop,0,2027-01-30,2027-02-07,2026-08-16 22:41:23
2026-08-17,CNY-2027-before,TYO,166,8748,CX,CX524,0,NRT,2027-01-30 01:25,2027-01-30 06:30,245,,nonstop,0,2027-01-30,2027-02-07,2026-08-16 22:41:23
2026-08-17,CNY-2027-before,TYO,166,8748,CX,CX504,0,NRT,2027-01-30 09:05,2027-01-30 14:10,245,,nonstop,0,2027-01-30,2027-02-07,2026-08-16 22:41:23
2026-08-17,CNY-2027-before,TYO,166,8748,CX,CX520,0,NRT,2027-01-30 10:30,2027-01-30 15:35,245,,nonstop,0,2027-01-30,2027-02-07,2026-08-16 22:41:23
2026-08-17,CNY-2027-before,TYO,166,8748,CX,CX500,0,NRT,2027-01-30 15:25,2027-01-30 20:20,235,,nonstop,0,2027-01-30,2027-02-07,2026-08-16 22:41:23
2026-08-17,CNY-2027-before,TYO,166,9489,CX,CX542,0,HND,2027-01-30 16:30,2027-01-30 21:15,225,,nonstop,0,2027-01-30,2027-02-07,2026-08-16 22:41:23
2026-08-17,CNY-2027-before,TYO,166,10758,CX,CX526,0,NRT,2027-01-30 08:15,2027-01-30 13:10,235,,nonstop,0,2027-01-30,2027-02-07,2026-08-16 22:41:23
2026-08-17,CNY-2027-before,TYO,166,11129,CX,CX548,0,HND,2027-01-30 08:55,2027-01-30 13:45,230,,nonstop,0,2027-01-30,2027-02-07,2026-08-16 22:41:23
2026-08-17,CNY-2027-before,SDJ,166,3519,UO,UO890,0,SDJ,2027-01-30 09:00,2027-01-30 14:05,245,,nonstop,0,2027-01-30,2027-02-07,2026-08-16 22:41:23
2026-08-17,CNY-2027-before,CTS,166,5811,HB,HB880,0,CTS,2027-01-30 09:15,2027-01-30 15:00,285,,nonstop,1,2027-01-30,2027-02-07,2026-08-16 22:41:23
2026-08-17,CNY-2027-before,CTS,166,17181,CX,CX580,0,CTS,2027-01-30 09:10,2027-01-30 14:50,280,,nonstop,0,2027-01-30,2027-02-07,2026-08-16 22:41:23
2026-08-17,CNY-2027-before,CTS,166,17181,CX,CX584,0,CTS,2027-01-30 10:25,2027-01-30 15:55,270,,nonstop,0,2027-01-30,2027-02-07,2026-08-16 22:41:23
2026-08-17,CNY-2027-before,CTS,166,17181,CX,CX586,0,CTS,2027-01-30 12:25,2027-01-30 17:50,265,,nonstop,0,2027-01-30,2027-02-07,2026-08-16 22:41:23
2026-08-17,CNY-2027-before,CTS,166,5279,NH,NH814>NH741>NH4874,2,CTS,2027-01-30 00:05,2027-01-30 15:25,860,HND-KUH,any,0,2027-01-30,2027-02-07,2026-08-16 22:41:23
2026-08-17,CNY-2027-before,CTS,166,5279,NH,NH814>NH81,1,CTS,2027-01-30 00:05,2027-01-30 22:05,1260,HND,any,0,2027-01-30,2027-02-07,2026-08-16 22:41:23
2026-08-17,CNY-2027-before,CTS,166,5729,NH,NH814>NH63,1,CTS,2027-01-30 00:05,2027-01-30 13:35,750,HND,any,0,2027-01-30,2027-02-07,2026-08-16 22:41:23
2026-08-17,CNY-2027-before,CTS,166,5729,NH,NH812>NH77,1,CTS,2027-01-30 10:00,2027-01-30 20:30,570,NRT,any,0,2027-01-30,2027-02-07,2026-08-16 22:41:23
2026-08-17,CNY-2027-before,CTS,166,5729,NH,NH860>NH987,1,CTS,2027-01-30 14:20,2027-01-31 07:50,990,HND,any,0,2027-01-30,2027-02-07,2026-08-16 22:41:23
2026-08-17,CNY-2027-before,CTS,166,5811,HB,HB880,0,CTS,2027-01-30 09:15,2027-01-30 15:00,285,,any,1,2027-01-30,2027-02-07,2026-08-16 22:41:23
2026-08-17,CNY-2027-before,CTS,166,6179,NH,NH814>NH987,1,CTS,2027-01-30 00:05,2027-01-30 07:50,405,HND,any,1,2027-01-30,2027-02-07,2026-08-16 22:41:23
2026-08-17,CNY-2027-before,CTS,166,6779,NH,NH812>NH2155,1,CTS,2027-01-30 10:00,2027-01-30 19:35,515,NRT,any,0,2027-01-30,2027-02-07,2026-08-16 22:41:23
2026-08-17,CNY-2027-before,CTS,166,6987,KE,KE2012>KE769,1,CTS,2027-01-30 00:55,2027-01-30 15:40,825,ICN,any,0,2027-01-30,2027-02-07,2026-08-16 22:41:23
2026-08-17,CNY-2027-before,CTS,166,7337,KE,KE2012>KE765,1,CTS,2027-01-30 00:55,2027-01-30 12:50,655,ICN,any,0,2027-01-30,2027-02-07,2026-08-16 22:41:23
2026-08-17,CNY-2027-before,CTS,166,17151,CX,CX580,0,CTS,2027-01-30 09:10,2027-01-30 14:50,280,,any,0,2027-01-30,2027-02-07,2026-08-16 22:41:23
2026-08-17,CNY-2027-before,CTS,166,17151,CX,CX584,0,CTS,2027-01-30 10:25,2027-01-30 15:55,270,,any,0,2027-01-30,2027-02-07,2026-08-16 22:41:23
2026-08-17,CNY-2027-before,CTS,166,17151,CX,CX586,0,CTS,2027-01-30 12:25,2027-01-30 17:50,265,,any,0,2027-01-30,2027-02-07,2026-08-16 22:41:23
2026-08-17,CNY-2027-before,HKD,166,5285,NH,NH812>NH559,1,HKD,2027-01-30 10:00,2027-01-30 19:45,525,NRT,any,1,2027-01-30,2027-02-07,2026-08-16 22:41:23
2026-08-17,CNY-2027-before,HKD,166,5285,NH,NH860>NH553,1,HKD,2027-01-30 14:20,2027-01-31 11:00,1180,HND,any,1,2027-01-30,2027-02-07,2026-08-16 22:41:23
2026-08-17,CNY-2027-before,HKD,166,7998,JL,JL736>JL585,1,HKD,2027-01-30 10:20,2027-01-31 08:55,1295,NRT,any,0,2027-01-30,2027-02-07,2026-08-16 22:41:23
2026-08-17,CNY-2027-before,HKD,166,8335,NH,NH814>NH553,1,HKD,2027-01-30 00:05,2027-01-30 11:00,595,HND,any,0,2027-01-30,2027-02-07,2026-08-16 22:41:23
2026-08-17,CNY-2027-before,HKD,166,9067,JL,JL26>JL585,1,HKD,2027-01-30 15:35,2027-01-31 08:55,980,HND,any,0,2027-01-30,2027-02-07,2026-08-16 22:41:23
2026-08-17,CNY-2027-before,HKD,166,9355,CX+JL,CX586>JL2741,1,HKD,2027-01-30 12:25,2027-01-31 08:15,1130,CTS,any,0,2027-01-30,2027-02-07,2026-08-16 22:41:23
2026-08-17,CNY-2027-before,HKD,166,10818,CX+JL,CX524>JL587,1,HKD,2027-01-30 01:25,2027-01-30 14:10,705,NRT,any,0,2027-01-30,2027-02-07,2026-08-16 22:41:23
2026-08-17,CNY-2027-before,HKD,166,12434,CX+NH,CX584>NH4857,1,HKD,2027-01-30 10:25,2027-01-30 18:35,430,CTS,any,0,2027-01-30,2027-02-07,2026-08-16 22:41:23
2026-08-17,CNY-2027-before,HKD,166,13232,CX+JL,CX566>JL2123,1,HKD,2027-01-30 01:50,2027-01-30 13:15,625,KIX,any,0,2027-01-30,2027-02-07,2026-08-16 22:41:23
2026-08-17,CNY-2027-after,TYO,173,4929,UO,UO628,0,HND,2027-02-06 19:55,2027-02-07 00:45,230,,nonstop,1,2027-02-06,2027-02-14,2026-08-16 22:41:23
2026-08-17,CNY-2027-after,TYO,173,4949,UO,UO624,0,HND,2027-02-06 23:55,2027-02-07 04:45,230,,nonstop,1,2027-02-06,2027-02-14,2026-08-16 22:41:23
2026-08-17,CNY-2027-after,TYO,173,5179,UO,UO646,0,NRT,2027-02-06 13:00,2027-02-06 18:05,245,,nonstop,1,2027-02-06,2027-02-14,2026-08-16 22:41:23
2026-08-17,CNY-2027-after,TYO,173,5179,UO,UO650,0,NRT,2027-02-06 14:00,2027-02-06 19:05,245,,nonstop,1,2027-02-06,2027-02-14,2026-08-16 22:41:23
2026-08-17,CNY-2027-after,TYO,173,5179,UO,UO652,0,NRT,2027-02-06 14:55,2027-02-06 20:00,245,,nonstop,0,2027-02-06,2027-02-14,2026-08-16 22:41:23
2026-08-17,CNY-2027-after,TYO,173,5629,UO,UO854,0,NRT,2027-02-06 02:00,2027-02-06 07:05,245,,nonstop,0,2027-02-06,2027-02-14,2026-08-16 22:41:23
2026-08-17,CNY-2027-after,TYO,173,5779,UO,UO622,0,HND,2027-02-06 17:55,2027-02-06 22:45,230,,nonstop,0,2027-02-06,2027-02-14,2026-08-16 22:41:23
2026-08-17,CNY-2027-after,TYO,173,6179,UO,UO848,0,NRT,2027-02-06 09:20,2027-02-06 14:25,245,,nonstop,0,2027-02-06,2027-02-14,2026-08-16 22:41:23
2026-08-17,CNY-2027-after,TYO,173,6179,UO,UO870,0,NRT,2027-02-06 10:50,2027-02-06 15:55,245,,nonstop,0,2027-02-06,2027-02-14,2026-08-16 22:41:23
2026-08-17,CNY-2027-after,TYO,173,8677,JL,JL26,0,HND,2027-02-06 15:35,2027-02-06 20:25,230,,nonstop,0,2027-02-06,2027-02-14,2026-08-16 22:41:23
2026-08-17,CNY-2027-after,TYO,173,8775,NH,NH860,0,HND,2027-02-06 14:20,2027-02-06 19:15,235,,nonstop,0,2027-02-06,2027-02-14,2026-08-16 22:41:23
2026-08-17,CNY-2027-after,TYO,173,9545,NH,NH814,0,HND,2027-02-06 00:05,2027-02-06 04:55,230,,nonstop,0,2027-02-06,2027-02-14,2026-08-16 22:41:23
2026-08-17,CNY-2027-after,TYO,173,9678,JL,JL736,0,NRT,2027-02-06 10:20,2027-02-06 15:20,240,,nonstop,0,2027-02-06,2027-02-14,2026-08-16 22:41:23
2026-08-17,CNY-2027-after,TYO,173,9968,HB,HB320,0,NRT,2027-02-06 09:05,2027-02-06 14:10,245,,nonstop,0,2027-02-06,2027-02-14,2026-08-16 22:41:23
2026-08-17,CNY-2027-after,TYO,173,10286,NH,NH812,0,NRT,2027-02-06 10:00,2027-02-06 15:10,250,,nonstop,0,2027-02-06,2027-02-14,2026-08-16 22:41:23
2026-08-17,CNY-2027-after,TYO,173,10438,CX,CX524,0,NRT,2027-02-06 01:25,2027-02-06 06:30,245,,nonstop,0,2027-02-06,2027-02-14,2026-08-16 22:41:23
2026-08-17,CNY-2027-after,TYO,173,10438,CX,CX504,0,NRT,2027-02-06 09:05,2027-02-06 14:10,245,,nonstop,0,2027-02-06,2027-02-14,2026-08-16 22:41:23
2026-08-17,CNY-2027-after,TYO,173,10438,CX,CX520,0,NRT,2027-02-06 10:30,2027-02-06 15:35,245,,nonstop,0,2027-02-06,2027-02-14,2026-08-16 22:41:23
2026-08-17,CNY-2027-after,TYO,173,10438,CX,CX500,0,NRT,2027-02-06 15:25,2027-02-06 20:20,235,,nonstop,0,2027-02-06,2027-02-14,2026-08-16 22:41:23
2026-08-17,CNY-2027-after,TYO,173,11189,CX,CX542,0,HND,2027-02-06 16:30,2027-02-06 21:15,225,,nonstop,0,2027-02-06,2027-02-14,2026-08-16 22:41:23
2026-08-17,CNY-2027-after,TYO,173,12448,CX,CX526,0,NRT,2027-02-06 08:15,2027-02-06 13:10,235,,nonstop,0,2027-02-06,2027-02-14,2026-08-16 22:41:23
2026-08-17,CNY-2027-after,TYO,173,12829,CX,CX548,0,HND,2027-02-06 08:55,2027-02-06 13:45,230,,nonstop,0,2027-02-06,2027-02-14,2026-08-16 22:41:23
2026-08-17,CNY-2027-after,SDJ,173,8499,UO,UO890,0,SDJ,2027-02-06 09:00,2027-02-06 14:05,245,,nonstop,0,2027-02-06,2027-02-14,2026-08-16 22:41:23
2026-08-17,CNY-2027-after,SDJ,173,10455,HB,HB360,0,SDJ,2027-02-06 09:55,2027-02-06 15:20,265,,nonstop,0,2027-02-06,2027-02-14,2026-08-16 22:41:23
2026-08-17,CNY-2027-after,CTS,173,15351,HB,HB880,0,CTS,2027-02-06 09:15,2027-02-06 15:00,285,,nonstop,1,2027-02-06,2027-02-14,2026-08-16 22:41:23
2026-08-17,CNY-2027-after,CTS,173,17181,CX,CX580,0,CTS,2027-02-06 09:10,2027-02-06 14:50,280,,nonstop,1,2027-02-06,2027-02-14,2026-08-16 22:41:23
2026-08-17,CNY-2027-after,CTS,173,17181,CX,CX584,0,CTS,2027-02-06 10:25,2027-02-06 15:55,270,,nonstop,0,2027-02-06,2027-02-14,2026-08-16 22:41:23
2026-08-17,CNY-2027-after,CTS,173,17181,CX,CX586,0,CTS,2027-02-06 12:25,2027-02-06 17:50,265,,nonstop,0,2027-02-06,2027-02-14,2026-08-16 22:41:23
2026-08-17,CNY-2027-after,CTS,173,8731,JL,JL26>JL501,1,CTS,2027-02-06 15:35,2027-02-07 08:00,925,HND,any,0,2027-02-06,2027-02-14,2026-08-16 22:41:23
2026-08-17,CNY-2027-after,CTS,173,8937,KE,KE2006>KE769,1,CTS,2027-02-06 18:10,2027-02-07 15:40,1230,ICN,any,0,2027-02-06,2027-02-14,2026-08-16 22:41:23
2026-08-17,CNY-2027-after,CTS,173,9159,NH,NH860>NH55,1,CTS,2027-02-06 14:20,2027-02-07 10:35,1155,HND,any,0,2027-02-06,2027-02-14,2026-08-16 22:41:23
2026-08-17,CNY-2027-after,CTS,173,9929,NH,NH812>NH77,1,CTS,2027-02-06 10:00,2027-02-06 20:30,570,NRT,any,0,2027-02-06,2027-02-14,2026-08-16 22:41:23
2026-08-17,CNY-2027-after,CTS,173,10659,NH,NH814>NH987,1,CTS,2027-02-06 00:05,2027-02-06 07:50,405,HND,any,1,2027-02-06,2027-02-14,2026-08-16 22:41:23
2026-08-17,CNY-2027-after,CTS,173,15015,CX,CX580,0,CTS,2027-02-06 09:10,2027-02-06 14:50,280,,any,1,2027-02-06,2027-02-14,2026-08-16 22:41:23
2026-08-17,CNY-2027-after,CTS,173,15015,CX,CX584,0,CTS,2027-02-06 10:25,2027-02-06 15:55,270,,any,0,2027-02-06,2027-02-14,2026-08-16 22:41:23
2026-08-17,CNY-2027-after,CTS,173,15015,CX,CX586,0,CTS,2027-02-06 12:25,2027-02-06 17:50,265,,any,0,2027-02-06,2027-02-14,2026-08-16 22:41:23
2026-08-17,CNY-2027-after,CTS,173,15351,HB,HB880,0,CTS,2027-02-06 09:15,2027-02-06 15:00,285,,any,1,2027-02-06,2027-02-14,2026-08-16 22:41:23
2026-08-17,CNY-2027-after,HKD,173,9165,NH,NH860>NH553,1,HKD,2027-02-06 14:20,2027-02-07 11:00,1180,HND,any,1,2027-02-06,2027-02-14,2026-08-16 22:41:23
2026-08-17,CNY-2027-after,HKD,173,9207,JL,JL26>JL585,1,HKD,2027-02-06 15:35,2027-02-07 08:55,980,HND,any,1,2027-02-06,2027-02-14,2026-08-16 22:41:23
2026-08-17,CNY-2027-after,HKD,173,9635,NH,NH812>NH559,1,HKD,2027-02-06 10:00,2027-02-06 19:45,525,NRT,any,1,2027-02-06,2027-02-14,2026-08-16 22:41:23
2026-08-17,CNY-2027-after,HKD,173,9935,NH,NH814>NH553,1,HKD,2027-02-06 00:05,2027-02-06 11:00,595,HND,any,1,2027-02-06,2027-02-14,2026-08-16 22:41:23
2026-08-17,CNY-2027-after,HKD,173,12788,CX+JL,CX524>JL587,1,HKD,2027-02-06 01:25,2027-02-06 14:10,705,NRT,any,0,2027-02-06,2027-02-14,2026-08-16 22:41:23
2026-08-17,CNY-2027-after,HKD,173,12788,CX+JL,CX524>JL589,1,HKD,2027-02-06 01:25,2027-02-06 18:45,980,NRT,any,0,2027-02-06,2027-02-14,2026-08-16 22:41:23
2026-08-17,CNY-2027-after,HKD,173,13691,CX+JL,CX566>JL2123,1,HKD,2027-02-06 01:50,2027-02-06 13:15,625,KIX,any,0,2027-02-06,2027-02-14,2026-08-16 22:41:23
2026-08-17,CNY-2027-after,HKD,173,14404,CX+NH,CX584>NH4857,1,HKD,2027-02-06 10:25,2027-02-06 18:35,430,CTS,any,0,2027-02-06,2027-02-14,2026-08-16 22:41:23
2026-08-18,XMAS-2026,TYO,124,4409,UO,UO652,0,NRT,2026-12-20 14:55,2026-12-20 20:00,245,,nonstop,1,2026-12-20,2027-01-03,2026-08-17 22:44:43
2026-08-18,XMAS-2026,TYO,124,4609,UO,UO650,0,NRT,2026-12-20 14:00,2026-12-20 19:05,245,,nonstop,1,2026-12-20,2027-01-03,2026-08-17 22:44:43
2026-08-18,XMAS-2026,TYO,124,4729,UO,UO628,0,HND,2026-12-20 19:55,2026-12-21 00:45,230,,nonstop,0,2026-12-20,2027-01-03,2026-08-17 22:44:43
2026-08-18,XMAS-2026,TYO,124,4879,UO,UO646,0,NRT,2026-12-20 13:00,2026-12-20 18:05,245,,nonstop,0,2026-12-20,2027-01-03,2026-08-17 22:44:43
2026-08-18,XMAS-2026,TYO,124,5179,UO,UO622,0,HND,2026-12-20 17:55,2026-12-20 22:45,230,,nonstop,0,2026-12-20,2027-01-03,2026-08-17 22:44:43
2026-08-18,XMAS-2026,TYO,124,5179,UO,UO624,0,HND,2026-12-20 23:55,2026-12-21 04:45,230,,nonstop,0,2026-12-20,2027-01-03,2026-08-17 22:44:43
2026-08-18,XMAS-2026,TYO,124,5229,UO,UO854,0,NRT,2026-12-20 02:00,2026-12-20 07:05,245,,nonstop,0,2026-12-20,2027-01-03,2026-08-17 22:44:43
2026-08-18,XMAS-2026,TYO,124,5629,UO,UO870,0,NRT,2026-12-20 10:50,2026-12-20 15:55,245,,nonstop,0,2026-12-20,2027-01-03,2026-08-17 22:44:43
2026-08-18,XMAS-2026,TYO,124,6079,UO,UO848,0,NRT,2026-12-20 09:20,2026-12-20 14:25,245,,nonstop,0,2026-12-20,2027-01-03,2026-08-17 22:44:43
2026-08-18,XMAS-2026,TYO,124,7048,CX,CX504,0,NRT,2026-12-20 09:05,2026-12-20 14:10,245,,nonstop,1,2026-12-20,2027-01-03,2026-08-17 22:44:43
2026-08-18,XMAS-2026,TYO,124,7048,CX,CX524,0,NRT,2026-12-20 01:25,2026-12-20 06:30,245,,nonstop,0,2026-12-20,2027-01-03,2026-08-17 22:44:43
2026-08-18,XMAS-2026,TYO,124,7048,CX,CX520,0,NRT,2026-12-20 10:30,2026-12-20 15:35,245,,nonstop,0,2026-12-20,2027-01-03,2026-08-17 22:44:43
2026-08-18,XMAS-2026,TYO,124,7048,CX,CX500,0,NRT,2026-12-20 15:25,2026-12-20 20:20,235,,nonstop,0,2026-12-20,2027-01-03,2026-08-17 22:44:43
2026-08-18,XMAS-2026,TYO,124,7145,NH,NH814,0,HND,2026-12-20 00:05,2026-12-20 04:55,230,,nonstop,0,2026-12-20,2027-01-03,2026-08-17 22:44:43
2026-08-18,XMAS-2026,TYO,124,7145,NH,NH860,0,HND,2026-12-20 14:20,2026-12-20 19:15,235,,nonstop,0,2026-12-20,2027-01-03,2026-08-17 22:44:43
2026-08-18,XMAS-2026,TYO,124,7438,HB,HB320,0,NRT,2026-12-20 09:05,2026-12-20 14:10,245,,nonstop,0,2026-12-20,2027-01-03,2026-08-17 22:44:43
2026-08-18,XMAS-2026,TYO,124,7508,CX,CX526,0,NRT,2026-12-20 08:15,2026-12-20 13:10,235,,nonstop,0,2026-12-20,2027-01-03,2026-08-17 22:44:43
2026-08-18,XMAS-2026,TYO,124,8259,CX,CX542,0,HND,2026-12-20 16:30,2026-12-20 21:15,225,,nonstop,0,2026-12-20,2027-01-03,2026-08-17 22:44:43
2026-08-18,XMAS-2026,TYO,124,8719,CX,CX548,0,HND,2026-12-20 08:55,2026-12-20 13:45,230,,nonstop,0,2026-12-20,2027-01-03,2026-08-17 22:44:43
2026-08-18,XMAS-2026,TYO,124,10758,JL,JL736,0,NRT,2026-12-20 10:20,2026-12-20 15:20,240,,nonstop,0,2026-12-20,2027-01-03,2026-08-17 22:44:43
2026-08-18,XMAS-2026,TYO,124,11129,JL,JL26,0,HND,2026-12-20 15:35,2026-12-20 20:25,230,,nonstop,0,2026-12-20,2027-01-03,2026-08-17 22:44:43
2026-08-18,XMAS-2026,TYO,124,11306,NH,NH812,0,NRT,2026-12-20 10:00,2026-12-20 15:10,250,,nonstop,0,2026-12-20,2027-01-03,2026-08-17 22:44:43
2026-08-18,XMAS-2026,SDJ,124,5499,UO,UO890,0,SDJ,2026-12-20 09:00,2026-12-20 14:05,245,,nonstop,0,2026-12-20,2027-01-03,2026-08-17 22:44:43
2026-08-18,XMAS-2026,CTS,124,8271,HB,HB2886,0,CTS,2026-12-20 01:15,2026-12-20 07:00,285,,nonstop,1,2026-12-20,2027-01-03,2026-08-17 22:44:43
2026-08-18,XMAS-2026,CTS,124,8671,HB,HB880,0,CTS,2026-12-20 09:15,2026-12-20 15:00,285,,nonstop,1,2026-12-20,2027-01-03,2026-08-17 22:44:43
2026-08-18,XMAS-2026,CTS,124,16651,CX,CX580,0,CTS,2026-12-20 09:10,2026-12-20 14:50,280,,nonstop,0,2026-12-20,2027-01-03,2026-08-17 22:44:43
2026-08-18,XMAS-2026,CTS,124,16651,CX,CX584,0,CTS,2026-12-20 10:25,2026-12-20 15:55,270,,nonstop,0,2026-12-20,2027-01-03,2026-08-17 22:44:43
2026-08-18,XMAS-2026,CTS,124,16651,CX,CX586,0,CTS,2026-12-20 12:25,2026-12-20 17:50,265,,nonstop,0,2026-12-20,2027-01-03,2026-08-17 22:44:43
2026-08-18,XMAS-2026,CTS,124,8271,HB,HB2886,0,CTS,2026-12-20 01:15,2026-12-20 07:00,285,,any,1,2026-12-20,2027-01-03,2026-08-17 22:44:43
2026-08-18,XMAS-2026,CTS,124,8671,HB,HB880,0,CTS,2026-12-20 09:15,2026-12-20 15:00,285,,any,1,2026-12-20,2027-01-03,2026-08-17 22:44:43
2026-08-18,XMAS-2026,CTS,124,8779,NH,NH814>NH753>NH1173,2,CTS,2026-12-20 00:05,2026-12-20 13:00,715,HND-KMQ,any,0,2026-12-20,2027-01-03,2026-08-17 22:44:43
2026-08-18,XMAS-2026,CTS,124,10137,KE,KE2012>KE769,1,CTS,2026-12-20 00:55,2026-12-20 15:40,825,ICN,any,0,2026-12-20,2027-01-03,2026-08-17 22:44:43
2026-08-18,XMAS-2026,CTS,124,10691,JL,JL736>JL527,1,CTS,2026-12-20 10:20,2026-12-20 20:05,525,NRT,any,0,2026-12-20,2027-01-03,2026-08-17 22:44:43
2026-08-18,XMAS-2026,CTS,124,10929,NH,NH812>NH77,1,CTS,2026-12-20 10:00,2026-12-20 20:30,570,NRT,any,0,2026-12-20,2027-01-03,2026-08-17 22:44:43
2026-08-18,XMAS-2026,CTS,124,15015,CX,CX580,0,CTS,2026-12-20 09:10,2026-12-20 14:50,280,,any,1,2026-12-20,2027-01-03,2026-08-17 22:44:43
2026-08-18,XMAS-2026,CTS,124,15015,CX,CX584,0,CTS,2026-12-20 10:25,2026-12-20 15:55,270,,any,0,2026-12-20,2027-01-03,2026-08-17 22:44:43
2026-08-18,XMAS-2026,CTS,124,15015,CX,CX586,0,CTS,2026-12-20 12:25,2026-12-20 17:50,265,,any,0,2026-12-20,2027-01-03,2026-08-17 22:44:43
2026-08-18,CNY-2027-before,TYO,165,3139,UO,UO624,0,HND,2027-01-30 23:55,2027-01-31 04:45,230,,nonstop,0,2027-01-30,2027-02-07,2026-08-17 22:44:43
2026-08-18,CNY-2027-before,TYO,165,3249,UO,UO646,0,NRT,2027-01-30 13:00,2027-01-30 18:05,245,,nonstop,0,2027-01-30,2027-02-07,2026-08-17 22:44:43
2026-08-18,CNY-2027-before,TYO,165,3249,UO,UO650,0,NRT,2027-01-30 14:00,2027-01-30 19:05,245,,nonstop,0,2027-01-30,2027-02-07,2026-08-17 22:44:43
2026-08-18,CNY-2027-before,TYO,165,3249,UO,UO652,0,NRT,2027-01-30 14:55,2027-01-30 20:00,245,,nonstop,0,2027-01-30,2027-02-07,2026-08-17 22:44:43
2026-08-18,CNY-2027-before,TYO,165,3449,UO,UO848,0,NRT,2027-01-30 09:20,2027-01-30 14:25,245,,nonstop,1,2027-01-30,2027-02-07,2026-08-17 22:44:43
2026-08-18,CNY-2027-before,TYO,165,3449,UO,UO854,0,NRT,2027-01-30 02:00,2027-01-30 07:05,245,,nonstop,0,2027-01-30,2027-02-07,2026-08-17 22:44:43
2026-08-18,CNY-2027-before,TYO,165,3519,UO,UO622,0,HND,2027-01-30 17:55,2027-01-30 22:45,230,,nonstop,0,2027-01-30,2027-02-07,2026-08-17 22:44:43
2026-08-18,CNY-2027-before,TYO,165,3519,UO,UO628,0,HND,2027-01-30 19:55,2027-01-31 00:45,230,,nonstop,0,2027-01-30,2027-02-07,2026-08-17 22:44:43
2026-08-18,CNY-2027-before,TYO,165,3899,UO,UO870,0,NRT,2027-01-30 10:50,2027-01-30 15:55,245,,nonstop,0,2027-01-30,2027-02-07,2026-08-17 22:44:43
2026-08-18,CNY-2027-before,TYO,165,4798,HB,HB320,0,NRT,2027-01-30 09:05,2027-01-30 14:10,245,,nonstop,1,2027-01-30,2027-02-07,2026-08-17 22:44:43
2026-08-18,CNY-2027-before,TYO,165,5195,NH,NH860,0,HND,2027-01-30 14:20,2027-01-30 19:15,235,,nonstop,0,2027-01-30,2027-02-07,2026-08-17 22:44:43
2026-08-18,CNY-2027-before,TYO,165,5206,NH,NH812,0,NRT,2027-01-30 10:00,2027-01-30 15:10,250,,nonstop,1,2027-01-30,2027-02-07,2026-08-17 22:44:43
2026-08-18,CNY-2027-before,TYO,165,6108,JL,JL736,0,NRT,2027-01-30 10:20,2027-01-30 15:20,240,,nonstop,0,2027-01-30,2027-02-07,2026-08-17 22:44:43
2026-08-18,CNY-2027-before,TYO,165,7647,JL,JL26,0,HND,2027-01-30 15:35,2027-01-30 20:25,230,,nonstop,0,2027-01-30,2027-02-07,2026-08-17 22:44:43
2026-08-18,CNY-2027-before,TYO,165,8245,NH,NH814,0,HND,2027-01-30 00:05,2027-01-30 04:55,230,,nonstop,0,2027-01-30,2027-02-07,2026-08-17 22:44:43
2026-08-18,CNY-2027-before,TYO,165,8748,CX,CX524,0,NRT,2027-01-30 01:25,2027-01-30 06:30,245,,nonstop,0,2027-01-30,2027-02-07,2026-08-17 22:44:43
2026-08-18,CNY-2027-before,TYO,165,8748,CX,CX504,0,NRT,2027-01-30 09:05,2027-01-30 14:10,245,,nonstop,0,2027-01-30,2027-02-07,2026-08-17 22:44:43
2026-08-18,CNY-2027-before,TYO,165,8748,CX,CX520,0,NRT,2027-01-30 10:30,2027-01-30 15:35,245,,nonstop,0,2027-01-30,2027-02-07,2026-08-17 22:44:43
2026-08-18,CNY-2027-before,TYO,165,8748,CX,CX500,0,NRT,2027-01-30 15:25,2027-01-30 20:20,235,,nonstop,0,2027-01-30,2027-02-07,2026-08-17 22:44:43
2026-08-18,CNY-2027-before,TYO,165,9489,CX,CX542,0,HND,2027-01-30 16:30,2027-01-30 21:15,225,,nonstop,0,2027-01-30,2027-02-07,2026-08-17 22:44:43
2026-08-18,CNY-2027-before,TYO,165,10758,CX,CX526,0,NRT,2027-01-30 08:15,2027-01-30 13:10,235,,nonstop,0,2027-01-30,2027-02-07,2026-08-17 22:44:43
2026-08-18,CNY-2027-before,TYO,165,11129,CX,CX548,0,HND,2027-01-30 08:55,2027-01-30 13:45,230,,nonstop,0,2027-01-30,2027-02-07,2026-08-17 22:44:43
2026-08-18,CNY-2027-before,SDJ,165,3519,UO,UO890,0,SDJ,2027-01-30 09:00,2027-01-30 14:05,245,,nonstop,0,2027-01-30,2027-02-07,2026-08-17 22:44:43
2026-08-18,CNY-2027-before,CTS,165,5811,HB,HB880,0,CTS,2027-01-30 09:15,2027-01-30 15:00,285,,nonstop,1,2027-01-30,2027-02-07,2026-08-17 22:44:43
2026-08-18,CNY-2027-before,CTS,165,17181,CX,CX580,0,CTS,2027-01-30 09:10,2027-01-30 14:50,280,,nonstop,0,2027-01-30,2027-02-07,2026-08-17 22:44:43
2026-08-18,CNY-2027-before,CTS,165,17181,CX,CX584,0,CTS,2027-01-30 10:25,2027-01-30 15:55,270,,nonstop,0,2027-01-30,2027-02-07,2026-08-17 22:44:43
2026-08-18,CNY-2027-before,CTS,165,17181,CX,CX586,0,CTS,2027-01-30 12:25,2027-01-30 17:50,265,,nonstop,0,2027-01-30,2027-02-07,2026-08-17 22:44:43
2026-08-18,CNY-2027-before,CTS,165,5279,NH,NH860>NH55,1,CTS,2027-01-30 14:20,2027-01-31 10:35,1155,HND,any,0,2027-01-30,2027-02-07,2026-08-17 22:44:43
2026-08-18,CNY-2027-before,CTS,165,5729,NH,NH814>NH67,1,CTS,2027-01-30 00:05,2027-01-30 15:35,870,HND,any,0,2027-01-30,2027-02-07,2026-08-17 22:44:43
2026-08-18,CNY-2027-before,CTS,165,5811,HB,HB880,0,CTS,2027-01-30 09:15,2027-01-30 15:00,285,,any,1,2027-01-30,2027-02-07,2026-08-17 22:44:43
2026-08-18,CNY-2027-before,CTS,165,6179,NH,NH812>NH77,1,CTS,2027-01-30 10:00,2027-01-30 20:30,570,NRT,any,0,2027-01-30,2027-02-07,2026-08-17 22:44:43
2026-08-18,CNY-2027-before,CTS,165,6637,KE,KE2012>KE769,1,CTS,2027-01-30 00:55,2027-01-30 15:40,825,ICN,any,0,2027-01-30,2027-02-07,2026-08-17 22:44:43
2026-08-18,CNY-2027-before,CTS,165,6987,KE,KE2012>KE765,1,CTS,2027-01-30 00:55,2027-01-30 12:50,655,ICN,any,1,2027-01-30,2027-02-07,2026-08-17 22:44:43
2026-08-18,CNY-2027-before,CTS,165,8329,NH,NH814>NH987,1,CTS,2027-01-30 00:05,2027-01-30 07:50,405,HND,any,1,2027-01-30,2027-02-07,2026-08-17 22:44:43
2026-08-18,CNY-2027-before,CTS,165,15015,CX,CX580,0,CTS,2027-01-30 09:10,2027-01-30 14:50,280,,any,0,2027-01-30,2027-02-07,2026-08-17 22:44:43
2026-08-18,CNY-2027-before,CTS,165,15015,CX,CX584,0,CTS,2027-01-30 10:25,2027-01-30 15:55,270,,any,0,2027-01-30,2027-02-07,2026-08-17 22:44:43
2026-08-18,CNY-2027-before,CTS,165,15015,CX,CX586,0,CTS,2027-01-30 12:25,2027-01-30 17:50,265,,any,0,2027-01-30,2027-02-07,2026-08-17 22:44:43
2026-08-18,CNY-2027-before,HKD,165,5285,NH,NH814>NH553,1,HKD,2027-01-30 00:05,2027-01-30 11:00,595,HND,any,1,2027-01-30,2027-02-07,2026-08-17 22:44:43
2026-08-18,CNY-2027-before,HKD,165,5285,NH,NH812>NH559,1,HKD,2027-01-30 10:00,2027-01-30 19:45,525,NRT,any,1,2027-01-30,2027-02-07,2026-08-17 22:44:43
2026-08-18,CNY-2027-before,HKD,165,5285,NH,NH860>NH553,1,HKD,2027-01-30 14:20,2027-01-31 11:00,1180,HND,any,1,2027-01-30,2027-02-07,2026-08-17 22:44:43
2026-08-18,CNY-2027-before,HKD,165,7998,JL,JL736>JL585,1,HKD,2027-01-30 10:20,2027-01-31 08:55,1295,NRT,any,0,2027-01-30,2027-02-07,2026-08-17 22:44:43
2026-08-18,CNY-2027-before,HKD,165,9078,JL,JL26>JL585,1,HKD,2027-01-30 15:35,2027-01-31 08:55,980,HND,any,0,2027-01-30,2027-02-07,2026-08-17 22:44:43
2026-08-18,CNY-2027-before,HKD,165,9355,CX+JL,CX586>JL2741,1,HKD,2027-01-30 12:25,2027-01-31 08:15,1130,CTS,any,0,2027-01-30,2027-02-07,2026-08-17 22:44:43
2026-08-18,CNY-2027-before,HKD,165,12434,CX+NH,CX584>NH4857,1,HKD,2027-01-30 10:25,2027-01-30 18:35,430,CTS,any,0,2027-01-30,2027-02-07,2026-08-17 22:44:43
2026-08-18,CNY-2027-before,HKD,165,13232,CX+JL,CX566>JL2123,1,HKD,2027-01-30 01:50,2027-01-30 13:15,625,KIX,any,0,2027-01-30,2027-02-07,2026-08-17 22:44:43
2026-08-18,CNY-2027-after,SDJ,172,8499,UO,UO890,0,SDJ,2027-02-06 09:00,2027-02-06 14:05,245,,nonstop,0,2027-02-06,2027-02-14,2026-08-17 22:44:43
2026-08-18,CNY-2027-after,SDJ,172,10446,HB,HB360,0,SDJ,2027-02-06 09:55,2027-02-06 15:20,265,,nonstop,0,2027-02-06,2027-02-14,2026-08-17 22:44:43
2026-08-18,CNY-2027-after,CTS,172,15351,HB,HB880,0,CTS,2027-02-06 09:15,2027-02-06 15:00,285,,nonstop,0,2027-02-06,2027-02-14,2026-08-17 22:44:43
2026-08-18,CNY-2027-after,CTS,172,17181,CX,CX580,0,CTS,2027-02-06 09:10,2027-02-06 14:50,280,,nonstop,1,2027-02-06,2027-02-14,2026-08-17 22:44:43
2026-08-18,CNY-2027-after,CTS,172,17181,CX,CX584,0,CTS,2027-02-06 10:25,2027-02-06 15:55,270,,nonstop,0,2027-02-06,2027-02-14,2026-08-17 22:44:43
2026-08-18,CNY-2027-after,CTS,172,17181,CX,CX586,0,CTS,2027-02-06 12:25,2027-02-06 17:50,265,,nonstop,0,2027-02-06,2027-02-14,2026-08-17 22:44:43
2026-08-18,CNY-2027-after,CTS,172,8731,JL,JL26>JL501,1,CTS,2027-02-06 15:35,2027-02-07 08:00,925,HND,any,0,2027-02-06,2027-02-14,2026-08-17 22:44:43
2026-08-18,CNY-2027-after,CTS,172,8937,KE,KE2006>KE769,1,CTS,2027-02-06 18:10,2027-02-07 15:40,1230,ICN,any,0,2027-02-06,2027-02-14,2026-08-17 22:44:43
2026-08-18,CNY-2027-after,CTS,172,10387,KE,KE2012>KE765,1,CTS,2027-02-06 00:55,2027-02-06 12:50,655,ICN,any,0,2027-02-06,2027-02-14,2026-08-17 22:44:43
2026-08-18,CNY-2027-after,CTS,172,10659,NH,NH812>NH77,1,CTS,2027-02-06 10:00,2027-02-06 20:30,570,NRT,any,0,2027-02-06,2027-02-14,2026-08-17 22:44:43
2026-08-18,CNY-2027-after,CTS,172,11379,NH,NH814>NH987,1,CTS,2027-02-06 00:05,2027-02-06 07:50,405,HND,any,1,2027-02-06,2027-02-14,2026-08-17 22:44:43
2026-08-18,CNY-2027-after,CTS,172,15015,CX,CX580,0,CTS,2027-02-06 09:10,2027-02-06 14:50,280,,any,1,2027-02-06,2027-02-14,2026-08-17 22:44:43
2026-08-18,CNY-2027-after,CTS,172,15015,CX,CX584,0,CTS,2027-02-06 10:25,2027-02-06 15:55,270,,any,0,2027-02-06,2027-02-14,2026-08-17 22:44:43
2026-08-18,CNY-2027-after,CTS,172,15015,CX,CX586,0,CTS,2027-02-06 12:25,2027-02-06 17:50,265,,any,0,2027-02-06,2027-02-14,2026-08-17 22:44:43
2026-08-18,CNY-2027-after,CTS,172,15351,HB,HB880,0,CTS,2027-02-06 09:15,2027-02-06 15:00,285,,any,1,2027-02-06,2027-02-14,2026-08-17 22:44:43
2026-08-18,CNY-2027-after,HKD,172,9165,NH,NH860>NH553,1,HKD,2027-02-06 14:20,2027-02-07 11:00,1180,HND,any,1,2027-02-06,2027-02-14,2026-08-17 22:44:43
2026-08-18,CNY-2027-after,HKD,172,9207,JL,JL26>JL585,1,HKD,2027-02-06 15:35,2027-02-07 08:55,980,HND,any,1,2027-02-06,2027-02-14,2026-08-17 22:44:43
2026-08-18,CNY-2027-after,HKD,172,9635,NH,NH812>NH559,1,HKD,2027-02-06 10:00,2027-02-06 19:45,525,NRT,any,1,2027-02-06,2027-02-14,2026-08-17 22:44:43
2026-08-18,CNY-2027-after,HKD,172,9935,NH,NH814>NH553,1,HKD,2027-02-06 00:05,2027-02-06 11:00,595,HND,any,1,2027-02-06,2027-02-14,2026-08-17 22:44:43
2026-08-18,CNY-2027-after,HKD,172,12788,CX+JL,CX524>JL587,1,HKD,2027-02-06 01:25,2027-02-06 14:10,705,NRT,any,0,2027-02-06,2027-02-14,2026-08-17 22:44:43
2026-08-18,CNY-2027-after,HKD,172,12788,CX+JL,CX524>JL589,1,HKD,2027-02-06 01:25,2027-02-06 18:45,980,NRT,any,0,2027-02-06,2027-02-14,2026-08-17 22:44:43
2026-08-18,CNY-2027-after,HKD,172,13691,CX+JL,CX566>JL2123,1,HKD,2027-02-06 01:50,2027-02-06 13:15,625,KIX,any,0,2027-02-06,2027-02-14,2026-08-17 22:44:43
2026-08-18,CNY-2027-after,HKD,172,14404,CX+NH,CX584>NH4857,1,HKD,2027-02-06 10:25,2027-02-06 18:35,430,CTS,any,0,2027-02-06,2027-02-14,2026-08-17 22:44:43
2026-08-18,XMAS-2026,TYO,124,4409,UO,UO652,0,NRT,2026-12-20 14:55,2026-12-20 20:00,245,,nonstop,1,2026-12-20,2027-01-03,2026-08-18 02:30:44
2026-08-18,XMAS-2026,TYO,124,4609,UO,UO650,0,NRT,2026-12-20 14:00,2026-12-20 19:05,245,,nonstop,1,2026-12-20,2027-01-03,2026-08-18 02:30:44
2026-08-18,XMAS-2026,TYO,124,4729,UO,UO628,0,HND,2026-12-20 19:55,2026-12-21 00:45,230,,nonstop,0,2026-12-20,2027-01-03,2026-08-18 02:30:44
2026-08-18,XMAS-2026,TYO,124,4879,UO,UO646,0,NRT,2026-12-20 13:00,2026-12-20 18:05,245,,nonstop,0,2026-12-20,2027-01-03,2026-08-18 02:30:44
2026-08-18,XMAS-2026,TYO,124,5179,UO,UO622,0,HND,2026-12-20 17:55,2026-12-20 22:45,230,,nonstop,0,2026-12-20,2027-01-03,2026-08-18 02:30:44
2026-08-18,XMAS-2026,TYO,124,5179,UO,UO624,0,HND,2026-12-20 23:55,2026-12-21 04:45,230,,nonstop,0,2026-12-20,2027-01-03,2026-08-18 02:30:44
2026-08-18,XMAS-2026,TYO,124,5229,UO,UO854,0,NRT,2026-12-20 02:00,2026-12-20 07:05,245,,nonstop,0,2026-12-20,2027-01-03,2026-08-18 02:30:44
2026-08-18,XMAS-2026,TYO,124,5629,UO,UO870,0,NRT,2026-12-20 10:50,2026-12-20 15:55,245,,nonstop,0,2026-12-20,2027-01-03,2026-08-18 02:30:44
2026-08-18,XMAS-2026,TYO,124,6079,UO,UO848,0,NRT,2026-12-20 09:20,2026-12-20 14:25,245,,nonstop,0,2026-12-20,2027-01-03,2026-08-18 02:30:44
2026-08-18,XMAS-2026,TYO,124,7048,CX,CX504,0,NRT,2026-12-20 09:05,2026-12-20 14:10,245,,nonstop,1,2026-12-20,2027-01-03,2026-08-18 02:30:44
2026-08-18,XMAS-2026,TYO,124,7048,CX,CX524,0,NRT,2026-12-20 01:25,2026-12-20 06:30,245,,nonstop,0,2026-12-20,2027-01-03,2026-08-18 02:30:44
2026-08-18,XMAS-2026,TYO,124,7048,CX,CX520,0,NRT,2026-12-20 10:30,2026-12-20 15:35,245,,nonstop,0,2026-12-20,2027-01-03,2026-08-18 02:30:44
2026-08-18,XMAS-2026,TYO,124,7048,CX,CX500,0,NRT,2026-12-20 15:25,2026-12-20 20:20,235,,nonstop,0,2026-12-20,2027-01-03,2026-08-18 02:30:44
2026-08-18,XMAS-2026,TYO,124,7145,NH,NH814,0,HND,2026-12-20 00:05,2026-12-20 04:55,230,,nonstop,0,2026-12-20,2027-01-03,2026-08-18 02:30:44
2026-08-18,XMAS-2026,TYO,124,7145,NH,NH860,0,HND,2026-12-20 14:20,2026-12-20 19:15,235,,nonstop,0,2026-12-20,2027-01-03,2026-08-18 02:30:44
2026-08-18,XMAS-2026,TYO,124,7438,HB,HB320,0,NRT,2026-12-20 09:05,2026-12-20 14:10,245,,nonstop,0,2026-12-20,2027-01-03,2026-08-18 02:30:44
2026-08-18,XMAS-2026,TYO,124,7508,CX,CX526,0,NRT,2026-12-20 08:15,2026-12-20 13:10,235,,nonstop,0,2026-12-20,2027-01-03,2026-08-18 02:30:44
2026-08-18,XMAS-2026,TYO,124,8259,CX,CX542,0,HND,2026-12-20 16:30,2026-12-20 21:15,225,,nonstop,0,2026-12-20,2027-01-03,2026-08-18 02:30:44
2026-08-18,XMAS-2026,TYO,124,8719,CX,CX548,0,HND,2026-12-20 08:55,2026-12-20 13:45,230,,nonstop,0,2026-12-20,2027-01-03,2026-08-18 02:30:44
2026-08-18,XMAS-2026,TYO,124,10758,JL,JL736,0,NRT,2026-12-20 10:20,2026-12-20 15:20,240,,nonstop,0,2026-12-20,2027-01-03,2026-08-18 02:30:44
2026-08-18,XMAS-2026,TYO,124,11129,JL,JL26,0,HND,2026-12-20 15:35,2026-12-20 20:25,230,,nonstop,0,2026-12-20,2027-01-03,2026-08-18 02:30:44
2026-08-18,XMAS-2026,TYO,124,11306,NH,NH812,0,NRT,2026-12-20 10:00,2026-12-20 15:10,250,,nonstop,0,2026-12-20,2027-01-03,2026-08-18 02:30:44
2026-08-18,XMAS-2026,SDJ,124,5499,UO,UO890,0,SDJ,2026-12-20 09:00,2026-12-20 14:05,245,,nonstop,0,2026-12-20,2027-01-03,2026-08-18 02:30:44
2026-08-18,XMAS-2026,CTS,124,8271,HB,HB2886,0,CTS,2026-12-20 01:15,2026-12-20 07:00,285,,nonstop,1,2026-12-20,2027-01-03,2026-08-18 02:30:44
2026-08-18,XMAS-2026,CTS,124,8671,HB,HB880,0,CTS,2026-12-20 09:15,2026-12-20 15:00,285,,nonstop,1,2026-12-20,2027-01-03,2026-08-18 02:30:44
2026-08-18,XMAS-2026,CTS,124,16651,CX,CX580,0,CTS,2026-12-20 09:10,2026-12-20 14:50,280,,nonstop,0,2026-12-20,2027-01-03,2026-08-18 02:30:44
2026-08-18,XMAS-2026,CTS,124,16651,CX,CX584,0,CTS,2026-12-20 10:25,2026-12-20 15:55,270,,nonstop,0,2026-12-20,2027-01-03,2026-08-18 02:30:44
2026-08-18,XMAS-2026,CTS,124,16651,CX,CX586,0,CTS,2026-12-20 12:25,2026-12-20 17:50,265,,nonstop,0,2026-12-20,2027-01-03,2026-08-18 02:30:44
2026-08-18,XMAS-2026,CTS,124,8271,HB,HB2886,0,CTS,2026-12-20 01:15,2026-12-20 07:00,285,,any,1,2026-12-20,2027-01-03,2026-08-18 02:30:44
2026-08-18,XMAS-2026,CTS,124,8671,HB,HB880,0,CTS,2026-12-20 09:15,2026-12-20 15:00,285,,any,1,2026-12-20,2027-01-03,2026-08-18 02:30:44
2026-08-18,XMAS-2026,CTS,124,8779,NH,NH814>NH753>NH1173,2,CTS,2026-12-20 00:05,2026-12-20 13:00,715,HND-KMQ,any,0,2026-12-20,2027-01-03,2026-08-18 02:30:44
2026-08-18,XMAS-2026,CTS,124,10137,KE,KE2012>KE769,1,CTS,2026-12-20 00:55,2026-12-20 15:40,825,ICN,any,0,2026-12-20,2027-01-03,2026-08-18 02:30:44
2026-08-18,XMAS-2026,CTS,124,10691,JL,JL736>JL527,1,CTS,2026-12-20 10:20,2026-12-20 20:05,525,NRT,any,0,2026-12-20,2027-01-03,2026-08-18 02:30:44
2026-08-18,XMAS-2026,CTS,124,10929,NH,NH812>NH77,1,CTS,2026-12-20 10:00,2026-12-20 20:30,570,NRT,any,0,2026-12-20,2027-01-03,2026-08-18 02:30:44
2026-08-18,XMAS-2026,CTS,124,15015,CX,CX580,0,CTS,2026-12-20 09:10,2026-12-20 14:50,280,,any,1,2026-12-20,2027-01-03,2026-08-18 02:30:44
2026-08-18,XMAS-2026,CTS,124,15015,CX,CX584,0,CTS,2026-12-20 10:25,2026-12-20 15:55,270,,any,0,2026-12-20,2027-01-03,2026-08-18 02:30:44
2026-08-18,XMAS-2026,CTS,124,15015,CX,CX586,0,CTS,2026-12-20 12:25,2026-12-20 17:50,265,,any,0,2026-12-20,2027-01-03,2026-08-18 02:30:44
2026-08-18,CNY-2027-before,CTS,165,5279,NH,NH860>NH55,1,CTS,2027-01-30 14:20,2027-01-31 10:35,1155,HND,any,0,2027-01-30,2027-02-07,2026-08-18 02:30:44
2026-08-18,CNY-2027-before,CTS,165,5729,NH,NH814>NH67,1,CTS,2027-01-30 00:05,2027-01-30 15:35,870,HND,any,0,2027-01-30,2027-02-07,2026-08-18 02:30:44
2026-08-18,CNY-2027-before,CTS,165,5811,HB,HB880,0,CTS,2027-01-30 09:15,2027-01-30 15:00,285,,any,1,2027-01-30,2027-02-07,2026-08-18 02:30:44
2026-08-18,CNY-2027-before,CTS,165,6179,NH,NH812>NH77,1,CTS,2027-01-30 10:00,2027-01-30 20:30,570,NRT,any,0,2027-01-30,2027-02-07,2026-08-18 02:30:44
2026-08-18,CNY-2027-before,CTS,165,6987,KE,KE2012>KE765,1,CTS,2027-01-30 00:55,2027-01-30 12:50,655,ICN,any,1,2027-01-30,2027-02-07,2026-08-18 02:30:44
2026-08-18,CNY-2027-before,CTS,165,8329,NH,NH814>NH987,1,CTS,2027-01-30 00:05,2027-01-30 07:50,405,HND,any,1,2027-01-30,2027-02-07,2026-08-18 02:30:44
2026-08-18,CNY-2027-before,CTS,165,15015,CX,CX580,0,CTS,2027-01-30 09:10,2027-01-30 14:50,280,,any,0,2027-01-30,2027-02-07,2026-08-18 02:30:44
2026-08-18,CNY-2027-before,CTS,165,15015,CX,CX584,0,CTS,2027-01-30 10:25,2027-01-30 15:55,270,,any,0,2027-01-30,2027-02-07,2026-08-18 02:30:44
2026-08-18,CNY-2027-before,CTS,165,15015,CX,CX586,0,CTS,2027-01-30 12:25,2027-01-30 17:50,265,,any,0,2027-01-30,2027-02-07,2026-08-18 02:30:44
2026-08-18,CNY-2027-before,HKD,165,5285,NH,NH814>NH553,1,HKD,2027-01-30 00:05,2027-01-30 11:00,595,HND,any,1,2027-01-30,2027-02-07,2026-08-18 02:30:44
2026-08-18,CNY-2027-before,HKD,165,5285,NH,NH812>NH559,1,HKD,2027-01-30 10:00,2027-01-30 19:45,525,NRT,any,1,2027-01-30,2027-02-07,2026-08-18 02:30:44
2026-08-18,CNY-2027-before,HKD,165,5285,NH,NH860>NH553,1,HKD,2027-01-30 14:20,2027-01-31 11:00,1180,HND,any,1,2027-01-30,2027-02-07,2026-08-18 02:30:44
2026-08-18,CNY-2027-before,HKD,165,7998,JL,JL736>JL585,1,HKD,2027-01-30 10:20,2027-01-31 08:55,1295,NRT,any,0,2027-01-30,2027-02-07,2026-08-18 02:30:44
2026-08-18,CNY-2027-before,HKD,165,9078,JL,JL26>JL585,1,HKD,2027-01-30 15:35,2027-01-31 08:55,980,HND,any,0,2027-01-30,2027-02-07,2026-08-18 02:30:44
2026-08-18,CNY-2027-before,HKD,165,9355,CX+JL,CX586>JL2741,1,HKD,2027-01-30 12:25,2027-01-31 08:15,1130,CTS,any,0,2027-01-30,2027-02-07,2026-08-18 02:30:44
2026-08-18,CNY-2027-before,HKD,165,12434,CX+NH,CX584>NH4857,1,HKD,2027-01-30 10:25,2027-01-30 18:35,430,CTS,any,0,2027-01-30,2027-02-07,2026-08-18 02:30:44
2026-08-18,CNY-2027-before,HKD,165,13232,CX+JL,CX566>JL2123,1,HKD,2027-01-30 01:50,2027-01-30 13:15,625,KIX,any,0,2027-01-30,2027-02-07,2026-08-18 02:30:44
2026-08-18,CNY-2027-after,TYO,172,4929,UO,UO628,0,HND,2027-02-06 19:55,2027-02-07 00:45,230,,nonstop,1,2027-02-06,2027-02-14,2026-08-18 02:30:44
2026-08-18,CNY-2027-after,TYO,172,5179,UO,UO646,0,NRT,2027-02-06 13:00,2027-02-06 18:05,245,,nonstop,1,2027-02-06,2027-02-14,2026-08-18 02:30:44
2026-08-18,CNY-2027-after,TYO,172,5179,UO,UO650,0,NRT,2027-02-06 14:00,2027-02-06 19:05,245,,nonstop,1,2027-02-06,2027-02-14,2026-08-18 02:30:44
2026-08-18,CNY-2027-after,TYO,172,5179,UO,UO652,0,NRT,2027-02-06 14:55,2027-02-06 20:00,245,,nonstop,0,2027-02-06,2027-02-14,2026-08-18 02:30:44
2026-08-18,CNY-2027-after,TYO,172,5349,UO,UO624,0,HND,2027-02-06 23:55,2027-02-07 04:45,230,,nonstop,0,2027-02-06,2027-02-14,2026-08-18 02:30:44
2026-08-18,CNY-2027-after,TYO,172,5629,UO,UO854,0,NRT,2027-02-06 02:00,2027-02-06 07:05,245,,nonstop,0,2027-02-06,2027-02-14,2026-08-18 02:30:44
2026-08-18,CNY-2027-after,TYO,172,5779,UO,UO622,0,HND,2027-02-06 17:55,2027-02-06 22:45,230,,nonstop,0,2027-02-06,2027-02-14,2026-08-18 02:30:44
2026-08-18,CNY-2027-after,TYO,172,6179,UO,UO848,0,NRT,2027-02-06 09:20,2027-02-06 14:25,245,,nonstop,0,2027-02-06,2027-02-14,2026-08-18 02:30:44
2026-08-18,CNY-2027-after,TYO,172,6179,UO,UO870,0,NRT,2027-02-06 10:50,2027-02-06 15:55,245,,nonstop,0,2027-02-06,2027-02-14,2026-08-18 02:30:44
2026-08-18,CNY-2027-after,TYO,172,8677,JL,JL26,0,HND,2027-02-06 15:35,2027-02-06 20:25,230,,nonstop,0,2027-02-06,2027-02-14,2026-08-18 02:30:44
2026-08-18,CNY-2027-after,TYO,172,8775,NH,NH860,0,HND,2027-02-06 14:20,2027-02-06 19:15,235,,nonstop,0,2027-02-06,2027-02-14,2026-08-18 02:30:44
2026-08-18,CNY-2027-after,TYO,172,9545,NH,NH814,0,HND,2027-02-06 00:05,2027-02-06 04:55,230,,nonstop,0,2027-02-06,2027-02-14,2026-08-18 02:30:44
2026-08-18,CNY-2027-after,TYO,172,9968,HB,HB320,0,NRT,2027-02-06 09:05,2027-02-06 14:10,245,,nonstop,0,2027-02-06,2027-02-14,2026-08-18 02:30:44
2026-08-18,CNY-2027-after,TYO,172,10286,NH,NH812,0,NRT,2027-02-06 10:00,2027-02-06 15:10,250,,nonstop,0,2027-02-06,2027-02-14,2026-08-18 02:30:44
2026-08-18,CNY-2027-after,TYO,172,10298,JL,JL736,0,NRT,2027-02-06 10:20,2027-02-06 15:20,240,,nonstop,0,2027-02-06,2027-02-14,2026-08-18 02:30:44
2026-08-18,CNY-2027-after,TYO,172,10438,CX,CX524,0,NRT,2027-02-06 01:25,2027-02-06 06:30,245,,nonstop,0,2027-02-06,2027-02-14,2026-08-18 02:30:44
2026-08-18,CNY-2027-after,TYO,172,10438,CX,CX504,0,NRT,2027-02-06 09:05,2027-02-06 14:10,245,,nonstop,0,2027-02-06,2027-02-14,2026-08-18 02:30:44
2026-08-18,CNY-2027-after,TYO,172,10438,CX,CX520,0,NRT,2027-02-06 10:30,2027-02-06 15:35,245,,nonstop,0,2027-02-06,2027-02-14,2026-08-18 02:30:44
2026-08-18,CNY-2027-after,TYO,172,10438,CX,CX500,0,NRT,2027-02-06 15:25,2027-02-06 20:20,235,,nonstop,0,2027-02-06,2027-02-14,2026-08-18 02:30:44
2026-08-18,CNY-2027-after,TYO,172,11189,CX,CX542,0,HND,2027-02-06 16:30,2027-02-06 21:15,225,,nonstop,0,2027-02-06,2027-02-14,2026-08-18 02:30:44
2026-08-18,CNY-2027-after,TYO,172,12448,CX,CX526,0,NRT,2027-02-06 08:15,2027-02-06 13:10,235,,nonstop,0,2027-02-06,2027-02-14,2026-08-18 02:30:44
2026-08-18,CNY-2027-after,TYO,172,12829,CX,CX548,0,HND,2027-02-06 08:55,2027-02-06 13:45,230,,nonstop,0,2027-02-06,2027-02-14,2026-08-18 02:30:44
2026-08-18,CNY-2027-after,SDJ,172,8499,UO,UO890,0,SDJ,2027-02-06 09:00,2027-02-06 14:05,245,,nonstop,0,2027-02-06,2027-02-14,2026-08-18 02:30:44
2026-08-18,CNY-2027-after,SDJ,172,10446,HB,HB360,0,SDJ,2027-02-06 09:55,2027-02-06 15:20,265,,nonstop,0,2027-02-06,2027-02-14,2026-08-18 02:30:44
2026-08-18,CNY-2027-after,CTS,172,15351,HB,HB880,0,CTS,2027-02-06 09:15,2027-02-06 15:00,285,,nonstop,0,2027-02-06,2027-02-14,2026-08-18 02:30:44
2026-08-18,CNY-2027-after,CTS,172,17181,CX,CX580,0,CTS,2027-02-06 09:10,2027-02-06 14:50,280,,nonstop,1,2027-02-06,2027-02-14,2026-08-18 02:30:44
2026-08-18,CNY-2027-after,CTS,172,17181,CX,CX584,0,CTS,2027-02-06 10:25,2027-02-06 15:55,270,,nonstop,0,2027-02-06,2027-02-14,2026-08-18 02:30:44
2026-08-18,CNY-2027-after,CTS,172,17181,CX,CX586,0,CTS,2027-02-06 12:25,2027-02-06 17:50,265,,nonstop,0,2027-02-06,2027-02-14,2026-08-18 02:30:44
2026-08-18,CNY-2027-after,CTS,172,8731,JL,JL26>JL501,1,CTS,2027-02-06 15:35,2027-02-07 08:00,925,HND,any,0,2027-02-06,2027-02-14,2026-08-18 02:30:44
2026-08-18,CNY-2027-after,CTS,172,10387,KE,KE2006>KE769,1,CTS,2027-02-06 18:10,2027-02-07 15:40,1230,ICN,any,0,2027-02-06,2027-02-14,2026-08-18 02:30:44
2026-08-18,CNY-2027-after,CTS,172,10659,NH,NH812>NH77,1,CTS,2027-02-06 10:00,2027-02-06 20:30,570,NRT,any,0,2027-02-06,2027-02-14,2026-08-18 02:30:44
2026-08-18,CNY-2027-after,CTS,172,11379,NH,NH814>NH987,1,CTS,2027-02-06 00:05,2027-02-06 07:50,405,HND,any,1,2027-02-06,2027-02-14,2026-08-18 02:30:44
2026-08-18,CNY-2027-after,CTS,172,15015,CX,CX580,0,CTS,2027-02-06 09:10,2027-02-06 14:50,280,,any,1,2027-02-06,2027-02-14,2026-08-18 02:30:44
2026-08-18,CNY-2027-after,CTS,172,15015,CX,CX584,0,CTS,2027-02-06 10:25,2027-02-06 15:55,270,,any,1,2027-02-06,2027-02-14,2026-08-18 02:30:44
2026-08-18,CNY-2027-after,CTS,172,15015,CX,CX586,0,CTS,2027-02-06 12:25,2027-02-06 17:50,265,,any,1,2027-02-06,2027-02-14,2026-08-18 02:30:44
2026-08-18,CNY-2027-after,CTS,172,15351,HB,HB880,0,CTS,2027-02-06 09:15,2027-02-06 15:00,285,,any,1,2027-02-06,2027-02-14,2026-08-18 02:30:44
2026-08-18,CNY-2027-after,HKD,172,9165,NH,NH860>NH553,1,HKD,2027-02-06 14:20,2027-02-07 11:00,1180,HND,any,1,2027-02-06,2027-02-14,2026-08-18 02:30:44
2026-08-18,CNY-2027-after,HKD,172,9207,JL,JL26>JL585,1,HKD,2027-02-06 15:35,2027-02-07 08:55,980,HND,any,1,2027-02-06,2027-02-14,2026-08-18 02:30:44
2026-08-18,CNY-2027-after,HKD,172,9635,NH,NH812>NH559,1,HKD,2027-02-06 10:00,2027-02-06 19:45,525,NRT,any,1,2027-02-06,2027-02-14,2026-08-18 02:30:44
2026-08-18,CNY-2027-after,HKD,172,9935,NH,NH814>NH553,1,HKD,2027-02-06 00:05,2027-02-06 11:00,595,HND,any,1,2027-02-06,2027-02-14,2026-08-18 02:30:44
2026-08-18,CNY-2027-after,HKD,172,12788,CX+JL,CX524>JL587,1,HKD,2027-02-06 01:25,2027-02-06 14:10,705,NRT,any,0,2027-02-06,2027-02-14,2026-08-18 02:30:44
2026-08-18,CNY-2027-after,HKD,172,12788,CX+JL,CX524>JL589,1,HKD,2027-02-06 01:25,2027-02-06 18:45,980,NRT,any,0,2027-02-06,2027-02-14,2026-08-18 02:30:44
2026-08-18,CNY-2027-after,HKD,172,13691,CX+JL,CX566>JL2123,1,HKD,2027-02-06 01:50,2027-02-06 13:15,625,KIX,any,0,2027-02-06,2027-02-14,2026-08-18 02:30:44
2026-08-18,CNY-2027-after,HKD,172,14404,CX+NH,CX584>NH4857,1,HKD,2027-02-06 10:25,2027-02-06 18:35,430,CTS,any,0,2027-02-06,2027-02-14,2026-08-18 02:30:44
2026-08-18,XMAS-2026,TYO,124,4409,UO,UO652,0,NRT,2026-12-20 14:55,2026-12-20 20:00,245,,nonstop,1,2026-12-20,2027-01-03,2026-08-18 04:55:06
2026-08-18,XMAS-2026,TYO,124,4609,UO,UO650,0,NRT,2026-12-20 14:00,2026-12-20 19:05,245,,nonstop,1,2026-12-20,2027-01-03,2026-08-18 04:55:06
2026-08-18,XMAS-2026,TYO,124,4729,UO,UO628,0,HND,2026-12-20 19:55,2026-12-21 00:45,230,,nonstop,0,2026-12-20,2027-01-03,2026-08-18 04:55:06
2026-08-18,XMAS-2026,TYO,124,4879,UO,UO646,0,NRT,2026-12-20 13:00,2026-12-20 18:05,245,,nonstop,0,2026-12-20,2027-01-03,2026-08-18 04:55:06
2026-08-18,XMAS-2026,TYO,124,5179,UO,UO622,0,HND,2026-12-20 17:55,2026-12-20 22:45,230,,nonstop,0,2026-12-20,2027-01-03,2026-08-18 04:55:06
2026-08-18,XMAS-2026,TYO,124,5179,UO,UO624,0,HND,2026-12-20 23:55,2026-12-21 04:45,230,,nonstop,0,2026-12-20,2027-01-03,2026-08-18 04:55:06
2026-08-18,XMAS-2026,TYO,124,5229,UO,UO854,0,NRT,2026-12-20 02:00,2026-12-20 07:05,245,,nonstop,0,2026-12-20,2027-01-03,2026-08-18 04:55:06
2026-08-18,XMAS-2026,TYO,124,5629,UO,UO870,0,NRT,2026-12-20 10:50,2026-12-20 15:55,245,,nonstop,0,2026-12-20,2027-01-03,2026-08-18 04:55:06
2026-08-18,XMAS-2026,TYO,124,6079,UO,UO848,0,NRT,2026-12-20 09:20,2026-12-20 14:25,245,,nonstop,0,2026-12-20,2027-01-03,2026-08-18 04:55:06
2026-08-18,XMAS-2026,TYO,124,7048,CX,CX504,0,NRT,2026-12-20 09:05,2026-12-20 14:10,245,,nonstop,1,2026-12-20,2027-01-03,2026-08-18 04:55:06
2026-08-18,XMAS-2026,TYO,124,7048,CX,CX524,0,NRT,2026-12-20 01:25,2026-12-20 06:30,245,,nonstop,0,2026-12-20,2027-01-03,2026-08-18 04:55:06
2026-08-18,XMAS-2026,TYO,124,7048,CX,CX520,0,NRT,2026-12-20 10:30,2026-12-20 15:35,245,,nonstop,0,2026-12-20,2027-01-03,2026-08-18 04:55:06
2026-08-18,XMAS-2026,TYO,124,7048,CX,CX500,0,NRT,2026-12-20 15:25,2026-12-20 20:20,235,,nonstop,0,2026-12-20,2027-01-03,2026-08-18 04:55:06
2026-08-18,XMAS-2026,TYO,124,7145,NH,NH814,0,HND,2026-12-20 00:05,2026-12-20 04:55,230,,nonstop,0,2026-12-20,2027-01-03,2026-08-18 04:55:06
2026-08-18,XMAS-2026,TYO,124,7145,NH,NH860,0,HND,2026-12-20 14:20,2026-12-20 19:15,235,,nonstop,0,2026-12-20,2027-01-03,2026-08-18 04:55:06
2026-08-18,XMAS-2026,TYO,124,7438,HB,HB320,0,NRT,2026-12-20 09:05,2026-12-20 14:10,245,,nonstop,0,2026-12-20,2027-01-03,2026-08-18 04:55:06
2026-08-18,XMAS-2026,TYO,124,7508,CX,CX526,0,NRT,2026-12-20 08:15,2026-12-20 13:10,235,,nonstop,0,2026-12-20,2027-01-03,2026-08-18 04:55:06
2026-08-18,XMAS-2026,TYO,124,8259,CX,CX542,0,HND,2026-12-20 16:30,2026-12-20 21:15,225,,nonstop,0,2026-12-20,2027-01-03,2026-08-18 04:55:06
2026-08-18,XMAS-2026,TYO,124,8719,CX,CX548,0,HND,2026-12-20 08:55,2026-12-20 13:45,230,,nonstop,0,2026-12-20,2027-01-03,2026-08-18 04:55:06
2026-08-18,XMAS-2026,TYO,124,10758,JL,JL736,0,NRT,2026-12-20 10:20,2026-12-20 15:20,240,,nonstop,0,2026-12-20,2027-01-03,2026-08-18 04:55:06
2026-08-18,XMAS-2026,TYO,124,11129,JL,JL26,0,HND,2026-12-20 15:35,2026-12-20 20:25,230,,nonstop,0,2026-12-20,2027-01-03,2026-08-18 04:55:06
2026-08-18,XMAS-2026,TYO,124,11306,NH,NH812,0,NRT,2026-12-20 10:00,2026-12-20 15:10,250,,nonstop,0,2026-12-20,2027-01-03,2026-08-18 04:55:06
2026-08-18,XMAS-2026,SDJ,124,5499,UO,UO890,0,SDJ,2026-12-20 09:00,2026-12-20 14:05,245,,nonstop,0,2026-12-20,2027-01-03,2026-08-18 04:55:06
2026-08-18,XMAS-2026,CTS,124,8271,HB,HB2886,0,CTS,2026-12-20 01:15,2026-12-20 07:00,285,,nonstop,1,2026-12-20,2027-01-03,2026-08-18 04:55:06
2026-08-18,XMAS-2026,CTS,124,8671,HB,HB880,0,CTS,2026-12-20 09:15,2026-12-20 15:00,285,,nonstop,1,2026-12-20,2027-01-03,2026-08-18 04:55:06
2026-08-18,XMAS-2026,CTS,124,16646,CX,CX580,0,CTS,2026-12-20 09:10,2026-12-20 14:50,280,,nonstop,0,2026-12-20,2027-01-03,2026-08-18 04:55:06
2026-08-18,XMAS-2026,CTS,124,16646,CX,CX584,0,CTS,2026-12-20 10:25,2026-12-20 15:55,270,,nonstop,0,2026-12-20,2027-01-03,2026-08-18 04:55:06
2026-08-18,XMAS-2026,CTS,124,16646,CX,CX586,0,CTS,2026-12-20 12:25,2026-12-20 17:50,265,,nonstop,0,2026-12-20,2027-01-03,2026-08-18 04:55:06
2026-08-18,XMAS-2026,CTS,124,8271,HB,HB2886,0,CTS,2026-12-20 01:15,2026-12-20 07:00,285,,any,1,2026-12-20,2027-01-03,2026-08-18 04:55:06
2026-08-18,XMAS-2026,CTS,124,8671,HB,HB880,0,CTS,2026-12-20 09:15,2026-12-20 15:00,285,,any,1,2026-12-20,2027-01-03,2026-08-18 04:55:06
2026-08-18,XMAS-2026,CTS,124,8779,NH,NH814>NH753>NH1173,2,CTS,2026-12-20 00:05,2026-12-20 13:00,715,HND-KMQ,any,0,2026-12-20,2027-01-03,2026-08-18 04:55:06
2026-08-18,XMAS-2026,CTS,124,10137,KE,KE2012>KE769,1,CTS,2026-12-20 00:55,2026-12-20 15:40,825,ICN,any,0,2026-12-20,2027-01-03,2026-08-18 04:55:06
2026-08-18,XMAS-2026,CTS,124,10691,JL,JL736>JL527,1,CTS,2026-12-20 10:20,2026-12-20 20:05,525,NRT,any,0,2026-12-20,2027-01-03,2026-08-18 04:55:06
2026-08-18,XMAS-2026,CTS,124,10929,NH,NH812>NH77,1,CTS,2026-12-20 10:00,2026-12-20 20:30,570,NRT,any,0,2026-12-20,2027-01-03,2026-08-18 04:55:06
2026-08-18,XMAS-2026,CTS,124,15015,CX,CX580,0,CTS,2026-12-20 09:10,2026-12-20 14:50,280,,any,1,2026-12-20,2027-01-03,2026-08-18 04:55:06
2026-08-18,XMAS-2026,CTS,124,15015,CX,CX584,0,CTS,2026-12-20 10:25,2026-12-20 15:55,270,,any,0,2026-12-20,2027-01-03,2026-08-18 04:55:06
2026-08-18,XMAS-2026,CTS,124,15015,CX,CX586,0,CTS,2026-12-20 12:25,2026-12-20 17:50,265,,any,0,2026-12-20,2027-01-03,2026-08-18 04:55:06
2026-08-18,CNY-2027-before,TYO,165,3139,UO,UO624,0,HND,2027-01-30 23:55,2027-01-31 04:45,230,,nonstop,0,2027-01-30,2027-02-07,2026-08-18 04:55:06
2026-08-18,CNY-2027-before,TYO,165,3249,UO,UO646,0,NRT,2027-01-30 13:00,2027-01-30 18:05,245,,nonstop,0,2027-01-30,2027-02-07,2026-08-18 04:55:06
2026-08-18,CNY-2027-before,TYO,165,3249,UO,UO650,0,NRT,2027-01-30 14:00,2027-01-30 19:05,245,,nonstop,0,2027-01-30,2027-02-07,2026-08-18 04:55:06
2026-08-18,CNY-2027-before,TYO,165,3249,UO,UO652,0,NRT,2027-01-30 14:55,2027-01-30 20:00,245,,nonstop,0,2027-01-30,2027-02-07,2026-08-18 04:55:06
2026-08-18,CNY-2027-before,TYO,165,3449,UO,UO848,0,NRT,2027-01-30 09:20,2027-01-30 14:25,245,,nonstop,1,2027-01-30,2027-02-07,2026-08-18 04:55:06
2026-08-18,CNY-2027-before,TYO,165,3449,UO,UO854,0,NRT,2027-01-30 02:00,2027-01-30 07:05,245,,nonstop,0,2027-01-30,2027-02-07,2026-08-18 04:55:06
2026-08-18,CNY-2027-before,TYO,165,3519,UO,UO622,0,HND,2027-01-30 17:55,2027-01-30 22:45,230,,nonstop,0,2027-01-30,2027-02-07,2026-08-18 04:55:06
2026-08-18,CNY-2027-before,TYO,165,3519,UO,UO628,0,HND,2027-01-30 19:55,2027-01-31 00:45,230,,nonstop,0,2027-01-30,2027-02-07,2026-08-18 04:55:06
2026-08-18,CNY-2027-before,TYO,165,3899,UO,UO870,0,NRT,2027-01-30 10:50,2027-01-30 15:55,245,,nonstop,0,2027-01-30,2027-02-07,2026-08-18 04:55:06
2026-08-18,CNY-2027-before,TYO,165,4798,HB,HB320,0,NRT,2027-01-30 09:05,2027-01-30 14:10,245,,nonstop,1,2027-01-30,2027-02-07,2026-08-18 04:55:06
2026-08-18,CNY-2027-before,TYO,165,5195,NH,NH860,0,HND,2027-01-30 14:20,2027-01-30 19:15,235,,nonstop,0,2027-01-30,2027-02-07,2026-08-18 04:55:06
2026-08-18,CNY-2027-before,TYO,165,5206,NH,NH812,0,NRT,2027-01-30 10:00,2027-01-30 15:10,250,,nonstop,1,2027-01-30,2027-02-07,2026-08-18 04:55:06
2026-08-18,CNY-2027-before,TYO,165,6108,JL,JL736,0,NRT,2027-01-30 10:20,2027-01-30 15:20,240,,nonstop,0,2027-01-30,2027-02-07,2026-08-18 04:55:06
2026-08-18,CNY-2027-before,TYO,165,7647,JL,JL26,0,HND,2027-01-30 15:35,2027-01-30 20:25,230,,nonstop,0,2027-01-30,2027-02-07,2026-08-18 04:55:06
2026-08-18,CNY-2027-before,TYO,165,8245,NH,NH814,0,HND,2027-01-30 00:05,2027-01-30 04:55,230,,nonstop,0,2027-01-30,2027-02-07,2026-08-18 04:55:06
2026-08-18,CNY-2027-before,TYO,165,8748,CX,CX524,0,NRT,2027-01-30 01:25,2027-01-30 06:30,245,,nonstop,0,2027-01-30,2027-02-07,2026-08-18 04:55:06
2026-08-18,CNY-2027-before,TYO,165,8748,CX,CX504,0,NRT,2027-01-30 09:05,2027-01-30 14:10,245,,nonstop,0,2027-01-30,2027-02-07,2026-08-18 04:55:06
2026-08-18,CNY-2027-before,TYO,165,8748,CX,CX520,0,NRT,2027-01-30 10:30,2027-01-30 15:35,245,,nonstop,0,2027-01-30,2027-02-07,2026-08-18 04:55:06
2026-08-18,CNY-2027-before,TYO,165,8748,CX,CX500,0,NRT,2027-01-30 15:25,2027-01-30 20:20,235,,nonstop,0,2027-01-30,2027-02-07,2026-08-18 04:55:06
2026-08-18,CNY-2027-before,TYO,165,9489,CX,CX542,0,HND,2027-01-30 16:30,2027-01-30 21:15,225,,nonstop,0,2027-01-30,2027-02-07,2026-08-18 04:55:06
2026-08-18,CNY-2027-before,TYO,165,10758,CX,CX526,0,NRT,2027-01-30 08:15,2027-01-30 13:10,235,,nonstop,0,2027-01-30,2027-02-07,2026-08-18 04:55:06
2026-08-18,CNY-2027-before,TYO,165,11129,CX,CX548,0,HND,2027-01-30 08:55,2027-01-30 13:45,230,,nonstop,0,2027-01-30,2027-02-07,2026-08-18 04:55:06
2026-08-18,CNY-2027-before,SDJ,165,3519,UO,UO890,0,SDJ,2027-01-30 09:00,2027-01-30 14:05,245,,nonstop,0,2027-01-30,2027-02-07,2026-08-18 04:55:06
2026-08-18,CNY-2027-before,CTS,165,5811,HB,HB880,0,CTS,2027-01-30 09:15,2027-01-30 15:00,285,,nonstop,1,2027-01-30,2027-02-07,2026-08-18 04:55:06
2026-08-18,CNY-2027-before,CTS,165,17181,CX,CX580,0,CTS,2027-01-30 09:10,2027-01-30 14:50,280,,nonstop,0,2027-01-30,2027-02-07,2026-08-18 04:55:06
2026-08-18,CNY-2027-before,CTS,165,17181,CX,CX584,0,CTS,2027-01-30 10:25,2027-01-30 15:55,270,,nonstop,0,2027-01-30,2027-02-07,2026-08-18 04:55:06
2026-08-18,CNY-2027-before,CTS,165,17181,CX,CX586,0,CTS,2027-01-30 12:25,2027-01-30 17:50,265,,nonstop,0,2027-01-30,2027-02-07,2026-08-18 04:55:06
2026-08-18,CNY-2027-before,CTS,165,5729,NH,NH812>NH77,1,CTS,2027-01-30 10:00,2027-01-30 20:30,570,NRT,any,1,2027-01-30,2027-02-07,2026-08-18 04:55:06
2026-08-18,CNY-2027-before,CTS,165,5729,NH,NH814>NH67,1,CTS,2027-01-30 00:05,2027-01-30 15:35,870,HND,any,0,2027-01-30,2027-02-07,2026-08-18 04:55:06
2026-08-18,CNY-2027-before,CTS,165,5729,NH,NH860>NH55,1,CTS,2027-01-30 14:20,2027-01-31 10:35,1155,HND,any,0,2027-01-30,2027-02-07,2026-08-18 04:55:06
2026-08-18,CNY-2027-before,CTS,165,5811,HB,HB880,0,CTS,2027-01-30 09:15,2027-01-30 15:00,285,,any,1,2027-01-30,2027-02-07,2026-08-18 04:55:06
2026-08-18,CNY-2027-before,CTS,165,6987,KE,KE2012>KE769,1,CTS,2027-01-30 00:55,2027-01-30 15:40,825,ICN,any,0,2027-01-30,2027-02-07,2026-08-18 04:55:06
2026-08-18,CNY-2027-before,CTS,165,7337,KE,KE2012>KE765,1,CTS,2027-01-30 00:55,2027-01-30 12:50,655,ICN,any,0,2027-01-30,2027-02-07,2026-08-18 04:55:06
2026-08-18,CNY-2027-before,CTS,165,8329,NH,NH814>NH987,1,CTS,2027-01-30 00:05,2027-01-30 07:50,405,HND,any,0,2027-01-30,2027-02-07,2026-08-18 04:55:06
2026-08-18,CNY-2027-before,CTS,165,15015,CX,CX580,0,CTS,2027-01-30 09:10,2027-01-30 14:50,280,,any,0,2027-01-30,2027-02-07,2026-08-18 04:55:06
2026-08-18,CNY-2027-before,CTS,165,15015,CX,CX584,0,CTS,2027-01-30 10:25,2027-01-30 15:55,270,,any,0,2027-01-30,2027-02-07,2026-08-18 04:55:06
2026-08-18,CNY-2027-before,CTS,165,15015,CX,CX586,0,CTS,2027-01-30 12:25,2027-01-30 17:50,265,,any,0,2027-01-30,2027-02-07,2026-08-18 04:55:06
2026-08-18,CNY-2027-before,HKD,165,5285,NH,NH814>NH553,1,HKD,2027-01-30 00:05,2027-01-30 11:00,595,HND,any,1,2027-01-30,2027-02-07,2026-08-18 04:55:06
2026-08-18,CNY-2027-before,HKD,165,5285,NH,NH812>NH559,1,HKD,2027-01-30 10:00,2027-01-30 19:45,525,NRT,any,1,2027-01-30,2027-02-07,2026-08-18 04:55:06
2026-08-18,CNY-2027-before,HKD,165,5285,NH,NH860>NH553,1,HKD,2027-01-30 14:20,2027-01-31 11:00,1180,HND,any,1,2027-01-30,2027-02-07,2026-08-18 04:55:06
2026-08-18,CNY-2027-before,HKD,165,7998,JL,JL736>JL585,1,HKD,2027-01-30 10:20,2027-01-31 08:55,1295,NRT,any,0,2027-01-30,2027-02-07,2026-08-18 04:55:06
2026-08-18,CNY-2027-before,HKD,165,9078,JL,JL26>JL585,1,HKD,2027-01-30 15:35,2027-01-31 08:55,980,HND,any,0,2027-01-30,2027-02-07,2026-08-18 04:55:06
2026-08-18,CNY-2027-before,HKD,165,9355,CX+JL,CX586>JL2741,1,HKD,2027-01-30 12:25,2027-01-31 08:15,1130,CTS,any,0,2027-01-30,2027-02-07,2026-08-18 04:55:06
2026-08-18,CNY-2027-before,HKD,165,12434,CX+NH,CX584>NH4857,1,HKD,2027-01-30 10:25,2027-01-30 18:35,430,CTS,any,0,2027-01-30,2027-02-07,2026-08-18 04:55:06
2026-08-18,CNY-2027-before,HKD,165,13232,CX+JL,CX566>JL2123,1,HKD,2027-01-30 01:50,2027-01-30 13:15,625,KIX,any,0,2027-01-30,2027-02-07,2026-08-18 04:55:06
2026-08-18,CNY-2027-after,TYO,172,4929,UO,UO628,0,HND,2027-02-06 19:55,2027-02-07 00:45,230,,nonstop,1,2027-02-06,2027-02-14,2026-08-18 04:55:06
2026-08-18,CNY-2027-after,TYO,172,5179,UO,UO646,0,NRT,2027-02-06 13:00,2027-02-06 18:05,245,,nonstop,1,2027-02-06,2027-02-14,2026-08-18 04:55:06
2026-08-18,CNY-2027-after,TYO,172,5179,UO,UO650,0,NRT,2027-02-06 14:00,2027-02-06 19:05,245,,nonstop,1,2027-02-06,2027-02-14,2026-08-18 04:55:06
2026-08-18,CNY-2027-after,TYO,172,5179,UO,UO652,0,NRT,2027-02-06 14:55,2027-02-06 20:00,245,,nonstop,0,2027-02-06,2027-02-14,2026-08-18 04:55:06
2026-08-18,CNY-2027-after,TYO,172,5349,UO,UO624,0,HND,2027-02-06 23:55,2027-02-07 04:45,230,,nonstop,0,2027-02-06,2027-02-14,2026-08-18 04:55:06
2026-08-18,CNY-2027-after,TYO,172,5629,UO,UO854,0,NRT,2027-02-06 02:00,2027-02-06 07:05,245,,nonstop,0,2027-02-06,2027-02-14,2026-08-18 04:55:06
2026-08-18,CNY-2027-after,TYO,172,5779,UO,UO622,0,HND,2027-02-06 17:55,2027-02-06 22:45,230,,nonstop,0,2027-02-06,2027-02-14,2026-08-18 04:55:06
2026-08-18,CNY-2027-after,TYO,172,6179,UO,UO848,0,NRT,2027-02-06 09:20,2027-02-06 14:25,245,,nonstop,0,2027-02-06,2027-02-14,2026-08-18 04:55:06
2026-08-18,CNY-2027-after,TYO,172,6179,UO,UO870,0,NRT,2027-02-06 10:50,2027-02-06 15:55,245,,nonstop,0,2027-02-06,2027-02-14,2026-08-18 04:55:06
2026-08-18,CNY-2027-after,TYO,172,8677,JL,JL26,0,HND,2027-02-06 15:35,2027-02-06 20:25,230,,nonstop,0,2027-02-06,2027-02-14,2026-08-18 04:55:06
2026-08-18,CNY-2027-after,TYO,172,8775,NH,NH860,0,HND,2027-02-06 14:20,2027-02-06 19:15,235,,nonstop,0,2027-02-06,2027-02-14,2026-08-18 04:55:06
2026-08-18,CNY-2027-after,TYO,172,9545,NH,NH814,0,HND,2027-02-06 00:05,2027-02-06 04:55,230,,nonstop,0,2027-02-06,2027-02-14,2026-08-18 04:55:06
2026-08-18,CNY-2027-after,TYO,172,9968,HB,HB320,0,NRT,2027-02-06 09:05,2027-02-06 14:10,245,,nonstop,0,2027-02-06,2027-02-14,2026-08-18 04:55:06
2026-08-18,CNY-2027-after,TYO,172,10286,NH,NH812,0,NRT,2027-02-06 10:00,2027-02-06 15:10,250,,nonstop,0,2027-02-06,2027-02-14,2026-08-18 04:55:06
2026-08-18,CNY-2027-after,TYO,172,10298,JL,JL736,0,NRT,2027-02-06 10:20,2027-02-06 15:20,240,,nonstop,0,2027-02-06,2027-02-14,2026-08-18 04:55:06
2026-08-18,CNY-2027-after,TYO,172,10438,CX,CX524,0,NRT,2027-02-06 01:25,2027-02-06 06:30,245,,nonstop,0,2027-02-06,2027-02-14,2026-08-18 04:55:06
2026-08-18,CNY-2027-after,TYO,172,10438,CX,CX504,0,NRT,2027-02-06 09:05,2027-02-06 14:10,245,,nonstop,0,2027-02-06,2027-02-14,2026-08-18 04:55:06
2026-08-18,CNY-2027-after,TYO,172,10438,CX,CX520,0,NRT,2027-02-06 10:30,2027-02-06 15:35,245,,nonstop,0,2027-02-06,2027-02-14,2026-08-18 04:55:06
2026-08-18,CNY-2027-after,TYO,172,10438,CX,CX500,0,NRT,2027-02-06 15:25,2027-02-06 20:20,235,,nonstop,0,2027-02-06,2027-02-14,2026-08-18 04:55:06
2026-08-18,CNY-2027-after,TYO,172,11189,CX,CX542,0,HND,2027-02-06 16:30,2027-02-06 21:15,225,,nonstop,0,2027-02-06,2027-02-14,2026-08-18 04:55:06
2026-08-18,CNY-2027-after,TYO,172,12448,CX,CX526,0,NRT,2027-02-06 08:15,2027-02-06 13:10,235,,nonstop,0,2027-02-06,2027-02-14,2026-08-18 04:55:06
2026-08-18,CNY-2027-after,TYO,172,12829,CX,CX548,0,HND,2027-02-06 08:55,2027-02-06 13:45,230,,nonstop,0,2027-02-06,2027-02-14,2026-08-18 04:55:06
2026-08-18,CNY-2027-after,SDJ,172,8499,UO,UO890,0,SDJ,2027-02-06 09:00,2027-02-06 14:05,245,,nonstop,0,2027-02-06,2027-02-14,2026-08-18 04:55:06
2026-08-18,CNY-2027-after,SDJ,172,10447,HB,HB360,0,SDJ,2027-02-06 09:55,2027-02-06 15:20,265,,nonstop,0,2027-02-06,2027-02-14,2026-08-18 04:55:06
2026-08-18,CNY-2027-after,CTS,172,15351,HB,HB880,0,CTS,2027-02-06 09:15,2027-02-06 15:00,285,,nonstop,0,2027-02-06,2027-02-14,2026-08-18 04:55:06
2026-08-18,CNY-2027-after,CTS,172,17181,CX,CX580,0,CTS,2027-02-06 09:10,2027-02-06 14:50,280,,nonstop,1,2027-02-06,2027-02-14,2026-08-18 04:55:06
2026-08-18,CNY-2027-after,CTS,172,17181,CX,CX584,0,CTS,2027-02-06 10:25,2027-02-06 15:55,270,,nonstop,0,2027-02-06,2027-02-14,2026-08-18 04:55:06
2026-08-18,CNY-2027-after,CTS,172,17181,CX,CX586,0,CTS,2027-02-06 12:25,2027-02-06 17:50,265,,nonstop,0,2027-02-06,2027-02-14,2026-08-18 04:55:06
2026-08-18,CNY-2027-after,CTS,172,8731,JL,JL26>JL501,1,CTS,2027-02-06 15:35,2027-02-07 08:00,925,HND,any,0,2027-02-06,2027-02-14,2026-08-18 04:55:06
2026-08-18,CNY-2027-after,CTS,172,10387,KE,KE2006>KE769,1,CTS,2027-02-06 18:10,2027-02-07 15:40,1230,ICN,any,0,2027-02-06,2027-02-14,2026-08-18 04:55:06
2026-08-18,CNY-2027-after,CTS,172,10659,NH,NH812>NH77,1,CTS,2027-02-06 10:00,2027-02-06 20:30,570,NRT,any,0,2027-02-06,2027-02-14,2026-08-18 04:55:06
2026-08-18,CNY-2027-after,CTS,172,11379,NH,NH814>NH987,1,CTS,2027-02-06 00:05,2027-02-06 07:50,405,HND,any,1,2027-02-06,2027-02-14,2026-08-18 04:55:06
2026-08-18,CNY-2027-after,CTS,172,15015,CX,CX580,0,CTS,2027-02-06 09:10,2027-02-06 14:50,280,,any,1,2027-02-06,2027-02-14,2026-08-18 04:55:06
2026-08-18,CNY-2027-after,CTS,172,15015,CX,CX584,0,CTS,2027-02-06 10:25,2027-02-06 15:55,270,,any,1,2027-02-06,2027-02-14,2026-08-18 04:55:06
2026-08-18,CNY-2027-after,CTS,172,15015,CX,CX586,0,CTS,2027-02-06 12:25,2027-02-06 17:50,265,,any,1,2027-02-06,2027-02-14,2026-08-18 04:55:06
2026-08-18,CNY-2027-after,CTS,172,15351,HB,HB880,0,CTS,2027-02-06 09:15,2027-02-06 15:00,285,,any,1,2027-02-06,2027-02-14,2026-08-18 04:55:06
2026-08-18,CNY-2027-after,HKD,172,9165,NH,NH860>NH553,1,HKD,2027-02-06 14:20,2027-02-07 11:00,1180,HND,any,1,2027-02-06,2027-02-14,2026-08-18 04:55:06
2026-08-18,CNY-2027-after,HKD,172,9207,JL,JL26>JL585,1,HKD,2027-02-06 15:35,2027-02-07 08:55,980,HND,any,1,2027-02-06,2027-02-14,2026-08-18 04:55:06
2026-08-18,CNY-2027-after,HKD,172,9635,NH,NH812>NH559,1,HKD,2027-02-06 10:00,2027-02-06 19:45,525,NRT,any,1,2027-02-06,2027-02-14,2026-08-18 04:55:06
2026-08-18,CNY-2027-after,HKD,172,9935,NH,NH814>NH553,1,HKD,2027-02-06 00:05,2027-02-06 11:00,595,HND,any,1,2027-02-06,2027-02-14,2026-08-18 04:55:06
2026-08-18,CNY-2027-after,HKD,172,12788,CX+JL,CX524>JL587,1,HKD,2027-02-06 01:25,2027-02-06 14:10,705,NRT,any,0,2027-02-06,2027-02-14,2026-08-18 04:55:06
2026-08-18,CNY-2027-after,HKD,172,12788,CX+JL,CX524>JL589,1,HKD,2027-02-06 01:25,2027-02-06 18:45,980,NRT,any,0,2027-02-06,2027-02-14,2026-08-18 04:55:06
2026-08-18,CNY-2027-after,HKD,172,13691,CX+JL,CX566>JL2123,1,HKD,2027-02-06 01:50,2027-02-06 13:15,625,KIX,any,0,2027-02-06,2027-02-14,2026-08-18 04:55:06
2026-08-18,CNY-2027-after,HKD,172,14404,CX+NH,CX584>NH4857,1,HKD,2027-02-06 10:25,2027-02-06 18:35,430,CTS,any,0,2027-02-06,2027-02-14,2026-08-18 04:55:06
2026-08-19,XMAS-2026,TYO,123,4409,UO,UO652,0,NRT,2026-12-20 14:55,2026-12-20 20:00,245,,nonstop,1,2026-12-20,2027-01-03,2026-08-18 22:44:26
2026-08-19,XMAS-2026,TYO,123,4609,UO,UO650,0,NRT,2026-12-20 14:00,2026-12-20 19:05,245,,nonstop,1,2026-12-20,2027-01-03,2026-08-18 22:44:26
2026-08-19,XMAS-2026,TYO,123,4729,UO,UO628,0,HND,2026-12-20 19:55,2026-12-21 00:45,230,,nonstop,0,2026-12-20,2027-01-03,2026-08-18 22:44:26
2026-08-19,XMAS-2026,TYO,123,4879,UO,UO646,0,NRT,2026-12-20 13:00,2026-12-20 18:05,245,,nonstop,0,2026-12-20,2027-01-03,2026-08-18 22:44:26
2026-08-19,XMAS-2026,TYO,123,5179,UO,UO622,0,HND,2026-12-20 17:55,2026-12-20 22:45,230,,nonstop,0,2026-12-20,2027-01-03,2026-08-18 22:44:26
2026-08-19,XMAS-2026,TYO,123,5179,UO,UO624,0,HND,2026-12-20 23:55,2026-12-21 04:45,230,,nonstop,0,2026-12-20,2027-01-03,2026-08-18 22:44:26
2026-08-19,XMAS-2026,TYO,123,5229,UO,UO854,0,NRT,2026-12-20 02:00,2026-12-20 07:05,245,,nonstop,0,2026-12-20,2027-01-03,2026-08-18 22:44:26
2026-08-19,XMAS-2026,TYO,123,5629,UO,UO870,0,NRT,2026-12-20 10:50,2026-12-20 15:55,245,,nonstop,0,2026-12-20,2027-01-03,2026-08-18 22:44:26
2026-08-19,XMAS-2026,TYO,123,6079,UO,UO848,0,NRT,2026-12-20 09:20,2026-12-20 14:25,245,,nonstop,0,2026-12-20,2027-01-03,2026-08-18 22:44:26
2026-08-19,XMAS-2026,TYO,123,7048,CX,CX504,0,NRT,2026-12-20 09:05,2026-12-20 14:10,245,,nonstop,1,2026-12-20,2027-01-03,2026-08-18 22:44:26
2026-08-19,XMAS-2026,TYO,123,7048,CX,CX524,0,NRT,2026-12-20 01:25,2026-12-20 06:30,245,,nonstop,0,2026-12-20,2027-01-03,2026-08-18 22:44:26
2026-08-19,XMAS-2026,TYO,123,7048,CX,CX520,0,NRT,2026-12-20 10:30,2026-12-20 15:35,245,,nonstop,0,2026-12-20,2027-01-03,2026-08-18 22:44:26
2026-08-19,XMAS-2026,TYO,123,7048,CX,CX500,0,NRT,2026-12-20 15:25,2026-12-20 20:20,235,,nonstop,0,2026-12-20,2027-01-03,2026-08-18 22:44:26
2026-08-19,XMAS-2026,TYO,123,7145,NH,NH814,0,HND,2026-12-20 00:05,2026-12-20 04:55,230,,nonstop,0,2026-12-20,2027-01-03,2026-08-18 22:44:26
2026-08-19,XMAS-2026,TYO,123,7145,NH,NH860,0,HND,2026-12-20 14:20,2026-12-20 19:15,235,,nonstop,0,2026-12-20,2027-01-03,2026-08-18 22:44:26
2026-08-19,XMAS-2026,TYO,123,7438,HB,HB320,0,NRT,2026-12-20 09:05,2026-12-20 14:10,245,,nonstop,0,2026-12-20,2027-01-03,2026-08-18 22:44:26
2026-08-19,XMAS-2026,TYO,123,7508,CX,CX526,0,NRT,2026-12-20 08:15,2026-12-20 13:10,235,,nonstop,0,2026-12-20,2027-01-03,2026-08-18 22:44:26
2026-08-19,XMAS-2026,TYO,123,8259,CX,CX542,0,HND,2026-12-20 16:30,2026-12-20 21:15,225,,nonstop,0,2026-12-20,2027-01-03,2026-08-18 22:44:26
2026-08-19,XMAS-2026,TYO,123,8719,CX,CX548,0,HND,2026-12-20 08:55,2026-12-20 13:45,230,,nonstop,0,2026-12-20,2027-01-03,2026-08-18 22:44:26
2026-08-19,XMAS-2026,TYO,123,10758,JL,JL736,0,NRT,2026-12-20 10:20,2026-12-20 15:20,240,,nonstop,0,2026-12-20,2027-01-03,2026-08-18 22:44:26
2026-08-19,XMAS-2026,TYO,123,11129,JL,JL26,0,HND,2026-12-20 15:35,2026-12-20 20:25,230,,nonstop,0,2026-12-20,2027-01-03,2026-08-18 22:44:26
2026-08-19,XMAS-2026,TYO,123,11306,NH,NH812,0,NRT,2026-12-20 10:00,2026-12-20 15:10,250,,nonstop,0,2026-12-20,2027-01-03,2026-08-18 22:44:26
2026-08-19,XMAS-2026,SDJ,123,5099,UO,UO890,0,SDJ,2026-12-20 09:00,2026-12-20 14:05,245,,nonstop,0,2026-12-20,2027-01-03,2026-08-18 22:44:26
2026-08-19,XMAS-2026,CTS,123,8271,HB,HB2886,0,CTS,2026-12-20 01:15,2026-12-20 07:00,285,,nonstop,1,2026-12-20,2027-01-03,2026-08-18 22:44:26
2026-08-19,XMAS-2026,CTS,123,8671,HB,HB880,0,CTS,2026-12-20 09:15,2026-12-20 15:00,285,,nonstop,1,2026-12-20,2027-01-03,2026-08-18 22:44:26
2026-08-19,XMAS-2026,CTS,123,16646,CX,CX580,0,CTS,2026-12-20 09:10,2026-12-20 14:50,280,,nonstop,0,2026-12-20,2027-01-03,2026-08-18 22:44:26
2026-08-19,XMAS-2026,CTS,123,16646,CX,CX584,0,CTS,2026-12-20 10:25,2026-12-20 15:55,270,,nonstop,0,2026-12-20,2027-01-03,2026-08-18 22:44:26
2026-08-19,XMAS-2026,CTS,123,16646,CX,CX586,0,CTS,2026-12-20 12:25,2026-12-20 17:50,265,,nonstop,0,2026-12-20,2027-01-03,2026-08-18 22:44:26
2026-08-19,XMAS-2026,CTS,123,8271,HB,HB2886,0,CTS,2026-12-20 01:15,2026-12-20 07:00,285,,any,1,2026-12-20,2027-01-03,2026-08-18 22:44:26
2026-08-19,XMAS-2026,CTS,123,8671,HB,HB880,0,CTS,2026-12-20 09:15,2026-12-20 15:00,285,,any,1,2026-12-20,2027-01-03,2026-08-18 22:44:26
2026-08-19,XMAS-2026,CTS,123,9137,KE,KE2012>KE769,1,CTS,2026-12-20 00:55,2026-12-20 15:40,825,ICN,any,0,2026-12-20,2027-01-03,2026-08-18 22:44:26
2026-08-19,XMAS-2026,CTS,123,9279,NH,NH860>NH51,1,CTS,2026-12-20 14:20,2026-12-21 08:30,1030,HND,any,0,2026-12-20,2027-01-03,2026-08-18 22:44:26
2026-08-19,XMAS-2026,CTS,123,10929,NH,NH812>NH77,1,CTS,2026-12-20 10:00,2026-12-20 20:30,570,NRT,any,0,2026-12-20,2027-01-03,2026-08-18 22:44:26
2026-08-19,XMAS-2026,CTS,123,15015,CX,CX580,0,CTS,2026-12-20 09:10,2026-12-20 14:50,280,,any,1,2026-12-20,2027-01-03,2026-08-18 22:44:26
2026-08-19,XMAS-2026,CTS,123,15015,CX,CX584,0,CTS,2026-12-20 10:25,2026-12-20 15:55,270,,any,0,2026-12-20,2027-01-03,2026-08-18 22:44:26
2026-08-19,XMAS-2026,CTS,123,15015,CX,CX586,0,CTS,2026-12-20 12:25,2026-12-20 17:50,265,,any,0,2026-12-20,2027-01-03,2026-08-18 22:44:26
2026-08-19,CNY-2027-before,TYO,164,3139,UO,UO624,0,HND,2027-01-30 23:55,2027-01-31 04:45,230,,nonstop,0,2027-01-30,2027-02-07,2026-08-18 22:44:26
2026-08-19,CNY-2027-before,TYO,164,3249,UO,UO646,0,NRT,2027-01-30 13:00,2027-01-30 18:05,245,,nonstop,1,2027-01-30,2027-02-07,2026-08-18 22:44:26
2026-08-19,CNY-2027-before,TYO,164,3249,UO,UO650,0,NRT,2027-01-30 14:00,2027-01-30 19:05,245,,nonstop,0,2027-01-30,2027-02-07,2026-08-18 22:44:26
2026-08-19,CNY-2027-before,TYO,164,3249,UO,UO652,0,NRT,2027-01-30 14:55,2027-01-30 20:00,245,,nonstop,0,2027-01-30,2027-02-07,2026-08-18 22:44:26
2026-08-19,CNY-2027-before,TYO,164,3449,UO,UO854,0,NRT,2027-01-30 02:00,2027-01-30 07:05,245,,nonstop,0,2027-01-30,2027-02-07,2026-08-18 22:44:26
2026-08-19,CNY-2027-before,TYO,164,3449,UO,UO848,0,NRT,2027-01-30 09:20,2027-01-30 14:25,245,,nonstop,0,2027-01-30,2027-02-07,2026-08-18 22:44:26
2026-08-19,CNY-2027-before,TYO,164,3519,UO,UO622,0,HND,2027-01-30 17:55,2027-01-30 22:45,230,,nonstop,0,2027-01-30,2027-02-07,2026-08-18 22:44:26
2026-08-19,CNY-2027-before,TYO,164,3519,UO,UO628,0,HND,2027-01-30 19:55,2027-01-31 00:45,230,,nonstop,0,2027-01-30,2027-02-07,2026-08-18 22:44:26
2026-08-19,CNY-2027-before,TYO,164,3899,UO,UO870,0,NRT,2027-01-30 10:50,2027-01-30 15:55,245,,nonstop,0,2027-01-30,2027-02-07,2026-08-18 22:44:26
2026-08-19,CNY-2027-before,TYO,164,4798,HB,HB320,0,NRT,2027-01-30 09:05,2027-01-30 14:10,245,,nonstop,1,2027-01-30,2027-02-07,2026-08-18 22:44:26
2026-08-19,CNY-2027-before,TYO,164,5195,NH,NH814,0,HND,2027-01-30 00:05,2027-01-30 04:55,230,,nonstop,1,2027-01-30,2027-02-07,2026-08-18 22:44:26
2026-08-19,CNY-2027-before,TYO,164,5656,NH,NH812,0,NRT,2027-01-30 10:00,2027-01-30 15:10,250,,nonstop,0,2027-01-30,2027-02-07,2026-08-18 22:44:26
2026-08-19,CNY-2027-before,TYO,164,6108,JL,JL736,0,NRT,2027-01-30 10:20,2027-01-30 15:20,240,,nonstop,0,2027-01-30,2027-02-07,2026-08-18 22:44:26
2026-08-19,CNY-2027-before,TYO,164,7647,JL,JL26,0,HND,2027-01-30 15:35,2027-01-30 20:25,230,,nonstop,0,2027-01-30,2027-02-07,2026-08-18 22:44:26
2026-08-19,CNY-2027-before,TYO,164,8245,NH,NH860,0,HND,2027-01-30 14:20,2027-01-30 19:15,235,,nonstop,0,2027-01-30,2027-02-07,2026-08-18 22:44:26
2026-08-19,CNY-2027-before,TYO,164,8748,CX,CX524,0,NRT,2027-01-30 01:25,2027-01-30 06:30,245,,nonstop,0,2027-01-30,2027-02-07,2026-08-18 22:44:26
2026-08-19,CNY-2027-before,TYO,164,8748,CX,CX504,0,NRT,2027-01-30 09:05,2027-01-30 14:10,245,,nonstop,0,2027-01-30,2027-02-07,2026-08-18 22:44:26
2026-08-19,CNY-2027-before,TYO,164,8748,CX,CX520,0,NRT,2027-01-30 10:30,2027-01-30 15:35,245,,nonstop,0,2027-01-30,2027-02-07,2026-08-18 22:44:26
2026-08-19,CNY-2027-before,TYO,164,8748,CX,CX500,0,NRT,2027-01-30 15:25,2027-01-30 20:20,235,,nonstop,0,2027-01-30,2027-02-07,2026-08-18 22:44:26
2026-08-19,CNY-2027-before,TYO,164,9489,CX,CX542,0,HND,2027-01-30 16:30,2027-01-30 21:15,225,,nonstop,0,2027-01-30,2027-02-07,2026-08-18 22:44:26
2026-08-19,CNY-2027-before,TYO,164,10758,CX,CX526,0,NRT,2027-01-30 08:15,2027-01-30 13:10,235,,nonstop,0,2027-01-30,2027-02-07,2026-08-18 22:44:26
2026-08-19,CNY-2027-before,TYO,164,11129,CX,CX548,0,HND,2027-01-30 08:55,2027-01-30 13:45,230,,nonstop,0,2027-01-30,2027-02-07,2026-08-18 22:44:26
2026-08-19,CNY-2027-before,SDJ,164,3519,UO,UO890,0,SDJ,2027-01-30 09:00,2027-01-30 14:05,245,,nonstop,0,2027-01-30,2027-02-07,2026-08-18 22:44:26
2026-08-19,CNY-2027-before,CTS,164,6411,HB,HB880,0,CTS,2027-01-30 09:15,2027-01-30 15:00,285,,nonstop,1,2027-01-30,2027-02-07,2026-08-18 22:44:26
2026-08-19,CNY-2027-before,CTS,164,17181,CX,CX580,0,CTS,2027-01-30 09:10,2027-01-30 14:50,280,,nonstop,0,2027-01-30,2027-02-07,2026-08-18 22:44:26
2026-08-19,CNY-2027-before,CTS,164,17181,CX,CX584,0,CTS,2027-01-30 10:25,2027-01-30 15:55,270,,nonstop,0,2027-01-30,2027-02-07,2026-08-18 22:44:26
2026-08-19,CNY-2027-before,CTS,164,17181,CX,CX586,0,CTS,2027-01-30 12:25,2027-01-30 17:50,265,,nonstop,0,2027-01-30,2027-02-07,2026-08-18 22:44:26
2026-08-19,CNY-2027-before,CTS,164,5729,NH,NH812>NH79,1,CTS,2027-01-30 10:00,2027-01-30 21:35,635,NRT,any,0,2027-01-30,2027-02-07,2026-08-18 22:44:26
2026-08-19,CNY-2027-before,CTS,164,5729,NH,NH860>NH55,1,CTS,2027-01-30 14:20,2027-01-31 10:35,1155,HND,any,0,2027-01-30,2027-02-07,2026-08-18 22:44:26
2026-08-19,CNY-2027-before,CTS,164,5740,NH,NH812>NH77,1,CTS,2027-01-30 10:00,2027-01-30 20:30,570,NRT,any,0,2027-01-30,2027-02-07,2026-08-18 22:44:26
2026-08-19,CNY-2027-before,CTS,164,6411,HB,HB880,0,CTS,2027-01-30 09:15,2027-01-30 15:00,285,,any,1,2027-01-30,2027-02-07,2026-08-18 22:44:26
2026-08-19,CNY-2027-before,CTS,164,6837,KE,KE2006>KE765,1,CTS,2027-01-30 18:10,2027-01-31 12:50,1060,ICN,any,0,2027-01-30,2027-02-07,2026-08-18 22:44:26
2026-08-19,CNY-2027-before,CTS,164,8329,NH,NH814>NH987,1,CTS,2027-01-30 00:05,2027-01-30 07:50,405,HND,any,1,2027-01-30,2027-02-07,2026-08-18 22:44:26
2026-08-19,CNY-2027-before,CTS,164,15015,CX,CX580,0,CTS,2027-01-30 09:10,2027-01-30 14:50,280,,any,1,2027-01-30,2027-02-07,2026-08-18 22:44:26
2026-08-19,CNY-2027-before,CTS,164,15015,CX,CX584,0,CTS,2027-01-30 10:25,2027-01-30 15:55,270,,any,0,2027-01-30,2027-02-07,2026-08-18 22:44:26
2026-08-19,CNY-2027-before,CTS,164,15015,CX,CX586,0,CTS,2027-01-30 12:25,2027-01-30 17:50,265,,any,0,2027-01-30,2027-02-07,2026-08-18 22:44:26
2026-08-19,CNY-2027-before,HKD,164,5285,NH,NH814>NH553,1,HKD,2027-01-30 00:05,2027-01-30 11:00,595,HND,any,1,2027-01-30,2027-02-07,2026-08-18 22:44:26
2026-08-19,CNY-2027-before,HKD,164,5296,NH,NH812>NH559,1,HKD,2027-01-30 10:00,2027-01-30 19:45,525,NRT,any,1,2027-01-30,2027-02-07,2026-08-18 22:44:26
2026-08-19,CNY-2027-before,HKD,164,5296,NH,NH860>NH553,1,HKD,2027-01-30 14:20,2027-01-31 11:00,1180,HND,any,1,2027-01-30,2027-02-07,2026-08-18 22:44:26
2026-08-19,CNY-2027-before,HKD,164,7998,JL,JL736>JL585,1,HKD,2027-01-30 10:20,2027-01-31 08:55,1295,NRT,any,0,2027-01-30,2027-02-07,2026-08-18 22:44:26
2026-08-19,CNY-2027-before,HKD,164,9078,JL,JL26>JL585,1,HKD,2027-01-30 15:35,2027-01-31 08:55,980,HND,any,0,2027-01-30,2027-02-07,2026-08-18 22:44:26
2026-08-19,CNY-2027-before,HKD,164,9355,CX+JL,CX586>JL2741,1,HKD,2027-01-30 12:25,2027-01-31 08:15,1130,CTS,any,0,2027-01-30,2027-02-07,2026-08-18 22:44:26
2026-08-19,CNY-2027-before,HKD,164,10818,CX+JL,CX524>JL587,1,HKD,2027-01-30 01:25,2027-01-30 14:10,705,NRT,any,0,2027-01-30,2027-02-07,2026-08-18 22:44:26
2026-08-19,CNY-2027-before,HKD,164,12434,CX+NH,CX584>NH4857,1,HKD,2027-01-30 10:25,2027-01-30 18:35,430,CTS,any,0,2027-01-30,2027-02-07,2026-08-18 22:44:26
2026-08-19,CNY-2027-before,HKD,164,13232,CX+JL,CX566>JL2123,1,HKD,2027-01-30 01:50,2027-01-30 13:15,625,KIX,any,0,2027-01-30,2027-02-07,2026-08-18 22:44:26
2026-08-19,CNY-2027-after,TYO,171,4929,UO,UO628,0,HND,2027-02-06 19:55,2027-02-07 00:45,230,,nonstop,1,2027-02-06,2027-02-14,2026-08-18 22:44:26
2026-08-19,CNY-2027-after,TYO,171,5179,UO,UO646,0,NRT,2027-02-06 13:00,2027-02-06 18:05,245,,nonstop,1,2027-02-06,2027-02-14,2026-08-18 22:44:26
2026-08-19,CNY-2027-after,TYO,171,5179,UO,UO650,0,NRT,2027-02-06 14:00,2027-02-06 19:05,245,,nonstop,1,2027-02-06,2027-02-14,2026-08-18 22:44:26
2026-08-19,CNY-2027-after,TYO,171,5179,UO,UO652,0,NRT,2027-02-06 14:55,2027-02-06 20:00,245,,nonstop,0,2027-02-06,2027-02-14,2026-08-18 22:44:26
2026-08-19,CNY-2027-after,TYO,171,5349,UO,UO624,0,HND,2027-02-06 23:55,2027-02-07 04:45,230,,nonstop,0,2027-02-06,2027-02-14,2026-08-18 22:44:26
2026-08-19,CNY-2027-after,TYO,171,5629,UO,UO854,0,NRT,2027-02-06 02:00,2027-02-06 07:05,245,,nonstop,0,2027-02-06,2027-02-14,2026-08-18 22:44:26
2026-08-19,CNY-2027-after,TYO,171,5779,UO,UO622,0,HND,2027-02-06 17:55,2027-02-06 22:45,230,,nonstop,0,2027-02-06,2027-02-14,2026-08-18 22:44:26
2026-08-19,CNY-2027-after,TYO,171,6179,UO,UO848,0,NRT,2027-02-06 09:20,2027-02-06 14:25,245,,nonstop,0,2027-02-06,2027-02-14,2026-08-18 22:44:26
2026-08-19,CNY-2027-after,TYO,171,6179,UO,UO870,0,NRT,2027-02-06 10:50,2027-02-06 15:55,245,,nonstop,0,2027-02-06,2027-02-14,2026-08-18 22:44:26
2026-08-19,CNY-2027-after,TYO,171,8677,JL,JL26,0,HND,2027-02-06 15:35,2027-02-06 20:25,230,,nonstop,0,2027-02-06,2027-02-14,2026-08-18 22:44:26
2026-08-19,CNY-2027-after,TYO,171,8775,NH,NH860,0,HND,2027-02-06 14:20,2027-02-06 19:15,235,,nonstop,0,2027-02-06,2027-02-14,2026-08-18 22:44:26
2026-08-19,CNY-2027-after,TYO,171,9545,NH,NH814,0,HND,2027-02-06 00:05,2027-02-06 04:55,230,,nonstop,0,2027-02-06,2027-02-14,2026-08-18 22:44:26
2026-08-19,CNY-2027-after,TYO,171,9968,HB,HB320,0,NRT,2027-02-06 09:05,2027-02-06 14:10,245,,nonstop,0,2027-02-06,2027-02-14,2026-08-18 22:44:26
2026-08-19,CNY-2027-after,TYO,171,10286,NH,NH812,0,NRT,2027-02-06 10:00,2027-02-06 15:10,250,,nonstop,0,2027-02-06,2027-02-14,2026-08-18 22:44:26
2026-08-19,CNY-2027-after,TYO,171,10298,JL,JL736,0,NRT,2027-02-06 10:20,2027-02-06 15:20,240,,nonstop,0,2027-02-06,2027-02-14,2026-08-18 22:44:26
2026-08-19,CNY-2027-after,TYO,171,10438,CX,CX524,0,NRT,2027-02-06 01:25,2027-02-06 06:30,245,,nonstop,0,2027-02-06,2027-02-14,2026-08-18 22:44:26
2026-08-19,CNY-2027-after,TYO,171,10438,CX,CX504,0,NRT,2027-02-06 09:05,2027-02-06 14:10,245,,nonstop,0,2027-02-06,2027-02-14,2026-08-18 22:44:26
2026-08-19,CNY-2027-after,TYO,171,10438,CX,CX520,0,NRT,2027-02-06 10:30,2027-02-06 15:35,245,,nonstop,0,2027-02-06,2027-02-14,2026-08-18 22:44:26
2026-08-19,CNY-2027-after,TYO,171,10438,CX,CX500,0,NRT,2027-02-06 15:25,2027-02-06 20:20,235,,nonstop,0,2027-02-06,2027-02-14,2026-08-18 22:44:26
2026-08-19,CNY-2027-after,TYO,171,11189,CX,CX542,0,HND,2027-02-06 16:30,2027-02-06 21:15,225,,nonstop,0,2027-02-06,2027-02-14,2026-08-18 22:44:26
2026-08-19,CNY-2027-after,TYO,171,12448,CX,CX526,0,NRT,2027-02-06 08:15,2027-02-06 13:10,235,,nonstop,0,2027-02-06,2027-02-14,2026-08-18 22:44:26
2026-08-19,CNY-2027-after,TYO,171,12829,CX,CX548,0,HND,2027-02-06 08:55,2027-02-06 13:45,230,,nonstop,0,2027-02-06,2027-02-14,2026-08-18 22:44:26
2026-08-19,CNY-2027-after,SDJ,171,8499,UO,UO890,0,SDJ,2027-02-06 09:00,2027-02-06 14:05,245,,nonstop,0,2027-02-06,2027-02-14,2026-08-18 22:44:26
2026-08-19,CNY-2027-after,SDJ,171,10443,HB,HB360,0,SDJ,2027-02-06 09:55,2027-02-06 15:20,265,,nonstop,0,2027-02-06,2027-02-14,2026-08-18 22:44:26
2026-08-19,CNY-2027-after,CTS,171,15351,HB,HB880,0,CTS,2027-02-06 09:15,2027-02-06 15:00,285,,nonstop,0,2027-02-06,2027-02-14,2026-08-18 22:44:26
2026-08-19,CNY-2027-after,CTS,171,17181,CX,CX580,0,CTS,2027-02-06 09:10,2027-02-06 14:50,280,,nonstop,1,2027-02-06,2027-02-14,2026-08-18 22:44:26
2026-08-19,CNY-2027-after,CTS,171,17181,CX,CX584,0,CTS,2027-02-06 10:25,2027-02-06 15:55,270,,nonstop,1,2027-02-06,2027-02-14,2026-08-18 22:44:26
2026-08-19,CNY-2027-after,CTS,171,17181,CX,CX586,0,CTS,2027-02-06 12:25,2027-02-06 17:50,265,,nonstop,1,2027-02-06,2027-02-14,2026-08-18 22:44:26
2026-08-19,CNY-2027-after,CTS,171,8731,JL,JL26>JL501,1,CTS,2027-02-06 15:35,2027-02-07 08:00,925,HND,any,0,2027-02-06,2027-02-14,2026-08-18 22:44:26
2026-08-19,CNY-2027-after,CTS,171,10659,NH,NH812>NH77,1,CTS,2027-02-06 10:00,2027-02-06 20:30,570,NRT,any,0,2027-02-06,2027-02-14,2026-08-18 22:44:26
2026-08-19,CNY-2027-after,CTS,171,11379,NH,NH814>NH987,1,CTS,2027-02-06 00:05,2027-02-06 07:50,405,HND,any,1,2027-02-06,2027-02-14,2026-08-18 22:44:26
2026-08-19,CNY-2027-after,CTS,171,12837,KE,KE2006>KE769,1,CTS,2027-02-06 18:10,2027-02-07 15:40,1230,ICN,any,0,2027-02-06,2027-02-14,2026-08-18 22:44:26
2026-08-19,CNY-2027-after,CTS,171,15015,CX,CX580,0,CTS,2027-02-06 09:10,2027-02-06 14:50,280,,any,1,2027-02-06,2027-02-14,2026-08-18 22:44:26
2026-08-19,CNY-2027-after,CTS,171,15015,CX,CX584,0,CTS,2027-02-06 10:25,2027-02-06 15:55,270,,any,1,2027-02-06,2027-02-14,2026-08-18 22:44:26
2026-08-19,CNY-2027-after,CTS,171,15015,CX,CX586,0,CTS,2027-02-06 12:25,2027-02-06 17:50,265,,any,1,2027-02-06,2027-02-14,2026-08-18 22:44:26
2026-08-19,CNY-2027-after,CTS,171,15351,HB,HB880,0,CTS,2027-02-06 09:15,2027-02-06 15:00,285,,any,1,2027-02-06,2027-02-14,2026-08-18 22:44:26
2026-08-19,CNY-2027-after,HKD,171,9165,NH,NH860>NH553,1,HKD,2027-02-06 14:20,2027-02-07 11:00,1180,HND,any,1,2027-02-06,2027-02-14,2026-08-18 22:44:26
2026-08-19,CNY-2027-after,HKD,171,9207,JL,JL26>JL585,1,HKD,2027-02-06 15:35,2027-02-07 08:55,980,HND,any,1,2027-02-06,2027-02-14,2026-08-18 22:44:26
2026-08-19,CNY-2027-after,HKD,171,9635,NH,NH812>NH559,1,HKD,2027-02-06 10:00,2027-02-06 19:45,525,NRT,any,1,2027-02-06,2027-02-14,2026-08-18 22:44:26
2026-08-19,CNY-2027-after,HKD,171,9935,NH,NH814>NH553,1,HKD,2027-02-06 00:05,2027-02-06 11:00,595,HND,any,1,2027-02-06,2027-02-14,2026-08-18 22:44:26
2026-08-19,CNY-2027-after,HKD,171,12788,CX+JL,CX524>JL587,1,HKD,2027-02-06 01:25,2027-02-06 14:10,705,NRT,any,0,2027-02-06,2027-02-14,2026-08-18 22:44:26
2026-08-19,CNY-2027-after,HKD,171,12788,CX+JL,CX524>JL589,1,HKD,2027-02-06 01:25,2027-02-06 18:45,980,NRT,any,0,2027-02-06,2027-02-14,2026-08-18 22:44:26
2026-08-19,CNY-2027-after,HKD,171,13691,CX+JL,CX566>JL2123,1,HKD,2027-02-06 01:50,2027-02-06 13:15,625,KIX,any,0,2027-02-06,2027-02-14,2026-08-18 22:44:26
2026-08-19,CNY-2027-after,HKD,171,14404,CX+NH,CX584>NH4857,1,HKD,2027-02-06 10:25,2027-02-06 18:35,430,CTS,any,0,2027-02-06,2027-02-14,2026-08-18 22:44:26
2026-08-20,XMAS-2026,TYO,122,4609,UO,UO650,0,NRT,2026-12-20 14:00,2026-12-20 19:05,245,,nonstop,1,2026-12-20,2027-01-03,2026-08-19 22:45:28
2026-08-20,XMAS-2026,TYO,122,4609,UO,UO652,0,NRT,2026-12-20 14:55,2026-12-20 20:00,245,,nonstop,1,2026-12-20,2027-01-03,2026-08-19 22:45:28
2026-08-20,XMAS-2026,TYO,122,4729,UO,UO628,0,HND,2026-12-20 19:55,2026-12-21 00:45,230,,nonstop,0,2026-12-20,2027-01-03,2026-08-19 22:45:28
2026-08-20,XMAS-2026,TYO,122,4879,UO,UO646,0,NRT,2026-12-20 13:00,2026-12-20 18:05,245,,nonstop,0,2026-12-20,2027-01-03,2026-08-19 22:45:28
2026-08-20,XMAS-2026,TYO,122,5179,UO,UO622,0,HND,2026-12-20 17:55,2026-12-20 22:45,230,,nonstop,0,2026-12-20,2027-01-03,2026-08-19 22:45:28
2026-08-20,XMAS-2026,TYO,122,5179,UO,UO624,0,HND,2026-12-20 23:55,2026-12-21 04:45,230,,nonstop,0,2026-12-20,2027-01-03,2026-08-19 22:45:28
2026-08-20,XMAS-2026,TYO,122,5229,UO,UO854,0,NRT,2026-12-20 02:00,2026-12-20 07:05,245,,nonstop,0,2026-12-20,2027-01-03,2026-08-19 22:45:28
2026-08-20,XMAS-2026,TYO,122,5629,UO,UO870,0,NRT,2026-12-20 10:50,2026-12-20 15:55,245,,nonstop,0,2026-12-20,2027-01-03,2026-08-19 22:45:28
2026-08-20,XMAS-2026,TYO,122,6079,UO,UO848,0,NRT,2026-12-20 09:20,2026-12-20 14:25,245,,nonstop,0,2026-12-20,2027-01-03,2026-08-19 22:45:28
2026-08-20,XMAS-2026,TYO,122,7047,CX,CX526,0,NRT,2026-12-20 08:15,2026-12-20 13:10,235,,nonstop,1,2026-12-20,2027-01-03,2026-08-19 22:45:28
2026-08-20,XMAS-2026,TYO,122,7047,CX,CX524,0,NRT,2026-12-20 01:25,2026-12-20 06:30,245,,nonstop,0,2026-12-20,2027-01-03,2026-08-19 22:45:28
2026-08-20,XMAS-2026,TYO,122,7047,CX,CX504,0,NRT,2026-12-20 09:05,2026-12-20 14:10,245,,nonstop,0,2026-12-20,2027-01-03,2026-08-19 22:45:28
2026-08-20,XMAS-2026,TYO,122,7047,CX,CX520,0,NRT,2026-12-20 10:30,2026-12-20 15:35,245,,nonstop,0,2026-12-20,2027-01-03,2026-08-19 22:45:28
2026-08-20,XMAS-2026,TYO,122,7047,CX,CX500,0,NRT,2026-12-20 15:25,2026-12-20 20:20,235,,nonstop,0,2026-12-20,2027-01-03,2026-08-19 22:45:28
2026-08-20,XMAS-2026,TYO,122,7144,NH,NH814,0,HND,2026-12-20 00:05,2026-12-20 04:55,230,,nonstop,1,2026-12-20,2027-01-03,2026-08-19 22:45:28
2026-08-20,XMAS-2026,TYO,122,7144,NH,NH860,0,HND,2026-12-20 14:20,2026-12-20 19:15,235,,nonstop,0,2026-12-20,2027-01-03,2026-08-19 22:45:28
2026-08-20,XMAS-2026,TYO,122,7437,HB,HB320,0,NRT,2026-12-20 09:05,2026-12-20 14:10,245,,nonstop,0,2026-12-20,2027-01-03,2026-08-19 22:45:28
2026-08-20,XMAS-2026,TYO,122,8258,CX,CX542,0,HND,2026-12-20 16:30,2026-12-20 21:15,225,,nonstop,0,2026-12-20,2027-01-03,2026-08-19 22:45:28
2026-08-20,XMAS-2026,TYO,122,8719,CX,CX548,0,HND,2026-12-20 08:55,2026-12-20 13:45,230,,nonstop,0,2026-12-20,2027-01-03,2026-08-19 22:45:28
2026-08-20,XMAS-2026,TYO,122,10758,JL,JL736,0,NRT,2026-12-20 10:20,2026-12-20 15:20,240,,nonstop,0,2026-12-20,2027-01-03,2026-08-19 22:45:28
2026-08-20,XMAS-2026,TYO,122,11129,JL,JL26,0,HND,2026-12-20 15:35,2026-12-20 20:25,230,,nonstop,0,2026-12-20,2027-01-03,2026-08-19 22:45:28
2026-08-20,XMAS-2026,TYO,122,11305,NH,NH812,0,NRT,2026-12-20 10:00,2026-12-20 15:10,250,,nonstop,0,2026-12-20,2027-01-03,2026-08-19 22:45:28
2026-08-20,XMAS-2026,SDJ,122,5099,UO,UO890,0,SDJ,2026-12-20 09:00,2026-12-20 14:05,245,,nonstop,0,2026-12-20,2027-01-03,2026-08-19 22:45:28
2026-08-20,XMAS-2026,CTS,122,8271,HB,HB2886,0,CTS,2026-12-20 01:15,2026-12-20 07:00,285,,nonstop,1,2026-12-20,2027-01-03,2026-08-19 22:45:28
2026-08-20,XMAS-2026,CTS,122,8671,HB,HB880,0,CTS,2026-12-20 09:15,2026-12-20 15:00,285,,nonstop,1,2026-12-20,2027-01-03,2026-08-19 22:45:28
2026-08-20,XMAS-2026,CTS,122,16698,CX,CX580,0,CTS,2026-12-20 09:10,2026-12-20 14:50,280,,nonstop,0,2026-12-20,2027-01-03,2026-08-19 22:45:28
2026-08-20,XMAS-2026,CTS,122,16698,CX,CX584,0,CTS,2026-12-20 10:25,2026-12-20 15:55,270,,nonstop,0,2026-12-20,2027-01-03,2026-08-19 22:45:28
2026-08-20,XMAS-2026,CTS,122,16698,CX,CX586,0,CTS,2026-12-20 12:25,2026-12-20 17:50,265,,nonstop,0,2026-12-20,2027-01-03,2026-08-19 22:45:28
2026-08-20,XMAS-2026,CTS,122,8271,HB,HB2886,0,CTS,2026-12-20 01:15,2026-12-20 07:00,285,,any,1,2026-12-20,2027-01-03,2026-08-19 22:45:28
2026-08-20,XMAS-2026,CTS,122,8671,HB,HB880,0,CTS,2026-12-20 09:15,2026-12-20 15:00,285,,any,1,2026-12-20,2027-01-03,2026-08-19 22:45:28
2026-08-20,XMAS-2026,CTS,122,8778,NH,NH814>NH653>NH379,2,CTS,2026-12-20 00:05,2026-12-20 13:55,770,HND-OKJ,any,0,2026-12-20,2027-01-03,2026-08-19 22:45:28
2026-08-20,XMAS-2026,CTS,122,8778,NH,NH814>NH651>NH379,2,CTS,2026-12-20 00:05,2026-12-20 13:55,770,HND-OKJ,any,0,2026-12-20,2027-01-03,2026-08-19 22:45:28
2026-08-20,XMAS-2026,CTS,122,9278,NH,NH860>NH51,1,CTS,2026-12-20 14:20,2026-12-21 08:30,1030,HND,any,0,2026-12-20,2027-01-03,2026-08-19 22:45:28
2026-08-20,XMAS-2026,CTS,122,9797,CI,CI924>CI130,1,CTS,2026-12-20 21:10,2026-12-21 13:20,910,TPE,any,0,2026-12-20,2027-01-03,2026-08-19 22:45:28
2026-08-20,XMAS-2026,CTS,122,10929,NH,NH812>NH77,1,CTS,2026-12-20 10:00,2026-12-20 20:30,570,NRT,any,0,2026-12-20,2027-01-03,2026-08-19 22:45:28
2026-08-20,XMAS-2026,CTS,122,15015,CX,CX580,0,CTS,2026-12-20 09:10,2026-12-20 14:50,280,,any,1,2026-12-20,2027-01-03,2026-08-19 22:45:28
2026-08-20,XMAS-2026,CTS,122,15015,CX,CX584,0,CTS,2026-12-20 10:25,2026-12-20 15:55,270,,any,0,2026-12-20,2027-01-03,2026-08-19 22:45:28
2026-08-20,XMAS-2026,CTS,122,15015,CX,CX586,0,CTS,2026-12-20 12:25,2026-12-20 17:50,265,,any,0,2026-12-20,2027-01-03,2026-08-19 22:45:28
2026-08-20,CNY-2027-before,TYO,163,3139,UO,UO624,0,HND,2027-01-30 23:55,2027-01-31 04:45,230,,nonstop,1,2027-01-30,2027-02-07,2026-08-19 22:45:28
2026-08-20,CNY-2027-before,TYO,163,3249,UO,UO646,0,NRT,2027-01-30 13:00,2027-01-30 18:05,245,,nonstop,0,2027-01-30,2027-02-07,2026-08-19 22:45:28
2026-08-20,CNY-2027-before,TYO,163,3249,UO,UO650,0,NRT,2027-01-30 14:00,2027-01-30 19:05,245,,nonstop,0,2027-01-30,2027-02-07,2026-08-19 22:45:28
2026-08-20,CNY-2027-before,TYO,163,3249,UO,UO652,0,NRT,2027-01-30 14:55,2027-01-30 20:00,245,,nonstop,0,2027-01-30,2027-02-07,2026-08-19 22:45:28
2026-08-20,CNY-2027-before,TYO,163,3449,UO,UO854,0,NRT,2027-01-30 02:00,2027-01-30 07:05,245,,nonstop,0,2027-01-30,2027-02-07,2026-08-19 22:45:28
2026-08-20,CNY-2027-before,TYO,163,3449,UO,UO848,0,NRT,2027-01-30 09:20,2027-01-30 14:25,245,,nonstop,0,2027-01-30,2027-02-07,2026-08-19 22:45:28
2026-08-20,CNY-2027-before,TYO,163,3519,UO,UO622,0,HND,2027-01-30 17:55,2027-01-30 22:45,230,,nonstop,0,2027-01-30,2027-02-07,2026-08-19 22:45:28
2026-08-20,CNY-2027-before,TYO,163,3519,UO,UO628,0,HND,2027-01-30 19:55,2027-01-31 00:45,230,,nonstop,0,2027-01-30,2027-02-07,2026-08-19 22:45:28
2026-08-20,CNY-2027-before,TYO,163,3899,UO,UO870,0,NRT,2027-01-30 10:50,2027-01-30 15:55,245,,nonstop,0,2027-01-30,2027-02-07,2026-08-19 22:45:28
2026-08-20,CNY-2027-before,TYO,163,4797,HB,HB320,0,NRT,2027-01-30 09:05,2027-01-30 14:10,245,,nonstop,1,2027-01-30,2027-02-07,2026-08-19 22:45:28
2026-08-20,CNY-2027-before,TYO,163,5194,NH,NH860,0,HND,2027-01-30 14:20,2027-01-30 19:15,235,,nonstop,0,2027-01-30,2027-02-07,2026-08-19 22:45:28
2026-08-20,CNY-2027-before,TYO,163,5205,NH,NH812,0,NRT,2027-01-30 10:00,2027-01-30 15:10,250,,nonstop,1,2027-01-30,2027-02-07,2026-08-19 22:45:28
2026-08-20,CNY-2027-before,TYO,163,6577,JL,JL736,0,NRT,2027-01-30 10:20,2027-01-30 15:20,240,,nonstop,0,2027-01-30,2027-02-07,2026-08-19 22:45:28
2026-08-20,CNY-2027-before,TYO,163,7646,JL,JL26,0,HND,2027-01-30 15:35,2027-01-30 20:25,230,,nonstop,0,2027-01-30,2027-02-07,2026-08-19 22:45:28
2026-08-20,CNY-2027-before,TYO,163,8244,NH,NH814,0,HND,2027-01-30 00:05,2027-01-30 04:55,230,,nonstop,0,2027-01-30,2027-02-07,2026-08-19 22:45:28
2026-08-20,CNY-2027-before,TYO,163,8747,CX,CX524,0,NRT,2027-01-30 01:25,2027-01-30 06:30,245,,nonstop,0,2027-01-30,2027-02-07,2026-08-19 22:45:28
2026-08-20,CNY-2027-before,TYO,163,8747,CX,CX504,0,NRT,2027-01-30 09:05,2027-01-30 14:10,245,,nonstop,0,2027-01-30,2027-02-07,2026-08-19 22:45:28
2026-08-20,CNY-2027-before,TYO,163,8747,CX,CX520,0,NRT,2027-01-30 10:30,2027-01-30 15:35,245,,nonstop,0,2027-01-30,2027-02-07,2026-08-19 22:45:28
2026-08-20,CNY-2027-before,TYO,163,8747,CX,CX500,0,NRT,2027-01-30 15:25,2027-01-30 20:20,235,,nonstop,0,2027-01-30,2027-02-07,2026-08-19 22:45:28
2026-08-20,CNY-2027-before,TYO,163,9488,CX,CX542,0,HND,2027-01-30 16:30,2027-01-30 21:15,225,,nonstop,0,2027-01-30,2027-02-07,2026-08-19 22:45:28
2026-08-20,CNY-2027-before,TYO,163,10757,CX,CX526,0,NRT,2027-01-30 08:15,2027-01-30 13:10,235,,nonstop,0,2027-01-30,2027-02-07,2026-08-19 22:45:28
2026-08-20,CNY-2027-before,TYO,163,11128,CX,CX548,0,HND,2027-01-30 08:55,2027-01-30 13:45,230,,nonstop,0,2027-01-30,2027-02-07,2026-08-19 22:45:28
2026-08-20,CNY-2027-before,SDJ,163,3519,UO,UO890,0,SDJ,2027-01-30 09:00,2027-01-30 14:05,245,,nonstop,0,2027-01-30,2027-02-07,2026-08-19 22:45:28
2026-08-20,CNY-2027-before,CTS,163,6411,HB,HB880,0,CTS,2027-01-30 09:15,2027-01-30 15:00,285,,nonstop,1,2027-01-30,2027-02-07,2026-08-19 22:45:28
2026-08-20,CNY-2027-before,CTS,163,17181,CX,CX580,0,CTS,2027-01-30 09:10,2027-01-30 14:50,280,,nonstop,0,2027-01-30,2027-02-07,2026-08-19 22:45:28
2026-08-20,CNY-2027-before,CTS,163,17181,CX,CX584,0,CTS,2027-01-30 10:25,2027-01-30 15:55,270,,nonstop,0,2027-01-30,2027-02-07,2026-08-19 22:45:28
2026-08-20,CNY-2027-before,CTS,163,17181,CX,CX586,0,CTS,2027-01-30 12:25,2027-01-30 17:50,265,,nonstop,0,2027-01-30,2027-02-07,2026-08-19 22:45:28
2026-08-20,CNY-2027-before,CTS,163,5427,CI,CI924>CI130,1,CTS,2027-01-30 21:10,2027-01-31 13:20,910,TPE,any,0,2027-01-30,2027-02-07,2026-08-19 22:45:28
2026-08-20,CNY-2027-before,CTS,163,6178,NH,NH814>NH57,1,CTS,2027-01-30 00:05,2027-01-30 11:05,600,HND,any,1,2027-01-30,2027-02-07,2026-08-19 22:45:28
2026-08-20,CNY-2027-before,CTS,163,6179,NH,NH814>NH987,1,CTS,2027-01-30 00:05,2027-01-30 07:50,405,HND,any,1,2027-01-30,2027-02-07,2026-08-19 22:45:28
2026-08-20,CNY-2027-before,CTS,163,6179,NH,NH812>NH77,1,CTS,2027-01-30 10:00,2027-01-30 20:30,570,NRT,any,0,2027-01-30,2027-02-07,2026-08-19 22:45:28
2026-08-20,CNY-2027-before,CTS,163,6411,HB,HB880,0,CTS,2027-01-30 09:15,2027-01-30 15:00,285,,any,1,2027-01-30,2027-02-07,2026-08-19 22:45:28
2026-08-20,CNY-2027-before,CTS,163,7337,KE,KE2012>KE765,1,CTS,2027-01-30 00:55,2027-01-30 12:50,655,ICN,any,0,2027-01-30,2027-02-07,2026-08-19 22:45:28
2026-08-20,CNY-2027-before,CTS,163,17151,CX,CX580,0,CTS,2027-01-30 09:10,2027-01-30 14:50,280,,any,0,2027-01-30,2027-02-07,2026-08-19 22:45:28
2026-08-20,CNY-2027-before,CTS,163,17151,CX,CX584,0,CTS,2027-01-30 10:25,2027-01-30 15:55,270,,any,0,2027-01-30,2027-02-07,2026-08-19 22:45:28
2026-08-20,CNY-2027-before,CTS,163,17151,CX,CX586,0,CTS,2027-01-30 12:25,2027-01-30 17:50,265,,any,0,2027-01-30,2027-02-07,2026-08-19 22:45:28
2026-08-20,CNY-2027-before,HKD,163,5284,NH,NH814>NH553,1,HKD,2027-01-30 00:05,2027-01-30 11:00,595,HND,any,1,2027-01-30,2027-02-07,2026-08-19 22:45:28
2026-08-20,CNY-2027-before,HKD,163,5735,NH,NH812>NH559,1,HKD,2027-01-30 10:00,2027-01-30 19:45,525,NRT,any,1,2027-01-30,2027-02-07,2026-08-19 22:45:28
2026-08-20,CNY-2027-before,HKD,163,7998,JL,JL736>JL585,1,HKD,2027-01-30 10:20,2027-01-31 08:55,1295,NRT,any,0,2027-01-30,2027-02-07,2026-08-19 22:45:28
2026-08-20,CNY-2027-before,HKD,163,8335,NH,NH860>NH553,1,HKD,2027-01-30 14:20,2027-01-31 11:00,1180,HND,any,0,2027-01-30,2027-02-07,2026-08-19 22:45:28
2026-08-20,CNY-2027-before,HKD,163,9078,JL,JL26>JL585,1,HKD,2027-01-30 15:35,2027-01-31 08:55,980,HND,any,0,2027-01-30,2027-02-07,2026-08-19 22:45:28
2026-08-20,CNY-2027-before,HKD,163,10818,CX+JL,CX524>JL587,1,HKD,2027-01-30 01:25,2027-01-30 14:10,705,NRT,any,0,2027-01-30,2027-02-07,2026-08-19 22:45:28
2026-08-20,CNY-2027-before,HKD,163,12434,CX+NH,CX584>NH4857,1,HKD,2027-01-30 10:25,2027-01-30 18:35,430,CTS,any,0,2027-01-30,2027-02-07,2026-08-19 22:45:28
2026-08-20,CNY-2027-after,TYO,170,4929,UO,UO628,0,HND,2027-02-06 19:55,2027-02-07 00:45,230,,nonstop,1,2027-02-06,2027-02-14,2026-08-19 22:45:28
2026-08-20,CNY-2027-after,TYO,170,5179,UO,UO646,0,NRT,2027-02-06 13:00,2027-02-06 18:05,245,,nonstop,1,2027-02-06,2027-02-14,2026-08-19 22:45:28
2026-08-20,CNY-2027-after,TYO,170,5179,UO,UO650,0,NRT,2027-02-06 14:00,2027-02-06 19:05,245,,nonstop,1,2027-02-06,2027-02-14,2026-08-19 22:45:28
2026-08-20,CNY-2027-after,TYO,170,5179,UO,UO652,0,NRT,2027-02-06 14:55,2027-02-06 20:00,245,,nonstop,0,2027-02-06,2027-02-14,2026-08-19 22:45:28
2026-08-20,CNY-2027-after,TYO,170,5349,UO,UO624,0,HND,2027-02-06 23:55,2027-02-07 04:45,230,,nonstop,0,2027-02-06,2027-02-14,2026-08-19 22:45:28
2026-08-20,CNY-2027-after,TYO,170,5629,UO,UO854,0,NRT,2027-02-06 02:00,2027-02-06 07:05,245,,nonstop,0,2027-02-06,2027-02-14,2026-08-19 22:45:28
2026-08-20,CNY-2027-after,TYO,170,5779,UO,UO622,0,HND,2027-02-06 17:55,2027-02-06 22:45,230,,nonstop,0,2027-02-06,2027-02-14,2026-08-19 22:45:28
2026-08-20,CNY-2027-after,TYO,170,6179,UO,UO848,0,NRT,2027-02-06 09:20,2027-02-06 14:25,245,,nonstop,0,2027-02-06,2027-02-14,2026-08-19 22:45:28
2026-08-20,CNY-2027-after,TYO,170,6179,UO,UO870,0,NRT,2027-02-06 10:50,2027-02-06 15:55,245,,nonstop,0,2027-02-06,2027-02-14,2026-08-19 22:45:28
2026-08-20,CNY-2027-after,TYO,170,7596,JL,JL26,0,HND,2027-02-06 15:35,2027-02-06 20:25,230,,nonstop,1,2027-02-06,2027-02-14,2026-08-19 22:45:28
2026-08-20,CNY-2027-after,TYO,170,8774,NH,NH860,0,HND,2027-02-06 14:20,2027-02-06 19:15,235,,nonstop,0,2027-02-06,2027-02-14,2026-08-19 22:45:28
2026-08-20,CNY-2027-after,TYO,170,9544,NH,NH814,0,HND,2027-02-06 00:05,2027-02-06 04:55,230,,nonstop,0,2027-02-06,2027-02-14,2026-08-19 22:45:28
2026-08-20,CNY-2027-after,TYO,170,9885,NH,NH812,0,NRT,2027-02-06 10:00,2027-02-06 15:10,250,,nonstop,0,2027-02-06,2027-02-14,2026-08-19 22:45:28
2026-08-20,CNY-2027-after,TYO,170,9967,HB,HB320,0,NRT,2027-02-06 09:05,2027-02-06 14:10,245,,nonstop,0,2027-02-06,2027-02-14,2026-08-19 22:45:28
2026-08-20,CNY-2027-after,TYO,170,10437,CX,CX524,0,NRT,2027-02-06 01:25,2027-02-06 06:30,245,,nonstop,0,2027-02-06,2027-02-14,2026-08-19 22:45:28
2026-08-20,CNY-2027-after,TYO,170,10437,CX,CX504,0,NRT,2027-02-06 09:05,2027-02-06 14:10,245,,nonstop,0,2027-02-06,2027-02-14,2026-08-19 22:45:28
2026-08-20,CNY-2027-after,TYO,170,10437,CX,CX520,0,NRT,2027-02-06 10:30,2027-02-06 15:35,245,,nonstop,0,2027-02-06,2027-02-14,2026-08-19 22:45:28
2026-08-20,CNY-2027-after,TYO,170,10437,CX,CX500,0,NRT,2027-02-06 15:25,2027-02-06 20:20,235,,nonstop,0,2027-02-06,2027-02-14,2026-08-19 22:45:28
2026-08-20,CNY-2027-after,TYO,170,11188,CX,CX542,0,HND,2027-02-06 16:30,2027-02-06 21:15,225,,nonstop,0,2027-02-06,2027-02-14,2026-08-19 22:45:28
2026-08-20,CNY-2027-after,TYO,170,11637,JL,JL736,0,NRT,2027-02-06 10:20,2027-02-06 15:20,240,,nonstop,0,2027-02-06,2027-02-14,2026-08-19 22:45:28
2026-08-20,CNY-2027-after,TYO,170,12447,CX,CX526,0,NRT,2027-02-06 08:15,2027-02-06 13:10,235,,nonstop,0,2027-02-06,2027-02-14,2026-08-19 22:45:28
2026-08-20,CNY-2027-after,TYO,170,12828,CX,CX548,0,HND,2027-02-06 08:55,2027-02-06 13:45,230,,nonstop,0,2027-02-06,2027-02-14,2026-08-19 22:45:28
2026-08-20,CNY-2027-after,SDJ,170,8499,UO,UO890,0,SDJ,2027-02-06 09:00,2027-02-06 14:05,245,,nonstop,0,2027-02-06,2027-02-14,2026-08-19 22:45:28
2026-08-20,CNY-2027-after,SDJ,170,10490,HB,HB360,0,SDJ,2027-02-06 09:55,2027-02-06 15:20,265,,nonstop,0,2027-02-06,2027-02-14,2026-08-19 22:45:28
2026-08-20,CNY-2027-after,CTS,170,15351,HB,HB880,0,CTS,2027-02-06 09:15,2027-02-06 15:00,285,,nonstop,1,2027-02-06,2027-02-14,2026-08-19 22:45:28
2026-08-20,CNY-2027-after,CTS,170,17181,CX,CX580,0,CTS,2027-02-06 09:10,2027-02-06 14:50,280,,nonstop,1,2027-02-06,2027-02-14,2026-08-19 22:45:28
2026-08-20,CNY-2027-after,CTS,170,17181,CX,CX584,0,CTS,2027-02-06 10:25,2027-02-06 15:55,270,,nonstop,0,2027-02-06,2027-02-14,2026-08-19 22:45:28
2026-08-20,CNY-2027-after,CTS,170,17181,CX,CX586,0,CTS,2027-02-06 12:25,2027-02-06 17:50,265,,nonstop,0,2027-02-06,2027-02-14,2026-08-19 22:45:28
2026-08-20,CNY-2027-after,CTS,170,8730,JL,JL26>JL501,1,CTS,2027-02-06 15:35,2027-02-07 08:00,925,HND,any,0,2027-02-06,2027-02-14,2026-08-19 22:45:28
2026-08-20,CNY-2027-after,CTS,170,10658,NH,NH814>NH753>NH1173,2,CTS,2027-02-06 00:05,2027-02-06 13:00,715,HND-KMQ,any,0,2027-02-06,2027-02-14,2026-08-19 22:45:28
2026-08-20,CNY-2027-after,CTS,170,10659,NH,NH812>NH77,1,CTS,2027-02-06 10:00,2027-02-06 20:30,570,NRT,any,0,2027-02-06,2027-02-14,2026-08-19 22:45:28
2026-08-20,CNY-2027-after,CTS,170,11379,NH,NH814>NH987,1,CTS,2027-02-06 00:05,2027-02-06 07:50,405,HND,any,1,2027-02-06,2027-02-14,2026-08-19 22:45:28
2026-08-20,CNY-2027-after,CTS,170,14907,CI,CI924>CI2130,1,CTS,2027-02-06 21:10,2027-02-07 09:40,690,TPE,any,0,2027-02-06,2027-02-14,2026-08-19 22:45:28
2026-08-20,CNY-2027-after,CTS,170,15015,CX,CX580,0,CTS,2027-02-06 09:10,2027-02-06 14:50,280,,any,1,2027-02-06,2027-02-14,2026-08-19 22:45:28
2026-08-20,CNY-2027-after,CTS,170,15015,CX,CX584,0,CTS,2027-02-06 10:25,2027-02-06 15:55,270,,any,0,2027-02-06,2027-02-14,2026-08-19 22:45:28
2026-08-20,CNY-2027-after,CTS,170,15015,CX,CX586,0,CTS,2027-02-06 12:25,2027-02-06 17:50,265,,any,0,2027-02-06,2027-02-14,2026-08-19 22:45:28
2026-08-20,CNY-2027-after,CTS,170,15351,HB,HB880,0,CTS,2027-02-06 09:15,2027-02-06 15:00,285,,any,1,2027-02-06,2027-02-14,2026-08-19 22:45:28
2026-08-20,CNY-2027-after,HKD,170,9164,NH,NH860>NH553,1,HKD,2027-02-06 14:20,2027-02-07 11:00,1180,HND,any,0,2027-02-06,2027-02-14,2026-08-19 22:45:28
2026-08-20,CNY-2027-after,HKD,170,9206,JL,JL26>JL585,1,HKD,2027-02-06 15:35,2027-02-07 08:55,980,HND,any,1,2027-02-06,2027-02-14,2026-08-19 22:45:28
2026-08-20,CNY-2027-after,HKD,170,9635,NH,NH812>NH559,1,HKD,2027-02-06 10:00,2027-02-06 19:45,525,NRT,any,1,2027-02-06,2027-02-14,2026-08-19 22:45:28
2026-08-20,CNY-2027-after,HKD,170,9935,NH,NH814>NH555,1,HKD,2027-02-06 00:05,2027-02-06 14:10,785,HND,any,0,2027-02-06,2027-02-14,2026-08-19 22:45:28
2026-08-20,CNY-2027-after,HKD,170,10665,NH,NH814>NH553,1,HKD,2027-02-06 00:05,2027-02-06 11:00,595,HND,any,0,2027-02-06,2027-02-14,2026-08-19 22:45:28
2026-08-20,CNY-2027-after,HKD,170,12777,CX+JL,CX524>JL587,1,HKD,2027-02-06 01:25,2027-02-06 14:10,705,NRT,any,0,2027-02-06,2027-02-14,2026-08-19 22:45:28
2026-08-20,CNY-2027-after,HKD,170,12777,CX+JL,CX524>JL589,1,HKD,2027-02-06 01:25,2027-02-06 18:45,980,NRT,any,0,2027-02-06,2027-02-14,2026-08-19 22:45:28
2026-08-20,CNY-2027-after,HKD,170,13691,CX+JL,CX566>JL2123,1,HKD,2027-02-06 01:50,2027-02-06 13:15,625,KIX,any,0,2027-02-06,2027-02-14,2026-08-19 22:45:28
2026-08-20,CNY-2027-after,HKD,170,14394,CX+NH,CX580>NH4857,1,HKD,2027-02-06 09:10,2027-02-06 18:35,505,CTS,any,0,2027-02-06,2027-02-14,2026-08-19 22:45:28
2026-08-21,XMAS-2026,SDJ,121,5099,UO,UO890,0,SDJ,2026-12-20 09:00,2026-12-20 14:05,245,,nonstop,0,2026-12-20,2027-01-03,2026-08-20 22:48:46
2026-08-21,XMAS-2026,CTS,121,8273,HB,HB2886,0,CTS,2026-12-20 01:15,2026-12-20 07:00,285,,nonstop,1,2026-12-20,2027-01-03,2026-08-20 22:48:46
2026-08-21,XMAS-2026,CTS,121,8673,HB,HB880,0,CTS,2026-12-20 09:15,2026-12-20 15:00,285,,nonstop,1,2026-12-20,2027-01-03,2026-08-20 22:48:46
2026-08-21,XMAS-2026,CTS,121,16666,CX,CX580,0,CTS,2026-12-20 09:10,2026-12-20 14:50,280,,nonstop,0,2026-12-20,2027-01-03,2026-08-20 22:48:46
2026-08-21,XMAS-2026,CTS,121,16666,CX,CX584,0,CTS,2026-12-20 10:25,2026-12-20 15:55,270,,nonstop,0,2026-12-20,2027-01-03,2026-08-20 22:48:46
2026-08-21,XMAS-2026,CTS,121,16666,CX,CX586,0,CTS,2026-12-20 12:25,2026-12-20 17:50,265,,nonstop,0,2026-12-20,2027-01-03,2026-08-20 22:48:46
2026-08-21,XMAS-2026,CTS,121,8273,HB,HB2886,0,CTS,2026-12-20 01:15,2026-12-20 07:00,285,,any,1,2026-12-20,2027-01-03,2026-08-20 22:48:46
2026-08-21,XMAS-2026,CTS,121,8673,HB,HB880,0,CTS,2026-12-20 09:15,2026-12-20 15:00,285,,any,1,2026-12-20,2027-01-03,2026-08-20 22:48:46
2026-08-21,XMAS-2026,CTS,121,8780,NH,NH860>NH51,1,CTS,2026-12-20 14:20,2026-12-21 08:30,1030,HND,any,0,2026-12-20,2027-01-03,2026-08-20 22:48:46
2026-08-21,XMAS-2026,CTS,121,10141,KE,KE2012>KE769,1,CTS,2026-12-20 00:55,2026-12-20 15:40,825,ICN,any,0,2026-12-20,2027-01-03,2026-08-20 22:48:46
2026-08-21,XMAS-2026,CTS,121,10430,NH,NH812>NH2155,1,CTS,2026-12-20 10:00,2026-12-20 19:40,520,NRT,any,0,2026-12-20,2027-01-03,2026-08-20 22:48:46
2026-08-21,XMAS-2026,CTS,121,15018,CX,CX584,0,CTS,2026-12-20 10:25,2026-12-20 15:55,270,,any,1,2026-12-20,2027-01-03,2026-08-20 22:48:46
2026-08-21,XMAS-2026,CTS,121,15018,CX,CX580,0,CTS,2026-12-20 09:10,2026-12-20 14:50,280,,any,0,2026-12-20,2027-01-03,2026-08-20 22:48:46
2026-08-21,XMAS-2026,CTS,121,15018,CX,CX586,0,CTS,2026-12-20 12:25,2026-12-20 17:50,265,,any,0,2026-12-20,2027-01-03,2026-08-20 22:48:46
2026-08-21,CNY-2027-before,TYO,162,3139,UO,UO624,0,HND,2027-01-30 23:55,2027-01-31 04:45,230,,nonstop,0,2027-01-30,2027-02-07,2026-08-20 22:48:46
2026-08-21,CNY-2027-before,TYO,162,3249,UO,UO646,0,NRT,2027-01-30 13:00,2027-01-30 18:05,245,,nonstop,0,2027-01-30,2027-02-07,2026-08-20 22:48:46
2026-08-21,CNY-2027-before,TYO,162,3249,UO,UO650,0,NRT,2027-01-30 14:00,2027-01-30 19:05,245,,nonstop,0,2027-01-30,2027-02-07,2026-08-20 22:48:46
2026-08-21,CNY-2027-before,TYO,162,3249,UO,UO652,0,NRT,2027-01-30 14:55,2027-01-30 20:00,245,,nonstop,0,2027-01-30,2027-02-07,2026-08-20 22:48:46
2026-08-21,CNY-2027-before,TYO,162,3449,UO,UO848,0,NRT,2027-01-30 09:20,2027-01-30 14:25,245,,nonstop,1,2027-01-30,2027-02-07,2026-08-20 22:48:46
2026-08-21,CNY-2027-before,TYO,162,3449,UO,UO854,0,NRT,2027-01-30 02:00,2027-01-30 07:05,245,,nonstop,0,2027-01-30,2027-02-07,2026-08-20 22:48:46
2026-08-21,CNY-2027-before,TYO,162,3519,UO,UO622,0,HND,2027-01-30 17:55,2027-01-30 22:45,230,,nonstop,0,2027-01-30,2027-02-07,2026-08-20 22:48:46
2026-08-21,CNY-2027-before,TYO,162,3519,UO,UO628,0,HND,2027-01-30 19:55,2027-01-31 00:45,230,,nonstop,0,2027-01-30,2027-02-07,2026-08-20 22:48:46
2026-08-21,CNY-2027-before,TYO,162,3899,UO,UO870,0,NRT,2027-01-30 10:50,2027-01-30 15:55,245,,nonstop,0,2027-01-30,2027-02-07,2026-08-20 22:48:46
2026-08-21,CNY-2027-before,TYO,162,4799,HB,HB320,0,NRT,2027-01-30 09:05,2027-01-30 14:10,245,,nonstop,1,2027-01-30,2027-02-07,2026-08-20 22:48:46
2026-08-21,CNY-2027-before,TYO,162,5196,NH,NH814,0,HND,2027-01-30 00:05,2027-01-30 04:55,230,,nonstop,1,2027-01-30,2027-02-07,2026-08-20 22:48:46
2026-08-21,CNY-2027-before,TYO,162,5657,NH,NH812,0,NRT,2027-01-30 10:00,2027-01-30 15:10,250,,nonstop,0,2027-01-30,2027-02-07,2026-08-20 22:48:46
2026-08-21,CNY-2027-before,TYO,162,6098,JL,JL28,0,HND,2027-01-30 00:10,2027-01-30 05:00,230,,nonstop,0,2027-01-30,2027-02-07,2026-08-20 22:48:46
2026-08-21,CNY-2027-before,TYO,162,6109,JL,JL736,0,NRT,2027-01-30 10:20,2027-01-30 15:20,240,,nonstop,0,2027-01-30,2027-02-07,2026-08-20 22:48:46
2026-08-21,CNY-2027-before,TYO,162,7178,JL,JL26,0,HND,2027-01-30 15:35,2027-01-30 20:25,230,,nonstop,0,2027-01-30,2027-02-07,2026-08-20 22:48:46
2026-08-21,CNY-2027-before,TYO,162,8246,NH,NH860,0,HND,2027-01-30 14:20,2027-01-30 19:15,235,,nonstop,0,2027-01-30,2027-02-07,2026-08-20 22:48:46
2026-08-21,CNY-2027-before,TYO,162,8749,CX,CX524,0,NRT,2027-01-30 01:25,2027-01-30 06:30,245,,nonstop,0,2027-01-30,2027-02-07,2026-08-20 22:48:46
2026-08-21,CNY-2027-before,TYO,162,8749,CX,CX504,0,NRT,2027-01-30 09:05,2027-01-30 14:10,245,,nonstop,0,2027-01-30,2027-02-07,2026-08-20 22:48:46
2026-08-21,CNY-2027-before,TYO,162,8749,CX,CX520,0,NRT,2027-01-30 10:30,2027-01-30 15:35,245,,nonstop,0,2027-01-30,2027-02-07,2026-08-20 22:48:46
2026-08-21,CNY-2027-before,TYO,162,8749,CX,CX500,0,NRT,2027-01-30 15:25,2027-01-30 20:20,235,,nonstop,0,2027-01-30,2027-02-07,2026-08-20 22:48:46
2026-08-21,CNY-2027-before,TYO,162,9490,CX,CX542,0,HND,2027-01-30 16:30,2027-01-30 21:15,225,,nonstop,0,2027-01-30,2027-02-07,2026-08-20 22:48:46
2026-08-21,CNY-2027-before,TYO,162,10759,CX,CX526,0,NRT,2027-01-30 08:15,2027-01-30 13:10,235,,nonstop,0,2027-01-30,2027-02-07,2026-08-20 22:48:46
2026-08-21,CNY-2027-before,TYO,162,11130,CX,CX548,0,HND,2027-01-30 08:55,2027-01-30 13:45,230,,nonstop,0,2027-01-30,2027-02-07,2026-08-20 22:48:46
2026-08-21,CNY-2027-before,SDJ,162,3519,UO,UO890,0,SDJ,2027-01-30 09:00,2027-01-30 14:05,245,,nonstop,0,2027-01-30,2027-02-07,2026-08-20 22:48:46
2026-08-21,CNY-2027-before,CTS,162,6413,HB,HB880,0,CTS,2027-01-30 09:15,2027-01-30 15:00,285,,nonstop,1,2027-01-30,2027-02-07,2026-08-20 22:48:46
2026-08-21,CNY-2027-before,CTS,162,17183,CX,CX580,0,CTS,2027-01-30 09:10,2027-01-30 14:50,280,,nonstop,0,2027-01-30,2027-02-07,2026-08-20 22:48:46
2026-08-21,CNY-2027-before,CTS,162,17183,CX,CX584,0,CTS,2027-01-30 10:25,2027-01-30 15:55,270,,nonstop,0,2027-01-30,2027-02-07,2026-08-20 22:48:46
2026-08-21,CNY-2027-before,CTS,162,17183,CX,CX586,0,CTS,2027-01-30 12:25,2027-01-30 17:50,265,,nonstop,0,2027-01-30,2027-02-07,2026-08-20 22:48:46
2026-08-21,CNY-2027-before,CTS,162,5280,NH,NH814>NH81,1,CTS,2027-01-30 00:05,2027-01-30 22:05,1260,HND,any,0,2027-01-30,2027-02-07,2026-08-20 22:48:46
2026-08-21,CNY-2027-before,CTS,162,5429,CI,CI924>CI130,1,CTS,2027-01-30 21:10,2027-01-31 13:20,910,TPE,any,0,2027-01-30,2027-02-07,2026-08-20 22:48:46
2026-08-21,CNY-2027-before,CTS,162,5739,NH,NH812>NH77,1,CTS,2027-01-30 10:00,2027-01-30 20:35,575,NRT,any,0,2027-01-30,2027-02-07,2026-08-20 22:48:46
2026-08-21,CNY-2027-before,CTS,162,6178,NH,NH812>NH2155,1,CTS,2027-01-30 10:00,2027-01-30 19:40,520,NRT,any,1,2027-01-30,2027-02-07,2026-08-20 22:48:46
2026-08-21,CNY-2027-before,CTS,162,6413,HB,HB880,0,CTS,2027-01-30 09:15,2027-01-30 15:00,285,,any,1,2027-01-30,2027-02-07,2026-08-20 22:48:46
2026-08-21,CNY-2027-before,CTS,162,7222,JL,JL28>JL501,1,CTS,2027-01-30 00:10,2027-01-30 08:00,410,HND,any,1,2027-01-30,2027-02-07,2026-08-20 22:48:46
2026-08-21,CNY-2027-before,CTS,162,7341,KE,KE2012>KE765,1,CTS,2027-01-30 00:55,2027-01-30 12:50,655,ICN,any,0,2027-01-30,2027-02-07,2026-08-20 22:48:46
2026-08-21,CNY-2027-before,CTS,162,8328,NH,NH814>NH987,1,CTS,2027-01-30 00:05,2027-01-30 08:00,415,HND,any,0,2027-01-30,2027-02-07,2026-08-20 22:48:46
2026-08-21,CNY-2027-before,CTS,162,15015,CX,CX580,0,CTS,2027-01-30 09:10,2027-01-30 14:50,280,,any,0,2027-01-30,2027-02-07,2026-08-20 22:48:46
2026-08-21,CNY-2027-before,CTS,162,15015,CX,CX584,0,CTS,2027-01-30 10:25,2027-01-30 15:55,270,,any,0,2027-01-30,2027-02-07,2026-08-20 22:48:46
2026-08-21,CNY-2027-before,CTS,162,15015,CX,CX586,0,CTS,2027-01-30 12:25,2027-01-30 17:50,265,,any,0,2027-01-30,2027-02-07,2026-08-20 22:48:46
2026-08-21,CNY-2027-before,HKD,162,5286,NH,NH814>NH553,1,HKD,2027-01-30 00:05,2027-01-30 11:05,600,HND,any,1,2027-01-30,2027-02-07,2026-08-20 22:48:46
2026-08-21,CNY-2027-before,HKD,162,5736,NH,NH812>NH559,1,HKD,2027-01-30 10:00,2027-01-30 19:45,525,NRT,any,1,2027-01-30,2027-02-07,2026-08-20 22:48:46
2026-08-21,CNY-2027-before,HKD,162,7999,JL,JL736>JL585,1,HKD,2027-01-30 10:20,2027-01-31 08:40,1280,NRT,any,0,2027-01-30,2027-02-07,2026-08-20 22:48:46
2026-08-21,CNY-2027-before,HKD,162,8335,NH,NH860>NH553,1,HKD,2027-01-30 14:20,2027-01-31 11:00,1180,HND,any,0,2027-01-30,2027-02-07,2026-08-20 22:48:46
2026-08-21,CNY-2027-before,HKD,162,9078,JL,JL26>JL585,1,HKD,2027-01-30 15:35,2027-01-31 08:40,965,HND,any,0,2027-01-30,2027-02-07,2026-08-20 22:48:46
2026-08-21,CNY-2027-before,HKD,162,10819,CX+JL,CX524>JL587,1,HKD,2027-01-30 01:25,2027-01-30 14:10,705,NRT,any,0,2027-01-30,2027-02-07,2026-08-20 22:48:46
2026-08-21,CNY-2027-before,HKD,162,12434,CX+NH,CX584>NH4857,1,HKD,2027-01-30 10:25,2027-01-30 18:35,430,CTS,any,0,2027-01-30,2027-02-07,2026-08-20 22:48:46
2026-08-21,CNY-2027-after,TYO,169,5179,UO,UO646,0,NRT,2027-02-06 13:00,2027-02-06 18:05,245,,nonstop,1,2027-02-06,2027-02-14,2026-08-20 22:48:46
2026-08-21,CNY-2027-after,TYO,169,5179,UO,UO650,0,NRT,2027-02-06 14:00,2027-02-06 19:05,245,,nonstop,1,2027-02-06,2027-02-14,2026-08-20 22:48:46
2026-08-21,CNY-2027-after,TYO,169,5179,UO,UO652,0,NRT,2027-02-06 14:55,2027-02-06 20:00,245,,nonstop,1,2027-02-06,2027-02-14,2026-08-20 22:48:46
2026-08-21,CNY-2027-after,TYO,169,5329,UO,UO628,0,HND,2027-02-06 19:55,2027-02-07 00:45,230,,nonstop,0,2027-02-06,2027-02-14,2026-08-20 22:48:46
2026-08-21,CNY-2027-after,TYO,169,5349,UO,UO624,0,HND,2027-02-06 23:55,2027-02-07 04:45,230,,nonstop,0,2027-02-06,2027-02-14,2026-08-20 22:48:46
2026-08-21,CNY-2027-after,TYO,169,5629,UO,UO854,0,NRT,2027-02-06 02:00,2027-02-06 07:05,245,,nonstop,0,2027-02-06,2027-02-14,2026-08-20 22:48:46
2026-08-21,CNY-2027-after,TYO,169,5779,UO,UO622,0,HND,2027-02-06 17:55,2027-02-06 22:45,230,,nonstop,0,2027-02-06,2027-02-14,2026-08-20 22:48:46
2026-08-21,CNY-2027-after,TYO,169,6179,UO,UO848,0,NRT,2027-02-06 09:20,2027-02-06 14:25,245,,nonstop,0,2027-02-06,2027-02-14,2026-08-20 22:48:46
2026-08-21,CNY-2027-after,TYO,169,6179,UO,UO870,0,NRT,2027-02-06 10:50,2027-02-06 15:55,245,,nonstop,0,2027-02-06,2027-02-14,2026-08-20 22:48:46
2026-08-21,CNY-2027-after,TYO,169,7598,JL,JL28,0,HND,2027-02-06 00:10,2027-02-06 05:00,230,,nonstop,1,2027-02-06,2027-02-14,2026-08-20 22:48:46
2026-08-21,CNY-2027-after,TYO,169,7598,JL,JL26,0,HND,2027-02-06 15:35,2027-02-06 20:25,230,,nonstop,0,2027-02-06,2027-02-14,2026-08-20 22:48:46
2026-08-21,CNY-2027-after,TYO,169,8776,NH,NH860,0,HND,2027-02-06 14:20,2027-02-06 19:15,235,,nonstop,0,2027-02-06,2027-02-14,2026-08-20 22:48:46
2026-08-21,CNY-2027-after,TYO,169,9546,NH,NH814,0,HND,2027-02-06 00:05,2027-02-06 04:55,230,,nonstop,0,2027-02-06,2027-02-14,2026-08-20 22:48:46
2026-08-21,CNY-2027-after,TYO,169,9969,HB,HB320,0,NRT,2027-02-06 09:05,2027-02-06 14:10,245,,nonstop,0,2027-02-06,2027-02-14,2026-08-20 22:48:46
2026-08-21,CNY-2027-after,TYO,169,10287,NH,NH812,0,NRT,2027-02-06 10:00,2027-02-06 15:10,250,,nonstop,0,2027-02-06,2027-02-14,2026-08-20 22:48:46
2026-08-21,CNY-2027-after,TYO,169,10439,CX,CX524,0,NRT,2027-02-06 01:25,2027-02-06 06:30,245,,nonstop,0,2027-02-06,2027-02-14,2026-08-20 22:48:46
2026-08-21,CNY-2027-after,TYO,169,10439,CX,CX504,0,NRT,2027-02-06 09:05,2027-02-06 14:10,245,,nonstop,0,2027-02-06,2027-02-14,2026-08-20 22:48:46
2026-08-21,CNY-2027-after,TYO,169,10439,CX,CX520,0,NRT,2027-02-06 10:30,2027-02-06 15:35,245,,nonstop,0,2027-02-06,2027-02-14,2026-08-20 22:48:46
2026-08-21,CNY-2027-after,TYO,169,10439,CX,CX500,0,NRT,2027-02-06 15:25,2027-02-06 20:20,235,,nonstop,0,2027-02-06,2027-02-14,2026-08-20 22:48:46
2026-08-21,CNY-2027-after,TYO,169,11109,JL,JL736,0,NRT,2027-02-06 10:20,2027-02-06 15:20,240,,nonstop,0,2027-02-06,2027-02-14,2026-08-20 22:48:46
2026-08-21,CNY-2027-after,TYO,169,11190,CX,CX542,0,HND,2027-02-06 16:30,2027-02-06 21:15,225,,nonstop,0,2027-02-06,2027-02-14,2026-08-20 22:48:46
2026-08-21,CNY-2027-after,TYO,169,12449,CX,CX526,0,NRT,2027-02-06 08:15,2027-02-06 13:10,235,,nonstop,0,2027-02-06,2027-02-14,2026-08-20 22:48:46
2026-08-21,CNY-2027-after,TYO,169,12830,CX,CX548,0,HND,2027-02-06 08:55,2027-02-06 13:45,230,,nonstop,0,2027-02-06,2027-02-14,2026-08-20 22:48:46
2026-08-21,CNY-2027-after,SDJ,169,8499,UO,UO890,0,SDJ,2027-02-06 09:00,2027-02-06 14:05,245,,nonstop,0,2027-02-06,2027-02-14,2026-08-20 22:48:46
2026-08-21,CNY-2027-after,SDJ,169,10459,HB,HB360,0,SDJ,2027-02-06 09:55,2027-02-06 15:20,265,,nonstop,0,2027-02-06,2027-02-14,2026-08-20 22:48:46
2026-08-21,CNY-2027-after,CTS,169,15353,HB,HB880,0,CTS,2027-02-06 09:15,2027-02-06 15:00,285,,nonstop,1,2027-02-06,2027-02-14,2026-08-20 22:48:46
2026-08-21,CNY-2027-after,CTS,169,17183,CX,CX580,0,CTS,2027-02-06 09:10,2027-02-06 14:50,280,,nonstop,1,2027-02-06,2027-02-14,2026-08-20 22:48:46
2026-08-21,CNY-2027-after,CTS,169,17183,CX,CX584,0,CTS,2027-02-06 10:25,2027-02-06 15:55,270,,nonstop,0,2027-02-06,2027-02-14,2026-08-20 22:48:46
2026-08-21,CNY-2027-after,CTS,169,17183,CX,CX586,0,CTS,2027-02-06 12:25,2027-02-06 17:50,265,,nonstop,0,2027-02-06,2027-02-14,2026-08-20 22:48:46
2026-08-21,CNY-2027-after,CTS,169,9482,JL,JL28>JL501,1,CTS,2027-02-06 00:10,2027-02-06 08:00,410,HND,any,1,2027-02-06,2027-02-14,2026-08-20 22:48:46
2026-08-21,CNY-2027-after,CTS,169,9482,JL,JL26>JL501,1,CTS,2027-02-06 15:35,2027-02-07 08:00,925,HND,any,0,2027-02-06,2027-02-14,2026-08-20 22:48:46
2026-08-21,CNY-2027-after,CTS,169,10660,NH,NH814>NH51,1,CTS,2027-02-06 00:05,2027-02-06 08:30,445,HND,any,1,2027-02-06,2027-02-14,2026-08-20 22:48:46
2026-08-21,CNY-2027-after,CTS,169,11260,NH,NH814>NH987,1,CTS,2027-02-06 00:05,2027-02-06 08:00,415,HND,any,0,2027-02-06,2027-02-14,2026-08-20 22:48:46
2026-08-21,CNY-2027-after,CTS,169,14909,CI,CI924>CI2130,1,CTS,2027-02-06 21:10,2027-02-07 09:40,690,TPE,any,0,2027-02-06,2027-02-14,2026-08-20 22:48:46
2026-08-21,CNY-2027-after,CTS,169,15018,CX,CX580,0,CTS,2027-02-06 09:10,2027-02-06 14:50,280,,any,1,2027-02-06,2027-02-14,2026-08-20 22:48:46
2026-08-21,CNY-2027-after,CTS,169,15018,CX,CX584,0,CTS,2027-02-06 10:25,2027-02-06 15:55,270,,any,0,2027-02-06,2027-02-14,2026-08-20 22:48:46
2026-08-21,CNY-2027-after,CTS,169,15018,CX,CX586,0,CTS,2027-02-06 12:25,2027-02-06 17:50,265,,any,0,2027-02-06,2027-02-14,2026-08-20 22:48:46
2026-08-21,CNY-2027-after,CTS,169,15353,HB,HB880,0,CTS,2027-02-06 09:15,2027-02-06 15:00,285,,any,1,2027-02-06,2027-02-14,2026-08-20 22:48:46
2026-08-21,CNY-2027-after,HKD,169,9166,NH,NH860>NH557,1,HKD,2027-02-06 14:20,2027-02-07 18:15,1615,HND,any,0,2027-02-06,2027-02-14,2026-08-20 22:48:46
2026-08-21,CNY-2027-after,HKD,169,9208,JL,JL26>JL585,1,HKD,2027-02-06 15:35,2027-02-07 08:40,965,HND,any,1,2027-02-06,2027-02-14,2026-08-20 22:48:46
2026-08-21,CNY-2027-after,HKD,169,9485,NH,NH860>NH553,1,HKD,2027-02-06 14:20,2027-02-07 11:00,1180,HND,any,0,2027-02-06,2027-02-14,2026-08-20 22:48:46
2026-08-21,CNY-2027-after,HKD,169,9635,NH,NH812>NH559,1,HKD,2027-02-06 10:00,2027-02-06 19:45,525,NRT,any,1,2027-02-06,2027-02-14,2026-08-20 22:48:46
2026-08-21,CNY-2027-after,HKD,169,9935,NH,NH814>NH555,1,HKD,2027-02-06 00:05,2027-02-06 14:10,785,HND,any,0,2027-02-06,2027-02-14,2026-08-20 22:48:46
2026-08-21,CNY-2027-after,HKD,169,10665,NH,NH814>NH553,1,HKD,2027-02-06 00:05,2027-02-06 11:00,595,HND,any,0,2027-02-06,2027-02-14,2026-08-20 22:48:46
2026-08-21,CNY-2027-after,HKD,169,12779,CX+JL,CX524>JL587,1,HKD,2027-02-06 01:25,2027-02-06 14:10,705,NRT,any,0,2027-02-06,2027-02-14,2026-08-20 22:48:46
2026-08-21,CNY-2027-after,HKD,169,12779,CX+JL,CX524>JL589,1,HKD,2027-02-06 01:25,2027-02-06 18:20,955,NRT,any,0,2027-02-06,2027-02-14,2026-08-20 22:48:46
2026-08-21,CNY-2027-after,HKD,169,13691,CX+JL,CX566>JL2123,1,HKD,2027-02-06 01:50,2027-02-06 13:15,625,KIX,any,0,2027-02-06,2027-02-14,2026-08-20 22:48:46
2026-08-21,CNY-2027-after,HKD,169,14394,CX+NH,CX580>NH4857,1,HKD,2027-02-06 09:10,2027-02-06 18:35,505,CTS,any,0,2027-02-06,2027-02-14,2026-08-20 22:48:46
2026-08-21,XMAS-2026,TYO,121,4729,UO,UO628,0,HND,2026-12-20 19:55,2026-12-21 00:45,230,,nonstop,0,2026-12-20,2027-01-03,2026-08-21 02:38:11
2026-08-21,XMAS-2026,TYO,121,4959,UO,UO650,0,NRT,2026-12-20 14:00,2026-12-20 19:05,245,,nonstop,1,2026-12-20,2027-01-03,2026-08-21 02:38:11
2026-08-21,XMAS-2026,TYO,121,4959,UO,UO652,0,NRT,2026-12-20 14:55,2026-12-20 20:00,245,,nonstop,0,2026-12-20,2027-01-03,2026-08-21 02:38:11
2026-08-21,XMAS-2026,TYO,121,5179,UO,UO622,0,HND,2026-12-20 17:55,2026-12-20 22:45,230,,nonstop,0,2026-12-20,2027-01-03,2026-08-21 02:38:11
2026-08-21,XMAS-2026,TYO,121,5179,UO,UO624,0,HND,2026-12-20 23:55,2026-12-21 04:45,230,,nonstop,0,2026-12-20,2027-01-03,2026-08-21 02:38:11
2026-08-21,XMAS-2026,TYO,121,5229,UO,UO646,0,NRT,2026-12-20 13:00,2026-12-20 18:05,245,,nonstop,0,2026-12-20,2027-01-03,2026-08-21 02:38:11
2026-08-21,XMAS-2026,TYO,121,5579,UO,UO854,0,NRT,2026-12-20 02:00,2026-12-20 07:05,245,,nonstop,0,2026-12-20,2027-01-03,2026-08-21 02:38:11
2026-08-21,XMAS-2026,TYO,121,5979,UO,UO870,0,NRT,2026-12-20 10:50,2026-12-20 15:55,245,,nonstop,0,2026-12-20,2027-01-03,2026-08-21 02:38:11
2026-08-21,XMAS-2026,TYO,121,6429,UO,UO848,0,NRT,2026-12-20 09:20,2026-12-20 14:25,245,,nonstop,0,2026-12-20,2027-01-03,2026-08-21 02:38:11
2026-08-21,XMAS-2026,TYO,121,7049,CX,CX504,0,NRT,2026-12-20 09:05,2026-12-20 14:10,245,,nonstop,1,2026-12-20,2027-01-03,2026-08-21 02:38:11
2026-08-21,XMAS-2026,TYO,121,7049,CX,CX524,0,NRT,2026-12-20 01:25,2026-12-20 06:30,245,,nonstop,0,2026-12-20,2027-01-03,2026-08-21 02:38:11
2026-08-21,XMAS-2026,TYO,121,7049,CX,CX520,0,NRT,2026-12-20 10:30,2026-12-20 15:35,245,,nonstop,0,2026-12-20,2027-01-03,2026-08-21 02:38:11
2026-08-21,XMAS-2026,TYO,121,7049,CX,CX500,0,NRT,2026-12-20 15:25,2026-12-20 20:20,235,,nonstop,0,2026-12-20,2027-01-03,2026-08-21 02:38:11
2026-08-21,XMAS-2026,TYO,121,7146,NH,NH860,0,HND,2026-12-20 14:20,2026-12-20 19:15,235,,nonstop,1,2026-12-20,2027-01-03,2026-08-21 02:38:11
2026-08-21,XMAS-2026,TYO,121,7146,NH,NH814,0,HND,2026-12-20 00:05,2026-12-20 04:55,230,,nonstop,0,2026-12-20,2027-01-03,2026-08-21 02:38:11
2026-08-21,XMAS-2026,TYO,121,7439,HB,HB320,0,NRT,2026-12-20 09:05,2026-12-20 14:10,245,,nonstop,0,2026-12-20,2027-01-03,2026-08-21 02:38:11
2026-08-21,XMAS-2026,TYO,121,7509,CX,CX526,0,NRT,2026-12-20 08:15,2026-12-20 13:10,235,,nonstop,0,2026-12-20,2027-01-03,2026-08-21 02:38:11
2026-08-21,XMAS-2026,TYO,121,8260,CX,CX542,0,HND,2026-12-20 16:30,2026-12-20 21:15,225,,nonstop,0,2026-12-20,2027-01-03,2026-08-21 02:38:11
2026-08-21,XMAS-2026,TYO,121,8720,CX,CX548,0,HND,2026-12-20 08:55,2026-12-20 13:45,230,,nonstop,0,2026-12-20,2027-01-03,2026-08-21 02:38:11
2026-08-21,XMAS-2026,TYO,121,10759,JL,JL736,0,NRT,2026-12-20 10:20,2026-12-20 15:20,240,,nonstop,0,2026-12-20,2027-01-03,2026-08-21 02:38:11
2026-08-21,XMAS-2026,TYO,121,11130,JL,JL26,0,HND,2026-12-20 15:35,2026-12-20 20:25,230,,nonstop,0,2026-12-20,2027-01-03,2026-08-21 02:38:11
2026-08-21,XMAS-2026,TYO,121,11307,NH,NH812,0,NRT,2026-12-20 10:00,2026-12-20 15:10,250,,nonstop,0,2026-12-20,2027-01-03,2026-08-21 02:38:11
2026-08-21,XMAS-2026,SDJ,121,5099,UO,UO890,0,SDJ,2026-12-20 09:00,2026-12-20 14:05,245,,nonstop,0,2026-12-20,2027-01-03,2026-08-21 02:38:11
2026-08-21,XMAS-2026,CTS,121,8273,HB,HB2886,0,CTS,2026-12-20 01:15,2026-12-20 07:00,285,,nonstop,1,2026-12-20,2027-01-03,2026-08-21 02:38:11
2026-08-21,XMAS-2026,CTS,121,8673,HB,HB880,0,CTS,2026-12-20 09:15,2026-12-20 15:00,285,,nonstop,1,2026-12-20,2027-01-03,2026-08-21 02:38:11
2026-08-21,XMAS-2026,CTS,121,16670,CX,CX580,0,CTS,2026-12-20 09:10,2026-12-20 14:50,280,,nonstop,0,2026-12-20,2027-01-03,2026-08-21 02:38:11
2026-08-21,XMAS-2026,CTS,121,16670,CX,CX584,0,CTS,2026-12-20 10:25,2026-12-20 15:55,270,,nonstop,0,2026-12-20,2027-01-03,2026-08-21 02:38:11
2026-08-21,XMAS-2026,CTS,121,16670,CX,CX586,0,CTS,2026-12-20 12:25,2026-12-20 17:50,265,,nonstop,0,2026-12-20,2027-01-03,2026-08-21 02:38:11
2026-08-21,XMAS-2026,CTS,121,8273,HB,HB2886,0,CTS,2026-12-20 01:15,2026-12-20 07:00,285,,any,1,2026-12-20,2027-01-03,2026-08-21 02:38:11
2026-08-21,XMAS-2026,CTS,121,8673,HB,HB880,0,CTS,2026-12-20 09:15,2026-12-20 15:00,285,,any,1,2026-12-20,2027-01-03,2026-08-21 02:38:11
2026-08-21,XMAS-2026,CTS,121,8780,NH,NH860>NH51,1,CTS,2026-12-20 14:20,2026-12-21 08:30,1030,HND,any,0,2026-12-20,2027-01-03,2026-08-21 02:38:11
2026-08-21,XMAS-2026,CTS,121,10141,KE,KE2012>KE769,1,CTS,2026-12-20 00:55,2026-12-20 15:40,825,ICN,any,0,2026-12-20,2027-01-03,2026-08-21 02:38:11
2026-08-21,XMAS-2026,CTS,121,10430,NH,NH812>NH2155,1,CTS,2026-12-20 10:00,2026-12-20 19:40,520,NRT,any,0,2026-12-20,2027-01-03,2026-08-21 02:38:11
2026-08-21,XMAS-2026,CTS,121,15018,CX,CX584,0,CTS,2026-12-20 10:25,2026-12-20 15:55,270,,any,1,2026-12-20,2027-01-03,2026-08-21 02:38:11
2026-08-21,XMAS-2026,CTS,121,15018,CX,CX580,0,CTS,2026-12-20 09:10,2026-12-20 14:50,280,,any,0,2026-12-20,2027-01-03,2026-08-21 02:38:11
2026-08-21,XMAS-2026,CTS,121,15018,CX,CX586,0,CTS,2026-12-20 12:25,2026-12-20 17:50,265,,any,0,2026-12-20,2027-01-03,2026-08-21 02:38:11
2026-08-21,CNY-2027-before,TYO,162,3139,UO,UO624,0,HND,2027-01-30 23:55,2027-01-31 04:45,230,,nonstop,0,2027-01-30,2027-02-07,2026-08-21 02:38:11
2026-08-21,CNY-2027-before,TYO,162,3249,UO,UO646,0,NRT,2027-01-30 13:00,2027-01-30 18:05,245,,nonstop,0,2027-01-30,2027-02-07,2026-08-21 02:38:11
2026-08-21,CNY-2027-before,TYO,162,3249,UO,UO650,0,NRT,2027-01-30 14:00,2027-01-30 19:05,245,,nonstop,0,2027-01-30,2027-02-07,2026-08-21 02:38:11
2026-08-21,CNY-2027-before,TYO,162,3249,UO,UO652,0,NRT,2027-01-30 14:55,2027-01-30 20:00,245,,nonstop,0,2027-01-30,2027-02-07,2026-08-21 02:38:11
2026-08-21,CNY-2027-before,TYO,162,3449,UO,UO848,0,NRT,2027-01-30 09:20,2027-01-30 14:25,245,,nonstop,1,2027-01-30,2027-02-07,2026-08-21 02:38:11
2026-08-21,CNY-2027-before,TYO,162,3449,UO,UO854,0,NRT,2027-01-30 02:00,2027-01-30 07:05,245,,nonstop,0,2027-01-30,2027-02-07,2026-08-21 02:38:11
2026-08-21,CNY-2027-before,TYO,162,3519,UO,UO622,0,HND,2027-01-30 17:55,2027-01-30 22:45,230,,nonstop,0,2027-01-30,2027-02-07,2026-08-21 02:38:11
2026-08-21,CNY-2027-before,TYO,162,3519,UO,UO628,0,HND,2027-01-30 19:55,2027-01-31 00:45,230,,nonstop,0,2027-01-30,2027-02-07,2026-08-21 02:38:11
2026-08-21,CNY-2027-before,TYO,162,3899,UO,UO870,0,NRT,2027-01-30 10:50,2027-01-30 15:55,245,,nonstop,0,2027-01-30,2027-02-07,2026-08-21 02:38:11
2026-08-21,CNY-2027-before,TYO,162,4799,HB,HB320,0,NRT,2027-01-30 09:05,2027-01-30 14:10,245,,nonstop,1,2027-01-30,2027-02-07,2026-08-21 02:38:11
2026-08-21,CNY-2027-before,TYO,162,5196,NH,NH814,0,HND,2027-01-30 00:05,2027-01-30 04:55,230,,nonstop,1,2027-01-30,2027-02-07,2026-08-21 02:38:11
2026-08-21,CNY-2027-before,TYO,162,5657,NH,NH812,0,NRT,2027-01-30 10:00,2027-01-30 15:10,250,,nonstop,0,2027-01-30,2027-02-07,2026-08-21 02:38:11
2026-08-21,CNY-2027-before,TYO,162,6098,JL,JL28,0,HND,2027-01-30 00:10,2027-01-30 05:00,230,,nonstop,0,2027-01-30,2027-02-07,2026-08-21 02:38:11
2026-08-21,CNY-2027-before,TYO,162,6109,JL,JL736,0,NRT,2027-01-30 10:20,2027-01-30 15:20,240,,nonstop,0,2027-01-30,2027-02-07,2026-08-21 02:38:11
2026-08-21,CNY-2027-before,TYO,162,7178,JL,JL26,0,HND,2027-01-30 15:35,2027-01-30 20:25,230,,nonstop,0,2027-01-30,2027-02-07,2026-08-21 02:38:11
2026-08-21,CNY-2027-before,TYO,162,8246,NH,NH860,0,HND,2027-01-30 14:20,2027-01-30 19:15,235,,nonstop,0,2027-01-30,2027-02-07,2026-08-21 02:38:11
2026-08-21,CNY-2027-before,TYO,162,8749,CX,CX524,0,NRT,2027-01-30 01:25,2027-01-30 06:30,245,,nonstop,0,2027-01-30,2027-02-07,2026-08-21 02:38:11
2026-08-21,CNY-2027-before,TYO,162,8749,CX,CX504,0,NRT,2027-01-30 09:05,2027-01-30 14:10,245,,nonstop,0,2027-01-30,2027-02-07,2026-08-21 02:38:11
2026-08-21,CNY-2027-before,TYO,162,8749,CX,CX520,0,NRT,2027-01-30 10:30,2027-01-30 15:35,245,,nonstop,0,2027-01-30,2027-02-07,2026-08-21 02:38:11
2026-08-21,CNY-2027-before,TYO,162,8749,CX,CX500,0,NRT,2027-01-30 15:25,2027-01-30 20:20,235,,nonstop,0,2027-01-30,2027-02-07,2026-08-21 02:38:11
2026-08-21,CNY-2027-before,TYO,162,9490,CX,CX542,0,HND,2027-01-30 16:30,2027-01-30 21:15,225,,nonstop,0,2027-01-30,2027-02-07,2026-08-21 02:38:11
2026-08-21,CNY-2027-before,TYO,162,10759,CX,CX526,0,NRT,2027-01-30 08:15,2027-01-30 13:10,235,,nonstop,0,2027-01-30,2027-02-07,2026-08-21 02:38:11
2026-08-21,CNY-2027-before,TYO,162,11130,CX,CX548,0,HND,2027-01-30 08:55,2027-01-30 13:45,230,,nonstop,0,2027-01-30,2027-02-07,2026-08-21 02:38:11
2026-08-21,CNY-2027-before,SDJ,162,3519,UO,UO890,0,SDJ,2027-01-30 09:00,2027-01-30 14:05,245,,nonstop,0,2027-01-30,2027-02-07,2026-08-21 02:38:11
2026-08-21,CNY-2027-before,CTS,162,6413,HB,HB880,0,CTS,2027-01-30 09:15,2027-01-30 15:00,285,,nonstop,1,2027-01-30,2027-02-07,2026-08-21 02:38:11
2026-08-21,CNY-2027-before,CTS,162,17183,CX,CX580,0,CTS,2027-01-30 09:10,2027-01-30 14:50,280,,nonstop,0,2027-01-30,2027-02-07,2026-08-21 02:38:11
2026-08-21,CNY-2027-before,CTS,162,17183,CX,CX584,0,CTS,2027-01-30 10:25,2027-01-30 15:55,270,,nonstop,0,2027-01-30,2027-02-07,2026-08-21 02:38:11
2026-08-21,CNY-2027-before,CTS,162,17183,CX,CX586,0,CTS,2027-01-30 12:25,2027-01-30 17:50,265,,nonstop,0,2027-01-30,2027-02-07,2026-08-21 02:38:11
2026-08-21,CNY-2027-before,CTS,162,5429,CI,CI924>CI130,1,CTS,2027-01-30 21:10,2027-01-31 13:20,910,TPE,any,0,2027-01-30,2027-02-07,2026-08-21 02:38:11
2026-08-21,CNY-2027-before,CTS,162,5739,NH,NH812>NH77,1,CTS,2027-01-30 10:00,2027-01-30 20:35,575,NRT,any,0,2027-01-30,2027-02-07,2026-08-21 02:38:11
2026-08-21,CNY-2027-before,CTS,162,6178,NH,NH812>NH2155,1,CTS,2027-01-30 10:00,2027-01-30 19:40,520,NRT,any,1,2027-01-30,2027-02-07,2026-08-21 02:38:11
2026-08-21,CNY-2027-before,CTS,162,6413,HB,HB880,0,CTS,2027-01-30 09:15,2027-01-30 15:00,285,,any,1,2027-01-30,2027-02-07,2026-08-21 02:38:11
2026-08-21,CNY-2027-before,CTS,162,7222,JL,JL28>JL501,1,CTS,2027-01-30 00:10,2027-01-30 08:00,410,HND,any,1,2027-01-30,2027-02-07,2026-08-21 02:38:11
2026-08-21,CNY-2027-before,CTS,162,7341,KE,KE2012>KE765,1,CTS,2027-01-30 00:55,2027-01-30 12:50,655,ICN,any,0,2027-01-30,2027-02-07,2026-08-21 02:38:11
2026-08-21,CNY-2027-before,CTS,162,8328,NH,NH814>NH987,1,CTS,2027-01-30 00:05,2027-01-30 08:00,415,HND,any,0,2027-01-30,2027-02-07,2026-08-21 02:38:11
2026-08-21,CNY-2027-before,CTS,162,15015,CX,CX580,0,CTS,2027-01-30 09:10,2027-01-30 14:50,280,,any,0,2027-01-30,2027-02-07,2026-08-21 02:38:11
2026-08-21,CNY-2027-before,CTS,162,15015,CX,CX584,0,CTS,2027-01-30 10:25,2027-01-30 15:55,270,,any,0,2027-01-30,2027-02-07,2026-08-21 02:38:11
2026-08-21,CNY-2027-before,CTS,162,15015,CX,CX586,0,CTS,2027-01-30 12:25,2027-01-30 17:50,265,,any,0,2027-01-30,2027-02-07,2026-08-21 02:38:11
2026-08-21,CNY-2027-before,HKD,162,5286,NH,NH814>NH553,1,HKD,2027-01-30 00:05,2027-01-30 11:05,600,HND,any,1,2027-01-30,2027-02-07,2026-08-21 02:38:11
2026-08-21,CNY-2027-before,HKD,162,5736,NH,NH812>NH559,1,HKD,2027-01-30 10:00,2027-01-30 19:45,525,NRT,any,1,2027-01-30,2027-02-07,2026-08-21 02:38:11
2026-08-21,CNY-2027-before,HKD,162,7999,JL,JL736>JL585,1,HKD,2027-01-30 10:20,2027-01-31 08:40,1280,NRT,any,0,2027-01-30,2027-02-07,2026-08-21 02:38:11
2026-08-21,CNY-2027-before,HKD,162,8335,NH,NH860>NH553,1,HKD,2027-01-30 14:20,2027-01-31 11:00,1180,HND,any,0,2027-01-30,2027-02-07,2026-08-21 02:38:11
2026-08-21,CNY-2027-before,HKD,162,9078,JL,JL26>JL585,1,HKD,2027-01-30 15:35,2027-01-31 08:40,965,HND,any,0,2027-01-30,2027-02-07,2026-08-21 02:38:11
2026-08-21,CNY-2027-before,HKD,162,10819,CX+JL,CX524>JL587,1,HKD,2027-01-30 01:25,2027-01-30 14:10,705,NRT,any,0,2027-01-30,2027-02-07,2026-08-21 02:38:11
2026-08-21,CNY-2027-before,HKD,162,12434,CX+NH,CX584>NH4857,1,HKD,2027-01-30 10:25,2027-01-30 18:35,430,CTS,any,0,2027-01-30,2027-02-07,2026-08-21 02:38:11
2026-08-21,CNY-2027-after,TYO,169,5179,UO,UO646,0,NRT,2027-02-06 13:00,2027-02-06 18:05,245,,nonstop,1,2027-02-06,2027-02-14,2026-08-21 02:38:11
2026-08-21,CNY-2027-after,TYO,169,5179,UO,UO650,0,NRT,2027-02-06 14:00,2027-02-06 19:05,245,,nonstop,1,2027-02-06,2027-02-14,2026-08-21 02:38:11
2026-08-21,CNY-2027-after,TYO,169,5179,UO,UO652,0,NRT,2027-02-06 14:55,2027-02-06 20:00,245,,nonstop,1,2027-02-06,2027-02-14,2026-08-21 02:38:11
2026-08-21,CNY-2027-after,TYO,169,5329,UO,UO628,0,HND,2027-02-06 19:55,2027-02-07 00:45,230,,nonstop,0,2027-02-06,2027-02-14,2026-08-21 02:38:11
2026-08-21,CNY-2027-after,TYO,169,5349,UO,UO624,0,HND,2027-02-06 23:55,2027-02-07 04:45,230,,nonstop,0,2027-02-06,2027-02-14,2026-08-21 02:38:11
2026-08-21,CNY-2027-after,TYO,169,5629,UO,UO854,0,NRT,2027-02-06 02:00,2027-02-06 07:05,245,,nonstop,0,2027-02-06,2027-02-14,2026-08-21 02:38:11
2026-08-21,CNY-2027-after,TYO,169,5779,UO,UO622,0,HND,2027-02-06 17:55,2027-02-06 22:45,230,,nonstop,0,2027-02-06,2027-02-14,2026-08-21 02:38:11
2026-08-21,CNY-2027-after,TYO,169,6179,UO,UO848,0,NRT,2027-02-06 09:20,2027-02-06 14:25,245,,nonstop,0,2027-02-06,2027-02-14,2026-08-21 02:38:11
2026-08-21,CNY-2027-after,TYO,169,6179,UO,UO870,0,NRT,2027-02-06 10:50,2027-02-06 15:55,245,,nonstop,0,2027-02-06,2027-02-14,2026-08-21 02:38:11
2026-08-21,CNY-2027-after,TYO,169,7598,JL,JL28,0,HND,2027-02-06 00:10,2027-02-06 05:00,230,,nonstop,1,2027-02-06,2027-02-14,2026-08-21 02:38:11
2026-08-21,CNY-2027-after,TYO,169,7598,JL,JL26,0,HND,2027-02-06 15:35,2027-02-06 20:25,230,,nonstop,0,2027-02-06,2027-02-14,2026-08-21 02:38:11
2026-08-21,CNY-2027-after,TYO,169,8776,NH,NH860,0,HND,2027-02-06 14:20,2027-02-06 19:15,235,,nonstop,0,2027-02-06,2027-02-14,2026-08-21 02:38:11
2026-08-21,CNY-2027-after,TYO,169,9546,NH,NH814,0,HND,2027-02-06 00:05,2027-02-06 04:55,230,,nonstop,0,2027-02-06,2027-02-14,2026-08-21 02:38:11
2026-08-21,CNY-2027-after,TYO,169,9969,HB,HB320,0,NRT,2027-02-06 09:05,2027-02-06 14:10,245,,nonstop,0,2027-02-06,2027-02-14,2026-08-21 02:38:11
2026-08-21,CNY-2027-after,TYO,169,10287,NH,NH812,0,NRT,2027-02-06 10:00,2027-02-06 15:10,250,,nonstop,0,2027-02-06,2027-02-14,2026-08-21 02:38:11
2026-08-21,CNY-2027-after,TYO,169,10439,CX,CX524,0,NRT,2027-02-06 01:25,2027-02-06 06:30,245,,nonstop,0,2027-02-06,2027-02-14,2026-08-21 02:38:11
2026-08-21,CNY-2027-after,TYO,169,10439,CX,CX504,0,NRT,2027-02-06 09:05,2027-02-06 14:10,245,,nonstop,0,2027-02-06,2027-02-14,2026-08-21 02:38:11
2026-08-21,CNY-2027-after,TYO,169,10439,CX,CX520,0,NRT,2027-02-06 10:30,2027-02-06 15:35,245,,nonstop,0,2027-02-06,2027-02-14,2026-08-21 02:38:11
2026-08-21,CNY-2027-after,TYO,169,10439,CX,CX500,0,NRT,2027-02-06 15:25,2027-02-06 20:20,235,,nonstop,0,2027-02-06,2027-02-14,2026-08-21 02:38:11
2026-08-21,CNY-2027-after,TYO,169,11109,JL,JL736,0,NRT,2027-02-06 10:20,2027-02-06 15:20,240,,nonstop,0,2027-02-06,2027-02-14,2026-08-21 02:38:11
2026-08-21,CNY-2027-after,TYO,169,11190,CX,CX542,0,HND,2027-02-06 16:30,2027-02-06 21:15,225,,nonstop,0,2027-02-06,2027-02-14,2026-08-21 02:38:11
2026-08-21,CNY-2027-after,TYO,169,12449,CX,CX526,0,NRT,2027-02-06 08:15,2027-02-06 13:10,235,,nonstop,0,2027-02-06,2027-02-14,2026-08-21 02:38:11
2026-08-21,CNY-2027-after,TYO,169,12830,CX,CX548,0,HND,2027-02-06 08:55,2027-02-06 13:45,230,,nonstop,0,2027-02-06,2027-02-14,2026-08-21 02:38:11
2026-08-21,CNY-2027-after,SDJ,169,8499,UO,UO890,0,SDJ,2027-02-06 09:00,2027-02-06 14:05,245,,nonstop,0,2027-02-06,2027-02-14,2026-08-21 02:38:11
2026-08-21,CNY-2027-after,SDJ,169,10464,HB,HB360,0,SDJ,2027-02-06 09:55,2027-02-06 15:20,265,,nonstop,0,2027-02-06,2027-02-14,2026-08-21 02:38:11
2026-08-21,CNY-2027-after,CTS,169,15353,HB,HB880,0,CTS,2027-02-06 09:15,2027-02-06 15:00,285,,nonstop,1,2027-02-06,2027-02-14,2026-08-21 02:38:11
2026-08-21,CNY-2027-after,CTS,169,17183,CX,CX580,0,CTS,2027-02-06 09:10,2027-02-06 14:50,280,,nonstop,1,2027-02-06,2027-02-14,2026-08-21 02:38:11
2026-08-21,CNY-2027-after,CTS,169,17183,CX,CX584,0,CTS,2027-02-06 10:25,2027-02-06 15:55,270,,nonstop,0,2027-02-06,2027-02-14,2026-08-21 02:38:11
2026-08-21,CNY-2027-after,CTS,169,17183,CX,CX586,0,CTS,2027-02-06 12:25,2027-02-06 17:50,265,,nonstop,0,2027-02-06,2027-02-14,2026-08-21 02:38:11
2026-08-21,CNY-2027-after,CTS,169,9482,JL,JL28>JL501,1,CTS,2027-02-06 00:10,2027-02-06 08:00,410,HND,any,1,2027-02-06,2027-02-14,2026-08-21 02:38:11
2026-08-21,CNY-2027-after,CTS,169,9482,JL,JL26>JL501,1,CTS,2027-02-06 15:35,2027-02-07 08:00,925,HND,any,0,2027-02-06,2027-02-14,2026-08-21 02:38:11
2026-08-21,CNY-2027-after,CTS,169,10660,NH,NH814>NH51,1,CTS,2027-02-06 00:05,2027-02-06 08:30,445,HND,any,1,2027-02-06,2027-02-14,2026-08-21 02:38:11
2026-08-21,CNY-2027-after,CTS,169,11260,NH,NH814>NH987,1,CTS,2027-02-06 00:05,2027-02-06 08:00,415,HND,any,0,2027-02-06,2027-02-14,2026-08-21 02:38:11
2026-08-21,CNY-2027-after,CTS,169,14909,CI,CI924>CI2130,1,CTS,2027-02-06 21:10,2027-02-07 09:40,690,TPE,any,0,2027-02-06,2027-02-14,2026-08-21 02:38:11
2026-08-21,CNY-2027-after,CTS,169,15018,CX,CX580,0,CTS,2027-02-06 09:10,2027-02-06 14:50,280,,any,1,2027-02-06,2027-02-14,2026-08-21 02:38:11
2026-08-21,CNY-2027-after,CTS,169,15018,CX,CX584,0,CTS,2027-02-06 10:25,2027-02-06 15:55,270,,any,0,2027-02-06,2027-02-14,2026-08-21 02:38:11
2026-08-21,CNY-2027-after,CTS,169,15018,CX,CX586,0,CTS,2027-02-06 12:25,2027-02-06 17:50,265,,any,0,2027-02-06,2027-02-14,2026-08-21 02:38:11
2026-08-21,CNY-2027-after,CTS,169,15353,HB,HB880,0,CTS,2027-02-06 09:15,2027-02-06 15:00,285,,any,1,2027-02-06,2027-02-14,2026-08-21 02:38:11
2026-08-21,CNY-2027-after,HKD,169,9166,NH,NH860>NH557,1,HKD,2027-02-06 14:20,2027-02-07 18:15,1615,HND,any,0,2027-02-06,2027-02-14,2026-08-21 02:38:11
2026-08-21,CNY-2027-after,HKD,169,9208,JL,JL26>JL585,1,HKD,2027-02-06 15:35,2027-02-07 08:40,965,HND,any,1,2027-02-06,2027-02-14,2026-08-21 02:38:11
2026-08-21,CNY-2027-after,HKD,169,9485,NH,NH860>NH553,1,HKD,2027-02-06 14:20,2027-02-07 11:00,1180,HND,any,0,2027-02-06,2027-02-14,2026-08-21 02:38:11
2026-08-21,CNY-2027-after,HKD,169,9635,NH,NH812>NH559,1,HKD,2027-02-06 10:00,2027-02-06 19:45,525,NRT,any,1,2027-02-06,2027-02-14,2026-08-21 02:38:11
2026-08-21,CNY-2027-after,HKD,169,9935,NH,NH814>NH555,1,HKD,2027-02-06 00:05,2027-02-06 14:10,785,HND,any,0,2027-02-06,2027-02-14,2026-08-21 02:38:11
2026-08-21,CNY-2027-after,HKD,169,10665,NH,NH814>NH553,1,HKD,2027-02-06 00:05,2027-02-06 11:00,595,HND,any,0,2027-02-06,2027-02-14,2026-08-21 02:38:11
2026-08-21,CNY-2027-after,HKD,169,12779,CX+JL,CX524>JL587,1,HKD,2027-02-06 01:25,2027-02-06 14:10,705,NRT,any,0,2027-02-06,2027-02-14,2026-08-21 02:38:11
2026-08-21,CNY-2027-after,HKD,169,12779,CX+JL,CX524>JL589,1,HKD,2027-02-06 01:25,2027-02-06 18:20,955,NRT,any,0,2027-02-06,2027-02-14,2026-08-21 02:38:11
2026-08-21,CNY-2027-after,HKD,169,13691,CX+JL,CX566>JL2123,1,HKD,2027-02-06 01:50,2027-02-06 13:15,625,KIX,any,0,2027-02-06,2027-02-14,2026-08-21 02:38:11
2026-08-21,CNY-2027-after,HKD,169,14394,CX+NH,CX580>NH4857,1,HKD,2027-02-06 09:10,2027-02-06 18:35,505,CTS,any,0,2027-02-06,2027-02-14,2026-08-21 02:38:11
2026-08-21,XMAS-2026,TYO,121,4729,UO,UO628,0,HND,2026-12-20 19:55,2026-12-21 00:45,230,,nonstop,0,2026-12-20,2027-01-03,2026-08-21 04:57:00
2026-08-21,XMAS-2026,TYO,121,4959,UO,UO650,0,NRT,2026-12-20 14:00,2026-12-20 19:05,245,,nonstop,1,2026-12-20,2027-01-03,2026-08-21 04:57:00
2026-08-21,XMAS-2026,TYO,121,4959,UO,UO652,0,NRT,2026-12-20 14:55,2026-12-20 20:00,245,,nonstop,0,2026-12-20,2027-01-03,2026-08-21 04:57:00
2026-08-21,XMAS-2026,TYO,121,5179,UO,UO622,0,HND,2026-12-20 17:55,2026-12-20 22:45,230,,nonstop,0,2026-12-20,2027-01-03,2026-08-21 04:57:00
2026-08-21,XMAS-2026,TYO,121,5179,UO,UO624,0,HND,2026-12-20 23:55,2026-12-21 04:45,230,,nonstop,0,2026-12-20,2027-01-03,2026-08-21 04:57:00
2026-08-21,XMAS-2026,TYO,121,5229,UO,UO646,0,NRT,2026-12-20 13:00,2026-12-20 18:05,245,,nonstop,0,2026-12-20,2027-01-03,2026-08-21 04:57:00
2026-08-21,XMAS-2026,TYO,121,5579,UO,UO854,0,NRT,2026-12-20 02:00,2026-12-20 07:05,245,,nonstop,0,2026-12-20,2027-01-03,2026-08-21 04:57:00
2026-08-21,XMAS-2026,TYO,121,5979,UO,UO870,0,NRT,2026-12-20 10:50,2026-12-20 15:55,245,,nonstop,0,2026-12-20,2027-01-03,2026-08-21 04:57:00
2026-08-21,XMAS-2026,TYO,121,6429,UO,UO848,0,NRT,2026-12-20 09:20,2026-12-20 14:25,245,,nonstop,0,2026-12-20,2027-01-03,2026-08-21 04:57:00
2026-08-21,XMAS-2026,TYO,121,7049,CX,CX504,0,NRT,2026-12-20 09:05,2026-12-20 14:10,245,,nonstop,1,2026-12-20,2027-01-03,2026-08-21 04:57:00
2026-08-21,XMAS-2026,TYO,121,7049,CX,CX524,0,NRT,2026-12-20 01:25,2026-12-20 06:30,245,,nonstop,0,2026-12-20,2027-01-03,2026-08-21 04:57:00
2026-08-21,XMAS-2026,TYO,121,7049,CX,CX520,0,NRT,2026-12-20 10:30,2026-12-20 15:35,245,,nonstop,0,2026-12-20,2027-01-03,2026-08-21 04:57:00
2026-08-21,XMAS-2026,TYO,121,7049,CX,CX500,0,NRT,2026-12-20 15:25,2026-12-20 20:20,235,,nonstop,0,2026-12-20,2027-01-03,2026-08-21 04:57:00
2026-08-21,XMAS-2026,TYO,121,7146,NH,NH860,0,HND,2026-12-20 14:20,2026-12-20 19:15,235,,nonstop,1,2026-12-20,2027-01-03,2026-08-21 04:57:00
2026-08-21,XMAS-2026,TYO,121,7146,NH,NH814,0,HND,2026-12-20 00:05,2026-12-20 04:55,230,,nonstop,0,2026-12-20,2027-01-03,2026-08-21 04:57:00
2026-08-21,XMAS-2026,TYO,121,7439,HB,HB320,0,NRT,2026-12-20 09:05,2026-12-20 14:10,245,,nonstop,0,2026-12-20,2027-01-03,2026-08-21 04:57:00
2026-08-21,XMAS-2026,TYO,121,7509,CX,CX526,0,NRT,2026-12-20 08:15,2026-12-20 13:10,235,,nonstop,0,2026-12-20,2027-01-03,2026-08-21 04:57:00
2026-08-21,XMAS-2026,TYO,121,8260,CX,CX542,0,HND,2026-12-20 16:30,2026-12-20 21:15,225,,nonstop,0,2026-12-20,2027-01-03,2026-08-21 04:57:00
2026-08-21,XMAS-2026,TYO,121,8720,CX,CX548,0,HND,2026-12-20 08:55,2026-12-20 13:45,230,,nonstop,0,2026-12-20,2027-01-03,2026-08-21 04:57:00
2026-08-21,XMAS-2026,TYO,121,10759,JL,JL736,0,NRT,2026-12-20 10:20,2026-12-20 15:20,240,,nonstop,0,2026-12-20,2027-01-03,2026-08-21 04:57:00
2026-08-21,XMAS-2026,TYO,121,11130,JL,JL26,0,HND,2026-12-20 15:35,2026-12-20 20:25,230,,nonstop,0,2026-12-20,2027-01-03,2026-08-21 04:57:00
2026-08-21,XMAS-2026,TYO,121,11307,NH,NH812,0,NRT,2026-12-20 10:00,2026-12-20 15:10,250,,nonstop,0,2026-12-20,2027-01-03,2026-08-21 04:57:00
2026-08-21,XMAS-2026,SDJ,121,5099,UO,UO890,0,SDJ,2026-12-20 09:00,2026-12-20 14:05,245,,nonstop,0,2026-12-20,2027-01-03,2026-08-21 04:57:00
2026-08-21,XMAS-2026,CTS,121,8273,HB,HB2886,0,CTS,2026-12-20 01:15,2026-12-20 07:00,285,,nonstop,1,2026-12-20,2027-01-03,2026-08-21 04:57:00
2026-08-21,XMAS-2026,CTS,121,8673,HB,HB880,0,CTS,2026-12-20 09:15,2026-12-20 15:00,285,,nonstop,1,2026-12-20,2027-01-03,2026-08-21 04:57:00
2026-08-21,XMAS-2026,CTS,121,16669,CX,CX580,0,CTS,2026-12-20 09:10,2026-12-20 14:50,280,,nonstop,0,2026-12-20,2027-01-03,2026-08-21 04:57:00
2026-08-21,XMAS-2026,CTS,121,16669,CX,CX584,0,CTS,2026-12-20 10:25,2026-12-20 15:55,270,,nonstop,0,2026-12-20,2027-01-03,2026-08-21 04:57:00
2026-08-21,XMAS-2026,CTS,121,16669,CX,CX586,0,CTS,2026-12-20 12:25,2026-12-20 17:50,265,,nonstop,0,2026-12-20,2027-01-03,2026-08-21 04:57:00
2026-08-21,XMAS-2026,CTS,121,8273,HB,HB2886,0,CTS,2026-12-20 01:15,2026-12-20 07:00,285,,any,1,2026-12-20,2027-01-03,2026-08-21 04:57:00
2026-08-21,XMAS-2026,CTS,121,8673,HB,HB880,0,CTS,2026-12-20 09:15,2026-12-20 15:00,285,,any,1,2026-12-20,2027-01-03,2026-08-21 04:57:00
2026-08-21,XMAS-2026,CTS,121,8780,NH,NH860>NH51,1,CTS,2026-12-20 14:20,2026-12-21 08:30,1030,HND,any,0,2026-12-20,2027-01-03,2026-08-21 04:57:00
2026-08-21,XMAS-2026,CTS,121,10141,KE,KE2012>KE769,1,CTS,2026-12-20 00:55,2026-12-20 15:40,825,ICN,any,0,2026-12-20,2027-01-03,2026-08-21 04:57:00
2026-08-21,XMAS-2026,CTS,121,10430,NH,NH812>NH2155,1,CTS,2026-12-20 10:00,2026-12-20 19:40,520,NRT,any,0,2026-12-20,2027-01-03,2026-08-21 04:57:00
2026-08-21,XMAS-2026,CTS,121,15018,CX,CX584,0,CTS,2026-12-20 10:25,2026-12-20 15:55,270,,any,1,2026-12-20,2027-01-03,2026-08-21 04:57:00
2026-08-21,XMAS-2026,CTS,121,15018,CX,CX580,0,CTS,2026-12-20 09:10,2026-12-20 14:50,280,,any,0,2026-12-20,2027-01-03,2026-08-21 04:57:00
2026-08-21,XMAS-2026,CTS,121,15018,CX,CX586,0,CTS,2026-12-20 12:25,2026-12-20 17:50,265,,any,0,2026-12-20,2027-01-03,2026-08-21 04:57:00
2026-08-21,CNY-2027-before,TYO,162,3139,UO,UO624,0,HND,2027-01-30 23:55,2027-01-31 04:45,230,,nonstop,1,2027-01-30,2027-02-07,2026-08-21 04:57:00
2026-08-21,CNY-2027-before,TYO,162,3249,UO,UO646,0,NRT,2027-01-30 13:00,2027-01-30 18:05,245,,nonstop,0,2027-01-30,2027-02-07,2026-08-21 04:57:00
2026-08-21,CNY-2027-before,TYO,162,3249,UO,UO650,0,NRT,2027-01-30 14:00,2027-01-30 19:05,245,,nonstop,0,2027-01-30,2027-02-07,2026-08-21 04:57:00
2026-08-21,CNY-2027-before,TYO,162,3249,UO,UO652,0,NRT,2027-01-30 14:55,2027-01-30 20:00,245,,nonstop,0,2027-01-30,2027-02-07,2026-08-21 04:57:00
2026-08-21,CNY-2027-before,TYO,162,3449,UO,UO854,0,NRT,2027-01-30 02:00,2027-01-30 07:05,245,,nonstop,0,2027-01-30,2027-02-07,2026-08-21 04:57:00
2026-08-21,CNY-2027-before,TYO,162,3449,UO,UO848,0,NRT,2027-01-30 09:20,2027-01-30 14:25,245,,nonstop,0,2027-01-30,2027-02-07,2026-08-21 04:57:00
2026-08-21,CNY-2027-before,TYO,162,3519,UO,UO622,0,HND,2027-01-30 17:55,2027-01-30 22:45,230,,nonstop,0,2027-01-30,2027-02-07,2026-08-21 04:57:00
2026-08-21,CNY-2027-before,TYO,162,3519,UO,UO628,0,HND,2027-01-30 19:55,2027-01-31 00:45,230,,nonstop,0,2027-01-30,2027-02-07,2026-08-21 04:57:00
2026-08-21,CNY-2027-before,TYO,162,3899,UO,UO870,0,NRT,2027-01-30 10:50,2027-01-30 15:55,245,,nonstop,0,2027-01-30,2027-02-07,2026-08-21 04:57:00
2026-08-21,CNY-2027-before,TYO,162,4799,HB,HB320,0,NRT,2027-01-30 09:05,2027-01-30 14:10,245,,nonstop,1,2027-01-30,2027-02-07,2026-08-21 04:57:00
2026-08-21,CNY-2027-before,TYO,162,5196,NH,NH814,0,HND,2027-01-30 00:05,2027-01-30 04:55,230,,nonstop,1,2027-01-30,2027-02-07,2026-08-21 04:57:00
2026-08-21,CNY-2027-before,TYO,162,5657,NH,NH812,0,NRT,2027-01-30 10:00,2027-01-30 15:10,250,,nonstop,0,2027-01-30,2027-02-07,2026-08-21 04:57:00
2026-08-21,CNY-2027-before,TYO,162,6098,JL,JL28,0,HND,2027-01-30 00:10,2027-01-30 05:00,230,,nonstop,0,2027-01-30,2027-02-07,2026-08-21 04:57:00
2026-08-21,CNY-2027-before,TYO,162,6109,JL,JL736,0,NRT,2027-01-30 10:20,2027-01-30 15:20,240,,nonstop,0,2027-01-30,2027-02-07,2026-08-21 04:57:00
2026-08-21,CNY-2027-before,TYO,162,7178,JL,JL26,0,HND,2027-01-30 15:35,2027-01-30 20:25,230,,nonstop,0,2027-01-30,2027-02-07,2026-08-21 04:57:00
2026-08-21,CNY-2027-before,TYO,162,8246,NH,NH860,0,HND,2027-01-30 14:20,2027-01-30 19:15,235,,nonstop,0,2027-01-30,2027-02-07,2026-08-21 04:57:00
2026-08-21,CNY-2027-before,TYO,162,8749,CX,CX524,0,NRT,2027-01-30 01:25,2027-01-30 06:30,245,,nonstop,0,2027-01-30,2027-02-07,2026-08-21 04:57:00
2026-08-21,CNY-2027-before,TYO,162,8749,CX,CX504,0,NRT,2027-01-30 09:05,2027-01-30 14:10,245,,nonstop,0,2027-01-30,2027-02-07,2026-08-21 04:57:00
2026-08-21,CNY-2027-before,TYO,162,8749,CX,CX520,0,NRT,2027-01-30 10:30,2027-01-30 15:35,245,,nonstop,0,2027-01-30,2027-02-07,2026-08-21 04:57:00
2026-08-21,CNY-2027-before,TYO,162,8749,CX,CX500,0,NRT,2027-01-30 15:25,2027-01-30 20:20,235,,nonstop,0,2027-01-30,2027-02-07,2026-08-21 04:57:00
2026-08-21,CNY-2027-before,TYO,162,9490,CX,CX542,0,HND,2027-01-30 16:30,2027-01-30 21:15,225,,nonstop,0,2027-01-30,2027-02-07,2026-08-21 04:57:00
2026-08-21,CNY-2027-before,TYO,162,10759,CX,CX526,0,NRT,2027-01-30 08:15,2027-01-30 13:10,235,,nonstop,0,2027-01-30,2027-02-07,2026-08-21 04:57:00
2026-08-21,CNY-2027-before,TYO,162,11130,CX,CX548,0,HND,2027-01-30 08:55,2027-01-30 13:45,230,,nonstop,0,2027-01-30,2027-02-07,2026-08-21 04:57:00
2026-08-21,CNY-2027-before,SDJ,162,3519,UO,UO890,0,SDJ,2027-01-30 09:00,2027-01-30 14:05,245,,nonstop,0,2027-01-30,2027-02-07,2026-08-21 04:57:00
2026-08-21,CNY-2027-before,CTS,162,6413,HB,HB880,0,CTS,2027-01-30 09:15,2027-01-30 15:00,285,,nonstop,1,2027-01-30,2027-02-07,2026-08-21 04:57:00
2026-08-21,CNY-2027-before,CTS,162,17183,CX,CX580,0,CTS,2027-01-30 09:10,2027-01-30 14:50,280,,nonstop,0,2027-01-30,2027-02-07,2026-08-21 04:57:00
2026-08-21,CNY-2027-before,CTS,162,17183,CX,CX584,0,CTS,2027-01-30 10:25,2027-01-30 15:55,270,,nonstop,0,2027-01-30,2027-02-07,2026-08-21 04:57:00
2026-08-21,CNY-2027-before,CTS,162,17183,CX,CX586,0,CTS,2027-01-30 12:25,2027-01-30 17:50,265,,nonstop,0,2027-01-30,2027-02-07,2026-08-21 04:57:00
2026-08-21,CNY-2027-before,CTS,162,5280,NH,NH814>NH79,1,CTS,2027-01-30 00:05,2027-01-30 21:35,1230,HND,any,0,2027-01-30,2027-02-07,2026-08-21 04:57:00
2026-08-21,CNY-2027-before,CTS,162,5730,NH,NH814>NH57,1,CTS,2027-01-30 00:05,2027-01-30 11:05,600,HND,any,0,2027-01-30,2027-02-07,2026-08-21 04:57:00
2026-08-21,CNY-2027-before,CTS,162,6180,NH,NH814>NH987,1,CTS,2027-01-30 00:05,2027-01-30 08:00,415,HND,any,1,2027-01-30,2027-02-07,2026-08-21 04:57:00
2026-08-21,CNY-2027-before,CTS,162,6180,NH,NH812>NH2155,1,CTS,2027-01-30 10:00,2027-01-30 19:40,520,NRT,any,0,2027-01-30,2027-02-07,2026-08-21 04:57:00
2026-08-21,CNY-2027-before,CTS,162,6413,HB,HB880,0,CTS,2027-01-30 09:15,2027-01-30 15:00,285,,any,1,2027-01-30,2027-02-07,2026-08-21 04:57:00
2026-08-21,CNY-2027-before,CTS,162,7222,JL,JL28>JL501,1,CTS,2027-01-30 00:10,2027-01-30 08:00,410,HND,any,1,2027-01-30,2027-02-07,2026-08-21 04:57:00
2026-08-21,CNY-2027-before,CTS,162,7341,KE,KE2012>KE765,1,CTS,2027-01-30 00:55,2027-01-30 12:50,655,ICN,any,0,2027-01-30,2027-02-07,2026-08-21 04:57:00
2026-08-21,CNY-2027-before,CTS,162,15018,CX,CX580,0,CTS,2027-01-30 09:10,2027-01-30 14:50,280,,any,0,2027-01-30,2027-02-07,2026-08-21 04:57:00
2026-08-21,CNY-2027-before,CTS,162,15018,CX,CX584,0,CTS,2027-01-30 10:25,2027-01-30 15:55,270,,any,0,2027-01-30,2027-02-07,2026-08-21 04:57:00
2026-08-21,CNY-2027-before,CTS,162,15018,CX,CX586,0,CTS,2027-01-30 12:25,2027-01-30 17:50,265,,any,0,2027-01-30,2027-02-07,2026-08-21 04:57:00
2026-08-21,CNY-2027-before,HKD,162,5286,NH,NH814>NH553,1,HKD,2027-01-30 00:05,2027-01-30 11:05,600,HND,any,1,2027-01-30,2027-02-07,2026-08-21 04:57:00
2026-08-21,CNY-2027-before,HKD,162,5736,NH,NH812>NH559,1,HKD,2027-01-30 10:00,2027-01-30 19:45,525,NRT,any,1,2027-01-30,2027-02-07,2026-08-21 04:57:00
2026-08-21,CNY-2027-before,HKD,162,7999,JL,JL736>JL585,1,HKD,2027-01-30 10:20,2027-01-31 08:40,1280,NRT,any,0,2027-01-30,2027-02-07,2026-08-21 04:57:00
2026-08-21,CNY-2027-before,HKD,162,8335,NH,NH860>NH553,1,HKD,2027-01-30 14:20,2027-01-31 11:00,1180,HND,any,0,2027-01-30,2027-02-07,2026-08-21 04:57:00
2026-08-21,CNY-2027-before,HKD,162,9078,JL,JL26>JL585,1,HKD,2027-01-30 15:35,2027-01-31 08:40,965,HND,any,0,2027-01-30,2027-02-07,2026-08-21 04:57:00
2026-08-21,CNY-2027-before,HKD,162,10819,CX+JL,CX524>JL587,1,HKD,2027-01-30 01:25,2027-01-30 14:10,705,NRT,any,0,2027-01-30,2027-02-07,2026-08-21 04:57:00
2026-08-21,CNY-2027-before,HKD,162,12434,CX+NH,CX584>NH4857,1,HKD,2027-01-30 10:25,2027-01-30 18:35,430,CTS,any,0,2027-01-30,2027-02-07,2026-08-21 04:57:00
2026-08-21,CNY-2027-after,TYO,169,5179,UO,UO646,0,NRT,2027-02-06 13:00,2027-02-06 18:05,245,,nonstop,1,2027-02-06,2027-02-14,2026-08-21 04:57:00
2026-08-21,CNY-2027-after,TYO,169,5179,UO,UO650,0,NRT,2027-02-06 14:00,2027-02-06 19:05,245,,nonstop,1,2027-02-06,2027-02-14,2026-08-21 04:57:00
2026-08-21,CNY-2027-after,TYO,169,5179,UO,UO652,0,NRT,2027-02-06 14:55,2027-02-06 20:00,245,,nonstop,0,2027-02-06,2027-02-14,2026-08-21 04:57:00
2026-08-21,CNY-2027-after,TYO,169,5329,UO,UO628,0,HND,2027-02-06 19:55,2027-02-07 00:45,230,,nonstop,0,2027-02-06,2027-02-14,2026-08-21 04:57:00
2026-08-21,CNY-2027-after,TYO,169,5349,UO,UO624,0,HND,2027-02-06 23:55,2027-02-07 04:45,230,,nonstop,0,2027-02-06,2027-02-14,2026-08-21 04:57:00
2026-08-21,CNY-2027-after,TYO,169,5629,UO,UO854,0,NRT,2027-02-06 02:00,2027-02-06 07:05,245,,nonstop,0,2027-02-06,2027-02-14,2026-08-21 04:57:00
2026-08-21,CNY-2027-after,TYO,169,5779,UO,UO622,0,HND,2027-02-06 17:55,2027-02-06 22:45,230,,nonstop,0,2027-02-06,2027-02-14,2026-08-21 04:57:00
2026-08-21,CNY-2027-after,TYO,169,6179,UO,UO848,0,NRT,2027-02-06 09:20,2027-02-06 14:25,245,,nonstop,0,2027-02-06,2027-02-14,2026-08-21 04:57:00
2026-08-21,CNY-2027-after,TYO,169,6179,UO,UO870,0,NRT,2027-02-06 10:50,2027-02-06 15:55,245,,nonstop,0,2027-02-06,2027-02-14,2026-08-21 04:57:00
2026-08-21,CNY-2027-after,TYO,169,7598,JL,JL28,0,HND,2027-02-06 00:10,2027-02-06 05:00,230,,nonstop,1,2027-02-06,2027-02-14,2026-08-21 04:57:00
2026-08-21,CNY-2027-after,TYO,169,7598,JL,JL26,0,HND,2027-02-06 15:35,2027-02-06 20:25,230,,nonstop,0,2027-02-06,2027-02-14,2026-08-21 04:57:00
2026-08-21,CNY-2027-after,TYO,169,8776,NH,NH860,0,HND,2027-02-06 14:20,2027-02-06 19:15,235,,nonstop,0,2027-02-06,2027-02-14,2026-08-21 04:57:00
2026-08-21,CNY-2027-after,TYO,169,9546,NH,NH814,0,HND,2027-02-06 00:05,2027-02-06 04:55,230,,nonstop,0,2027-02-06,2027-02-14,2026-08-21 04:57:00
2026-08-21,CNY-2027-after,TYO,169,9969,HB,HB320,0,NRT,2027-02-06 09:05,2027-02-06 14:10,245,,nonstop,0,2027-02-06,2027-02-14,2026-08-21 04:57:00
2026-08-21,CNY-2027-after,TYO,169,10287,NH,NH812,0,NRT,2027-02-06 10:00,2027-02-06 15:10,250,,nonstop,0,2027-02-06,2027-02-14,2026-08-21 04:57:00
2026-08-21,CNY-2027-after,TYO,169,10439,CX,CX524,0,NRT,2027-02-06 01:25,2027-02-06 06:30,245,,nonstop,0,2027-02-06,2027-02-14,2026-08-21 04:57:00
2026-08-21,CNY-2027-after,TYO,169,10439,CX,CX504,0,NRT,2027-02-06 09:05,2027-02-06 14:10,245,,nonstop,0,2027-02-06,2027-02-14,2026-08-21 04:57:00
2026-08-21,CNY-2027-after,TYO,169,10439,CX,CX520,0,NRT,2027-02-06 10:30,2027-02-06 15:35,245,,nonstop,0,2027-02-06,2027-02-14,2026-08-21 04:57:00
2026-08-21,CNY-2027-after,TYO,169,10439,CX,CX500,0,NRT,2027-02-06 15:25,2027-02-06 20:20,235,,nonstop,0,2027-02-06,2027-02-14,2026-08-21 04:57:00
2026-08-21,CNY-2027-after,TYO,169,11109,JL,JL736,0,NRT,2027-02-06 10:20,2027-02-06 15:20,240,,nonstop,0,2027-02-06,2027-02-14,2026-08-21 04:57:00
2026-08-21,CNY-2027-after,TYO,169,11190,CX,CX542,0,HND,2027-02-06 16:30,2027-02-06 21:15,225,,nonstop,0,2027-02-06,2027-02-14,2026-08-21 04:57:00
2026-08-21,CNY-2027-after,TYO,169,12449,CX,CX526,0,NRT,2027-02-06 08:15,2027-02-06 13:10,235,,nonstop,0,2027-02-06,2027-02-14,2026-08-21 04:57:00
2026-08-21,CNY-2027-after,TYO,169,12830,CX,CX548,0,HND,2027-02-06 08:55,2027-02-06 13:45,230,,nonstop,0,2027-02-06,2027-02-14,2026-08-21 04:57:00
2026-08-21,CNY-2027-after,SDJ,169,8499,UO,UO890,0,SDJ,2027-02-06 09:00,2027-02-06 14:05,245,,nonstop,0,2027-02-06,2027-02-14,2026-08-21 04:57:00
2026-08-21,CNY-2027-after,SDJ,169,10464,HB,HB360,0,SDJ,2027-02-06 09:55,2027-02-06 15:20,265,,nonstop,0,2027-02-06,2027-02-14,2026-08-21 04:57:00
2026-08-21,CNY-2027-after,CTS,169,15353,HB,HB880,0,CTS,2027-02-06 09:15,2027-02-06 15:00,285,,nonstop,1,2027-02-06,2027-02-14,2026-08-21 04:57:00
2026-08-21,CNY-2027-after,CTS,169,17183,CX,CX580,0,CTS,2027-02-06 09:10,2027-02-06 14:50,280,,nonstop,1,2027-02-06,2027-02-14,2026-08-21 04:57:00
2026-08-21,CNY-2027-after,CTS,169,17183,CX,CX584,0,CTS,2027-02-06 10:25,2027-02-06 15:55,270,,nonstop,0,2027-02-06,2027-02-14,2026-08-21 04:57:00
2026-08-21,CNY-2027-after,CTS,169,17183,CX,CX586,0,CTS,2027-02-06 12:25,2027-02-06 17:50,265,,nonstop,0,2027-02-06,2027-02-14,2026-08-21 04:57:00
2026-08-21,CNY-2027-after,CTS,169,9482,JL,JL28>JL501,1,CTS,2027-02-06 00:10,2027-02-06 08:00,410,HND,any,1,2027-02-06,2027-02-14,2026-08-21 04:57:00
2026-08-21,CNY-2027-after,CTS,169,9482,JL,JL26>JL501,1,CTS,2027-02-06 15:35,2027-02-07 08:00,925,HND,any,0,2027-02-06,2027-02-14,2026-08-21 04:57:00
2026-08-21,CNY-2027-after,CTS,169,10660,NH,NH814>NH51,1,CTS,2027-02-06 00:05,2027-02-06 08:30,445,HND,any,1,2027-02-06,2027-02-14,2026-08-21 04:57:00
2026-08-21,CNY-2027-after,CTS,169,11260,NH,NH814>NH987,1,CTS,2027-02-06 00:05,2027-02-06 08:00,415,HND,any,0,2027-02-06,2027-02-14,2026-08-21 04:57:00
2026-08-21,CNY-2027-after,CTS,169,14909,CI,CI924>CI2130,1,CTS,2027-02-06 21:10,2027-02-07 09:40,690,TPE,any,0,2027-02-06,2027-02-14,2026-08-21 04:57:00
2026-08-21,CNY-2027-after,CTS,169,15018,CX,CX580,0,CTS,2027-02-06 09:10,2027-02-06 14:50,280,,any,1,2027-02-06,2027-02-14,2026-08-21 04:57:00
2026-08-21,CNY-2027-after,CTS,169,15018,CX,CX584,0,CTS,2027-02-06 10:25,2027-02-06 15:55,270,,any,0,2027-02-06,2027-02-14,2026-08-21 04:57:00
2026-08-21,CNY-2027-after,CTS,169,15018,CX,CX586,0,CTS,2027-02-06 12:25,2027-02-06 17:50,265,,any,0,2027-02-06,2027-02-14,2026-08-21 04:57:00
2026-08-21,CNY-2027-after,CTS,169,15353,HB,HB880,0,CTS,2027-02-06 09:15,2027-02-06 15:00,285,,any,1,2027-02-06,2027-02-14,2026-08-21 04:57:00
2026-08-21,CNY-2027-after,HKD,169,9166,NH,NH860>NH557,1,HKD,2027-02-06 14:20,2027-02-07 18:15,1615,HND,any,0,2027-02-06,2027-02-14,2026-08-21 04:57:00
2026-08-21,CNY-2027-after,HKD,169,9208,JL,JL26>JL585,1,HKD,2027-02-06 15:35,2027-02-07 08:40,965,HND,any,1,2027-02-06,2027-02-14,2026-08-21 04:57:00
2026-08-21,CNY-2027-after,HKD,169,9485,NH,NH860>NH553,1,HKD,2027-02-06 14:20,2027-02-07 11:00,1180,HND,any,0,2027-02-06,2027-02-14,2026-08-21 04:57:00
2026-08-21,CNY-2027-after,HKD,169,9635,NH,NH812>NH559,1,HKD,2027-02-06 10:00,2027-02-06 19:45,525,NRT,any,1,2027-02-06,2027-02-14,2026-08-21 04:57:00
2026-08-21,CNY-2027-after,HKD,169,9935,NH,NH814>NH555,1,HKD,2027-02-06 00:05,2027-02-06 14:10,785,HND,any,0,2027-02-06,2027-02-14,2026-08-21 04:57:00
2026-08-21,CNY-2027-after,HKD,169,10665,NH,NH814>NH553,1,HKD,2027-02-06 00:05,2027-02-06 11:00,595,HND,any,0,2027-02-06,2027-02-14,2026-08-21 04:57:00
2026-08-21,CNY-2027-after,HKD,169,12779,CX+JL,CX524>JL587,1,HKD,2027-02-06 01:25,2027-02-06 14:10,705,NRT,any,0,2027-02-06,2027-02-14,2026-08-21 04:57:00
2026-08-21,CNY-2027-after,HKD,169,12779,CX+JL,CX524>JL589,1,HKD,2027-02-06 01:25,2027-02-06 18:20,955,NRT,any,0,2027-02-06,2027-02-14,2026-08-21 04:57:00
2026-08-21,CNY-2027-after,HKD,169,13691,CX+JL,CX566>JL2123,1,HKD,2027-02-06 01:50,2027-02-06 13:15,625,KIX,any,0,2027-02-06,2027-02-14,2026-08-21 04:57:00
2026-08-21,CNY-2027-after,HKD,169,14394,CX+NH,CX580>NH4857,1,HKD,2027-02-06 09:10,2027-02-06 18:35,505,CTS,any,0,2027-02-06,2027-02-14,2026-08-21 04:57:00
